date,open_SPY,high_SPY,low_SPY,close_SPY,volume_SPY,open_VIX,high_VIX,low_VIX,close_VIX,volume_VIX,yield_curve_10y2y,credit_spread_baa_aaa,open_MOVE,high_MOVE,low_MOVE,close_MOVE,volume_MOVE,open_TLT,high_TLT,low_TLT,close_TLT,volume_TLT
2021-03-23,367.0368956527284,368.4885113362142,363.9931613777038,364.7798461914063,90686600.0,19.459999084472656,21.57999992370605,18.799999237060547,20.299999237060547,0.0,0.0148,0.007,900.0,1117.5,832.5,990.0,10781.0,116.68727866633203,117.4988502426097,116.31138959047888,117.45614624023438,16768400.0
2021-03-24,366.1846847460537,367.8236187570655,362.8787218556425,362.925537109375,97588600.0,20.63999938964844,21.489999771118164,19.299999237060547,21.200000762939453,0.0,0.0148,0.007,988.5,993.0,789.0,804.0,2792.0,117.08877144345344,118.13100438257617,116.99479919368316,118.08828735351562,13863000.0
2021-03-25,361.4833173294105,365.7632549664957,359.5353110691454,364.96722412109375,116128600.0,20.799999237060547,23.549999237060547,19.809999465942383,19.809999465942383,0.0,0.0149,0.007,813.0,876.4500122070312,787.5,787.5,1720.0,118.22502652749652,118.45568815344504,117.11444848025512,117.15716552734376,20782000.0
2021-03-26,366.1191203770628,371.2513354528067,365.5197536581224,370.8486328125,114409100.0,19.31999969482422,21.489999771118164,18.68000030517578,18.86000061035156,0.0,0.0153,0.007,825.0,872.7000122070312,793.5,846.0,1453.0,116.5420363783938,117.24255921003392,116.37118128434268,116.7470703125,8433300.0
2021-03-29,369.3688948067096,371.5697547729306,367.87980961613647,370.6613159179688,108107600.0,20.399999618530277,21.600000381469727,19.420000076293945,20.739999771118164,0.0,0.0159,0.007,870.0,900.0,817.5,870.0,1038.0,116.89235512604525,116.90944455445458,115.30337720475336,115.7561492919922,13968100.0
2021-03-30,369.3875943515062,370.35222281435466,368.0764244495289,369.6779174804688,76262200.0,20.76000022888184,21.75,19.46999931335449,19.61000061035156,0.0,0.0157,0.007,894.2999877929688,894.2999877929688,825.0,855.0,489.0,115.58525746559071,116.61893943685328,115.33750645616028,116.36266326904295,15020800.0
2021-03-31,370.24917149456826,372.7403541757832,370.2210766312015,371.1763305664063,112734200.0,19.799999237060547,20.11000061035156,18.850000381469727,19.399999618530277,0.0,0.0158,0.007,831.0,874.5,817.5,831.0,441.0,116.47371821592856,116.68729039090368,115.3118850626475,115.7134017944336,19271300.0
2021-04-01,373.1150826333132,375.2410327787885,372.9090440416976,375.184814453125,99682900.0,18.600000381469727,18.63999938964844,17.290000915527344,17.329999923706055,0.0,0.0152,0.007,822.0,855.0,810.0,828.0,379.0,116.81265682834196,117.7279890374574,116.59879257675335,117.6338882446289,14885900.0
2021-04-02,373.1150826333132,375.2410327787885,372.9090440416976,375.184814453125,99682900.0,18.600000381469727,18.63999938964844,17.290000915527344,17.329999923706055,0.0,0.0153,0.007,822.0,855.0,810.0,828.0,379.0,116.81265682834196,117.7279890374574,116.59879257675335,117.6338882446289,14885900.0
2021-04-05,377.8539124789563,381.1130603362482,377.77900235176537,380.5698547363281,91684800.0,18.15999984741211,18.399999618530277,17.350000381469727,17.90999984741211,0.0,0.0156,0.007,864.0,885.0,815.8499755859375,859.5,340.0,116.81266329546656,117.17195369163832,116.29083397057067,117.1206283569336,8243000.0
2021-04-06,380.0079543326237,381.3940060302929,379.6707873110672,380.3450927734375,62021000.0,18.06999969482422,18.299999237060547,17.3700008392334,18.1200008392334,0.0,0.0151,0.007,859.5,903.0,852.0,897.0,545.0,117.33446382467804,118.03593164888942,117.2061374661708,117.91616821289062,9282400.0
2021-04-07,380.1764761224712,381.1317301663428,379.71758377503375,380.78521728515625,55836300.0,17.989999771118164,18.170000076293945,16.8700008392334,17.15999984741211,0.0,0.0152,0.007,928.5,996.0,873.0,996.0,529.0,117.58261276275908,118.1386678845758,117.09500885009766,117.09500885009766,11052700.0
2021-04-08,382.0401609843189,382.6489021342962,381.1036273441264,382.59271240234375,57863100.0,16.920000076293945,17.360000610351562,16.549999237060547,16.950000762939453,0.0,0.015,0.007,990.0,990.0,900.0,975.0,563.0,117.5312358312265,118.11295337457128,117.50557316567696,118.06161499023438,7847900.0
2021-04-09,382.471035788063,385.54286537621095,382.3492818264006,385.374267578125,61104600.0,17.049999237060547,17.34000015258789,16.200000762939453,16.690000534057617,0.0,0.0151,0.007,975.0,975.0,924.0,929.25,236.0,117.62533837373104,118.21560579663368,117.2745978683486,117.6338882446289,8717800.0
2021-04-12,384.7748703761354,385.786314180877,384.1661291967522,385.5147399902344,56704900.0,17.43000030517578,17.90999984741211,16.809999465942383,16.90999984741211,0.0,0.0151,0.007,933.0,933.0,886.5,915.0,201.0,117.59112060197732,117.65099580207284,117.2831555712702,117.58255767822266,7659000.0
2021-04-13,385.4117407781049,387.2848083159337,385.02775850316095,386.6573181152344,56551000.0,16.989999771118164,17.860000610351562,16.43000030517578,16.649999618530273,0.0,0.0148,0.007,915.0,915.0,865.5,901.5,281.0,117.4542813248683,118.48937727247625,117.3687303798177,118.46371459960938,13232800.0
2021-04-14,386.629153835871,387.6874413776743,384.7935559809421,385.3367614746094,61659900.0,16.709999084472656,17.690000534057617,15.380000114440918,16.989999771118164,0.0,0.0148,0.007,898.5,898.5,826.5,882.0,647.0,118.07871514479312,118.25836683764626,117.68521227966556,118.08726501464844,7293200.0
2021-04-15,387.4813449270554,389.7477684777227,387.4345296863085,389.4761657714844,60229800.0,16.780000686645508,16.920000076293945,15.9399995803833,16.56999969482422,0.0,0.014,0.007,885.0,885.0,840.0,847.5,172.0,119.32772186048167,120.60234465251423,119.30205919038976,120.06341552734376,23896700.0
2021-04-16,390.7686711718235,391.3867868195432,389.3451502920912,390.7780456542969,82037300.0,16.649999618530273,16.8799991607666,16.049999237060547,16.25,0.0,0.0143,0.007,834.0,834.9000244140625,798.0,822.0,400.0,118.99408009170364,119.53300915344788,118.84864090731256,119.13094329833984,15238400.0
2021-04-19,389.8415012475082,390.2910191020154,387.52826201872847,388.8581237792969,78498500.0,17.040000915527344,18.61000061035156,16.780000686645508,17.290000915527344,0.0,0.0145,0.007,822.0,822.0,795.0,801.0,175.0,118.68606854916332,119.17367208578996,118.5235296858766,118.7887191772461,13886800.0
2021-04-20,387.6406372471208,388.7457400683616,384.5313387439712,386.0110778808594,81851800.0,17.360000610351562,19.700000762939453,17.239999771118164,18.68000030517578,0.0,0.0143,0.007,810.0,810.0,780.0,780.0,103.0,118.43801785352152,119.55866442378326,118.42090505878625,119.33625030517578,11476500.0
2021-04-21,385.3929829340343,389.8696127711152,385.2524800177592,389.66357421875,66793000.0,18.479999542236328,19.290000915527344,16.90999984741211,17.5,0.0,0.0142,0.007,796.5,812.25,795.0,802.5,40.0,119.37046077293212,119.68698873047988,118.9684080029033,119.57577514648438,11902200.0
2021-04-22,389.4950123134233,390.328512440376,385.0371027773135,386.104736328125,97582800.0,17.280000686645508,19.899999618530277,16.989999771118164,18.709999084472656,0.0,0.0141,0.007,802.5,835.5,802.5,825.0,58.0,119.76399797447972,120.09762573242188,119.07962966112042,120.09762573242188,14156400.0
2021-04-23,386.6666955199945,391.7052518077385,386.5917853934421,390.29107666015625,73209200.0,18.559999465942383,18.780000686645508,16.799999237060547,17.329999923706055,0.0,0.0142,0.007,846.0,873.75,774.0,795.4500122070312,197.0,120.08908306844228,120.1660710818408,119.32772670060643,119.8153305053711,12302200.0
2021-04-26,390.9466402329911,391.67713539485504,390.35661941365066,391.1058349609375,52182400.0,17.940000534057617,18.170000076293945,16.8700008392334,17.639999389648438,0.0,0.014,0.007,816.0,823.5,799.5,804.5999755859375,81.0,119.89230288055842,120.2002679472236,119.63567620270322,119.64422607421876,9103500.0
2021-04-27,391.40549711447903,391.6021897569146,389.8789427091072,391.0215148925781,51303100.0,17.6200008392334,18.15999984741211,16.969999313354492,17.559999465942383,0.0,0.0146,0.007,823.5,825.0,795.0,817.5,194.0,119.41324462355672,119.610009140335,118.5064622531472,118.6005630493164,14137300.0
2021-04-28,391.2931619528754,392.41701387986393,390.4409128147117,390.9091796875,51238900.0,17.469999313354492,17.84000015258789,16.670000076293945,17.280000686645508,0.0,0.0146,0.007,825.0,864.0,816.0,864.0,223.0,118.60912076507287,118.8144351666316,118.01886633541532,118.67755889892578,15263700.0
2021-04-29,393.6437764159888,394.0183841082512,390.0100217814999,393.4002685546875,78544300.0,16.8799991607666,18.8700008392334,16.770000457763672,17.610000610351562,0.0,0.0149,0.007,840.0,840.0,787.5,825.0,259.0,117.58253356995657,118.36100238424872,117.30879418391878,118.32678985595705,17178200.0
2021-04-30,391.1245322985736,391.9767813050414,389.9163959508624,390.8154602050781,85527000.0,17.670000076293945,19.25,17.639999389648438,18.61000061035156,0.0,0.0149,0.007,823.5,825.0,795.0,819.0,188.0,118.48934945750594,118.67755104984435,118.0359582723012,118.6005630493164,15692000.0
2021-05-01,391.1245322985736,391.9767813050414,389.9163959508624,390.8154602050781,85527000.0,17.670000076293945,19.25,17.639999389648438,18.61000061035156,0.0,0.0149,0.0066,823.5,825.0,795.0,819.0,188.0,118.48934945750594,118.67755104984435,118.0359582723012,118.6005630493164,15692000.0
2021-05-03,392.8103349425953,393.1943172010252,391.1620550150992,391.6584167480469,68128300.0,18.649999618530277,19.1200008392334,17.799999237060547,18.309999465942383,0.0,0.0147,0.0066,811.5,823.5,795.0,808.5,115.0,118.8258402292555,119.6397132506964,118.46602309574612,118.67163848876952,16447700.0
2021-05-04,389.6636086069614,390.1599703568176,385.54286577673696,389.2421569824219,101591200.0,18.15999984741211,21.850000381469727,18.11000061035156,19.479999542236328,0.0,0.0145,0.0066,825.0,825.0,783.0,799.5,145.0,119.50267478284574,120.07666983722616,119.219958459516,119.47697448730467,18639700.0
2021-05-05,390.8904767655513,391.12461021240586,388.80199613054106,389.3639221191406,60162200.0,18.84000015258789,19.57999992370605,17.889999389648438,19.149999618530277,0.0,0.0143,0.0066,804.0,807.0,781.2000122070312,807.0,82.0,119.10862415907629,119.81113401339272,119.01438535111632,119.67405700683594,11127900.0
2021-05-06,389.4388167807709,392.604305429452,387.4252749339344,392.4732055664063,74321400.0,18.40999984741211,20.600000381469727,18.209999084472656,18.38999938964844,0.0,0.0142,0.0066,820.5,820.5,778.5,795.0,189.0,119.29705295002717,120.10236369347848,119.25421476896275,119.8710479736328,21907600.0
2021-05-07,393.2411380426792,395.98517484775925,392.5574581716832,395.32958984375,67733800.0,18.450000762939453,18.56999969482422,16.68000030517578,16.690000534057617,0.0,0.0146,0.0066,778.5,802.5,778.5,781.5,117.0,120.0252472483886,120.45360285873636,119.00575880418084,119.27989959716795,18346900.0
2021-05-10,395.68547774679007,395.9102366829871,391.2931325239228,391.4148864746094,81852400.0,17.34000015258789,19.75,17.06999969482422,19.65999984741211,0.0,0.0147,0.0066,789.0,798.0,772.5,772.5,140.0,119.04005842787352,119.29707448828476,117.96060666100216,118.07198333740234,15146200.0
2021-05-11,386.8820921309742,388.9143543332636,384.0350215703877,387.921630859375,116888000.0,21.170000076293945,23.729999542236328,20.709999084472656,21.84000015258789,0.0,0.0148,0.0066,772.5,793.5,772.5,787.5,147.0,117.56648664827624,117.78066447074316,117.17240677546816,117.4037094116211,15158600.0
2021-05-12,385.1307475097692,386.4044195693384,378.3595988550545,379.68011474609375,134811000.0,22.420000076293945,28.3799991607666,21.65999984741211,27.59000015258789,0.0,0.0153,0.0066,772.5,787.5,772.5,774.0,178.0,117.08674120043814,117.19811786153858,115.96445139893638,116.1700668334961,20859400.0
2021-05-13,381.2347930730612,386.1796900338634,381.1879492380252,384.2410583496094,106394000.0,26.030000686645508,28.93000030517578,22.229999542236328,23.1299991607666,0.0,0.015,0.0066,772.5,780.0,750.0,750.0,725.0,116.45274622839337,116.82970124501853,116.1957433283084,116.34994506835938,13073900.0
2021-05-14,386.985030226416,390.993392781113,386.95693536241697,390.1411437988281,82201600.0,21.770000457763672,22.100000381469727,18.65999984741211,18.809999465942383,0.0,0.0147,0.0066,750.0,772.5,750.0,772.5,210.0,116.96680204370264,117.43799591064452,116.70122361116576,117.43799591064452,17566700.0
2021-05-17,389.0267426458756,389.96327633452273,387.1255518204116,389.1484680175781,65129200.0,19.88999938964844,21.57999992370605,19.670000076293945,19.71999931335449,0.0,0.0148,0.0066,766.5,768.75,750.0,750.0,81.0,117.22379755881032,117.51507623563764,117.00105734812637,117.18952178955078,6113800.0
2021-05-18,389.410629478329,389.6541373414244,385.6364005040264,385.7956237792969,59810200.0,18.88999938964844,21.450000762939453,18.809999465942383,21.34000015258789,0.0,0.0148,0.0066,750.0,757.5,750.0,751.5,223.0,116.85545657643362,117.0011090515877,116.57275325318086,116.88973236083984,11423100.0
2021-05-19,381.0943542868471,384.962214952343,379.6052403632547,384.7842712402344,106467100.0,22.459999084472656,25.959999084472656,21.8799991607666,22.18000030517578,0.0,0.0152,0.0066,750.0,787.5,735.0,742.5,173.0,116.97538958038226,117.6264987263493,116.18721652107872,116.60700988769533,14296000.0
2021-05-20,385.6645888163089,390.1880628574661,385.54286343600126,388.9237365722656,78022200.0,22.32999992370605,23.5,20.190000534057617,20.670000076293945,0.0,0.0148,0.0066,750.0,825.0,742.5,787.5,148.0,117.16387282556131,117.78928170095531,117.08677191951487,117.5665283203125,13310500.0
2021-05-21,390.4128194386064,391.6584253302021,388.1464237708593,388.6053161621094,76578700.0,20.420000076293945,20.88999938964844,19.530000686645508,20.149999618530277,0.0,0.0146,0.0066,766.5,784.5,751.5,765.0,64.0,117.9349037779033,117.9691664847634,117.42087166834476,117.94346618652344,10171600.0
2021-05-24,390.8529608640106,393.6438415072132,390.609452962444,392.56683349609375,51376700.0,20.5,20.51000022888184,18.3799991607666,18.399999618530277,0.0,0.0146,0.0066,766.5,766.5,747.0,748.5,137.0,118.21763738950624,118.72309409185668,118.13196100127874,118.38040161132812,6868700.0
2021-05-25,393.6531525608854,394.00903989913496,391.1151545265216,391.69580078125,57451400.0,18.350000381469727,19.290000915527344,16.8700008392334,18.84000015258789,0.0,0.0141,0.0066,750.0,765.0,747.0,762.0,39.0,118.76590247511989,119.51123719056667,118.75732699502072,119.47697448730467,12346900.0
2021-05-26,392.2858873840644,392.9789132133939,391.2463486400701,392.4732055664063,43088600.0,18.3700008392334,18.920000076293945,17.350000381469727,17.360000610351562,0.0,0.0144,0.0066,756.0,771.0,747.0,771.0,264.0,119.58834898959802,119.86250293022329,118.98009117645222,119.27136993408205,9793700.0
2021-05-27,393.5033839792261,394.0184660906669,392.3982524731179,392.6792297363281,56707700.0,18.030000686645508,18.170000076293945,16.520000457763672,16.739999771118164,0.0,0.0147,0.0066,765.0,768.75,752.25,765.0,59.0,118.65451088902635,118.81728812189844,118.21759284740392,118.79158782958984,10695200.0
2021-05-28,394.25256120863554,394.5147894803722,393.1474583906552,393.381591796875,58520200.0,16.799999237060547,16.860000610351562,15.899999618530272,16.760000228881836,0.0,0.0144,0.0066,766.5,770.25,751.5,751.5,107.0,118.72311141984116,119.3399449024397,118.51749590151388,118.6031723022461,10258000.0
2021-05-31,394.25256120863554,394.5147894803722,393.1474583906552,393.381591796875,58520200.0,16.799999237060547,16.860000610351562,15.899999618530272,16.760000228881836,0.0,0.0144,0.0066,766.5,770.25,751.5,751.5,107.0,118.72311141984116,119.3399449024397,118.51749590151388,118.6031723022461,10258000.0
2021-06-01,395.7510371233868,395.89151145679193,392.59492324968153,393.03509521484375,54216600.0,17.239999771118164,18.530000686645508,15.68000030517578,17.899999618530273,0.0,0.0146,0.0065,750.0,763.5,741.0,748.5,204.0,118.24196301333626,118.61944774275568,117.7529281753896,118.5765609741211,11778500.0
2021-06-02,393.690698113344,394.49613202119497,392.67925421266847,393.6532287597656,49097100.0,17.860000610351562,18.309999465942383,16.739999771118164,17.479999542236328,0.0,0.0146,0.0065,757.5,757.5,736.5,741.0,88.0,118.86822914720776,119.07412747665148,118.67090555109222,118.85106658935548,7347900.0
2021-06-03,391.3306656259086,393.3348331552268,389.86030065702096,392.1922607421875,58138800.0,17.729999542236328,19.270000457763672,17.450000762939453,18.040000915527344,0.0,0.0147,0.0065,735.0,762.0,735.0,748.5,67.0,118.83391007388838,118.83391007388838,118.26767654793076,118.40493774414062,10994000.0
2021-06-04,394.046551239309,396.07884192817824,392.2577684564008,395.7791442871094,55938800.0,18.09000015258789,18.420000076293945,16.18000030517578,16.420000076293945,0.0,0.0142,0.0065,737.25,760.5,735.0,760.5,111.0,118.84248128943013,120.02643585205078,118.84248128943013,120.02643585205078,15773700.0
2021-06-07,395.7697493431614,395.94769302205015,394.458607957196,395.3951416015625,51555000.0,17.34000015258789,17.350000381469727,15.779999732971191,16.420000076293945,0.0,0.0141,0.0065,760.5,760.5,735.0,745.5,223.0,119.76048089880058,119.86344315051532,119.52884528763208,119.65753173828124,7799800.0
2021-06-08,396.2567720889371,396.3504311779216,393.6438635649378,395.4794616699219,47134300.0,16.579999923706055,17.75,15.149999618530272,17.06999969482422,0.0,0.0139,0.0065,747.0,750.0,736.5,744.75,237.0,120.67850330772951,120.67850330772951,120.29243081524358,120.49832916259766,11230900.0
2021-06-09,396.3223302537251,396.3972689560642,394.66467586891736,394.8894348144531,48436300.0,17.18000030517578,17.959999084472656,15.550000190734863,17.889999389648438,0.0,0.0134,0.0065,742.5,745.5,741.0,742.5,111.0,121.62222888351364,121.95682677339973,121.18468182479994,121.56217956542967,12768300.0
2021-06-10,396.11623447588136,397.680258127959,394.7957187001208,396.7249755859375,51020100.0,18.18000030517578,18.290000915527344,16.010000228881836,16.100000381469727,0.0,0.0131,0.0065,745.5,763.5,735.0,754.5,587.0,120.82434201847973,122.30858254079004,120.69564247117442,122.29141998291016,19698300.0
2021-06-11,397.2775492259465,397.4929336539654,395.985128334888,397.3805541992188,45570800.0,16.18000030517578,16.200000762939453,15.149999618530272,15.649999618530272,0.0,0.0131,0.0065,754.5,777.2999877929688,754.5,772.5,148.0,122.0940933227539,122.17130519448204,121.69085831546842,122.0940933227539,8646700.0
2021-06-14,397.4929552839291,398.37329916833056,396.24737815172665,398.2702941894531,42358500.0,16.040000915527344,17.040000915527344,15.039999961853027,16.389999389648438,0.0,0.0135,0.0065,780.0,780.0,757.5,771.0,415.0,121.91394632601386,121.91394632601386,120.97877665969072,121.15895080566406,9401300.0
2021-06-15,398.4201082118364,398.4575489750296,396.6594205967574,397.5397644042969,51508500.0,16.270000457763672,17.350000381469727,16.139999389648438,17.020000457763672,0.0,0.0135,0.0065,777.0,778.5,735.0,742.5,703.0,120.7986287322638,121.04742696058152,120.52408011641116,121.01311492919922,18207300.0
2021-06-16,397.6803041304565,397.9050630695261,393.2692384667754,395.3202209472656,80386100.0,16.989999771118164,19.11000061035156,16.420000076293945,18.149999618530277,0.0,0.0136,0.0065,736.5,765.0,712.5,750.0,1192.0,121.31337604985453,121.54502478573848,120.29243284751584,120.91014099121094,19676300.0
2021-06-17,394.908138264524,396.17243576818447,392.7072785740148,395.1890869140625,90949700.0,18.489999771118164,19.21999931335449,16.709999084472656,17.75,0.0,0.0129,0.0065,759.0,781.5,757.5,775.5,332.0,121.708090069617,124.34197466855066,121.51934110394971,122.720458984375,35225800.0
2021-06-18,394.908138264524,396.17243576818447,392.7072785740148,395.1890869140625,90949700.0,18.489999771118164,19.21999931335449,16.709999084472656,17.75,0.0,0.0119,0.0065,759.0,781.5,757.5,775.5,332.0,121.708090069617,124.34197466855066,121.51934110394971,122.720458984375,35225800.0
2021-06-21,391.6242317543802,395.6269263335311,390.8067865063544,395.4389953613281,72822000.0,21.739999771118164,21.81999969482422,17.809999465942383,17.889999389648438,0.0,0.0123,0.0065,744.0,744.0,724.5,733.5,328.0,123.87864284492294,123.9644425570366,122.70326271791446,122.93489837646484,16485000.0
2021-06-22,395.4296600028668,398.389386740263,394.70615149146886,397.5531311035156,57700300.0,17.90999984741211,18.31999969482422,15.760000228881836,16.65999984741211,0.0,0.0123,0.0065,734.25,735.0,678.0,702.0,512.0,121.97399633113218,123.26948811427177,121.93109647792684,123.23517608642578,14530200.0
2021-06-23,397.6283337847362,398.4363740041373,396.9894142613617,397.073974609375,49445400.0,16.25,16.84000015258789,14.859999656677246,16.31999969482422,0.0,0.0124,0.0065,691.5,718.5,661.5,688.5,782.0,122.78047319623,123.11507112371972,122.43730053410648,122.9177474975586,12040900.0
2021-06-24,399.225635649198,399.8457448281696,398.9719259471938,399.4229431152344,45110300.0,15.989999771118164,16.049999237060547,14.1899995803833,15.970000267028809,0.0,0.0123,0.0065,718.5,772.5,688.5,750.0,495.0,123.0464370053591,123.4582468282954,122.9692251181582,123.11507415771484,8788400.0
2021-06-25,400.174690477139,401.2928141340568,399.845825517884,400.841796875,58129500.0,16.040000915527344,16.170000076293945,15.210000038146973,15.619999885559082,0.0,0.0126,0.0065,750.0,762.0,702.0,753.0,487.0,122.90913112349196,123.0292428364565,121.28761645287304,121.83670043945312,15562200.0
2021-06-28,401.3679429641706,401.81893148712265,400.1652591125572,401.6498107910156,53159600.0,16.06999969482422,16.459999084472656,15.390000343322754,15.760000228881836,0.0,0.0124,0.0065,753.0,753.0,705.1500244140625,748.5,541.0,122.44591197476718,123.37249414970292,122.42874940915677,123.08937072753906,11460700.0
2021-06-29,402.03499591780417,402.6739153566939,401.33029776996494,401.8658752441406,35970500.0,15.6899995803833,16.309999465942383,14.100000381469728,16.020000457763672,0.0,0.0122,0.0065,729.5999755859375,742.5,727.5,736.5,55.0,122.7718727121334,123.30379415422212,122.72038504153548,123.29521942138672,11217900.0
2021-06-30,401.4054988705683,402.8806740439344,401.3773120884002,402.20416259765625,64827900.0,16.18000030517578,17.309999465942383,15.579999923706056,15.829999923706056,0.0,0.012,0.0065,741.0,765.0,727.5,763.5,277.0,123.75852249844137,124.34191860842022,123.60409873681066,123.84432220458984,15708900.0
2021-07-01,402.96526015847866,404.5907744987678,402.8994814377987,404.4310302734375,53441000.0,15.619999885559082,16.010000228881836,15.3100004196167,15.479999542236328,0.0,0.0123,0.0067,763.5,765.0,756.0,762.0,53.0,123.6879187741404,123.97141120979826,123.3013429467031,123.85114288330078,10810000.0
2021-07-02,405.5960838218622,407.8792989685119,404.5155237085029,407.5222473144531,57697700.0,15.529999732971191,15.539999961853027,14.25,15.06999969482422,0.0,0.012,0.0067,763.5,853.5,763.5,810.0,758.0,123.9027627449022,124.59860229492188,123.7996792880912,124.59860229492188,9650200.0
2021-07-05,405.5960838218622,407.8792989685119,404.5155237085029,407.5222473144531,57697700.0,15.529999732971191,15.539999961853027,14.25,15.06999969482422,0.0,0.012,0.0067,763.5,853.5,763.5,810.0,758.0,123.9027627449022,124.59860229492188,123.7996792880912,124.59860229492188,9650200.0
2021-07-06,407.57869308441616,407.79481088022624,404.0364200440292,406.780029296875,68710400.0,15.770000457763672,17.940000534057617,15.729999542236328,16.440000534057617,0.0,0.0115,0.0067,802.5,807.0,727.5,766.5,269.0,125.1826813732987,126.2736952276111,125.1826813732987,126.05892944335938,20037200.0
2021-07-07,407.4659236755757,408.4994868338858,405.4457944463871,408.2175903320313,63549500.0,16.43000030517578,17.639999389648438,16.079999923706055,16.200000762939453,0.0,0.0111,0.0067,766.5,777.0,705.0,724.5,253.0,126.77199535468148,127.62245975235297,126.4713179139634,127.17574310302734,20964400.0
2021-07-08,402.8806657894251,405.6524902342203,401.6967636141339,404.8914184570313,97595200.0,17.739999771118164,21.290000915527344,17.739999771118164,19.0,0.0,0.0111,0.0067,763.5,763.5,726.0,735.0,81.0,127.89735319813184,128.37842656723828,127.28741246412936,127.67398834228516,17487800.0
2021-07-09,406.4042044959093,409.5142706843359,404.6941297476529,409.2135925292969,76238600.0,17.8799991607666,18.1299991607666,16.079999923706055,16.18000030517578,0.0,0.0114,0.0067,729.0,751.5,723.0,748.5,333.0,126.17067193487134,126.2737684847421,125.84423666704782,125.87859344482422,14483600.0
2021-07-12,409.1290213300447,410.93306153821294,408.6968144150368,410.6793518066406,52889600.0,16.850000381469727,17.520000457763672,16.139999389648438,16.170000076293945,0.0,0.0115,0.0067,748.5,748.5,724.3499755859375,748.5,33.0,126.35963723550424,126.47990559181405,125.5693004500018,125.71533966064452,10610400.0
2021-07-13,409.8900906791253,411.3934527310656,409.0162717016352,409.27935791015625,52911300.0,16.389999389648438,17.229999542236328,15.9399995803833,17.1200008392334,0.0,0.0116,0.0067,720.0,780.0,720.0,757.5,323.0,126.12776520331676,126.67756556240263,124.2549991278754,124.75325775146484,23340200.0
2021-07-14,410.9799818157925,411.4685909161108,408.64039298286,409.8900451660156,64130400.0,17.34000015258789,17.510000228881836,15.949999809265137,16.329999923706055,0.0,0.0114,0.0067,754.5,754.5,729.1500244140625,741.0,31.0,125.43180605634664,126.21355667034946,125.25999604766534,126.17060089111328,16038600.0
2021-07-15,408.54645535264586,409.22296681332864,406.5826996884717,408.4900817871094,55126400.0,16.700000762939453,18.09000015258789,16.559999465942383,17.010000228881836,0.0,0.0108,0.0067,721.5,738.75,705.0,720.0,137.0,127.09837735362564,127.65677620867366,126.30804090987324,127.5622787475586,18462400.0
2021-07-16,409.67394399277407,409.7209124013847,404.89139582198015,405.2860107421875,75874700.0,16.799999237060547,18.700000762939453,16.030000686645508,18.450000762939453,0.0,0.0106,0.0067,720.0,720.0,693.0,720.0,136.0,126.57440611364272,127.4334695672848,126.55723428252284,127.3218002319336,12787900.0
2021-07-19,400.4471526449849,405.3518538666455,396.4820491387823,399.30084228515625,147987000.0,19.61000061035156,25.09000015258789,19.270000457763672,22.5,0.0,0.0098,0.0067,720.0,754.5,708.0,708.0,47.0,129.67566915139034,130.53473289284807,129.3921765437166,130.11380004882812,40203900.0
2021-07-20,399.96790941735486,406.3008168970858,399.1692457026754,405.02294921875,99608200.0,20.88999938964844,22.96999931335449,19.3700008392334,19.729999542236328,0.0,0.0103,0.0067,709.5,721.5,700.5,705.0,277.0,131.0329572378782,131.18759548728357,128.65334762477318,128.85952758789062,25674800.0
2021-07-21,406.2256517266708,408.4431171303983,404.9759994467922,408.3021545410156,64724400.0,19.729999542236328,19.81999969482422,17.809999465942383,17.90999984741211,0.0,0.0108,0.0067,718.0499877929688,793.5,699.0,705.0,3464.0,127.2960389927349,127.57094563894348,125.9988576651479,127.22732543945312,19988900.0
2021-07-22,408.48062363685614,409.40143954489,407.4940576937237,409.1571350097656,47878500.0,17.59000015258789,18.450000762939453,17.399999618530273,17.690000534057617,0.0,0.0107,0.0067,705.0,712.5,645.0,661.5,294.0,127.2359402912052,128.6963461335549,127.19298447943277,128.43003845214844,18136900.0
2021-07-23,411.0927686525652,413.7048490688412,410.4068806943092,413.3666076660156,63766600.0,16.979999542236328,17.479999542236328,16.329999923706055,17.200000762939453,0.0,0.0108,0.0067,667.5,711.4500122070312,655.5,682.5,77.0,127.08982661302808,127.70835323726936,127.0468708264041,127.5708999633789,12639300.0
2021-07-26,412.7746132950754,414.3907222902915,412.727644885463,414.3813171386719,43719200.0,18.670000076293945,19.38999938964844,17.530000686645508,17.579999923706055,0.0,0.0107,0.0067,682.5,706.5,667.5,672.0,72.0,128.0004769015774,128.05201862045612,127.03832986045366,127.19295501708984,10737700.0
2021-07-27,413.33843005163095,413.366616835825,409.6551944295432,412.4927978515625,67397100.0,18.6200008392334,20.440000534057617,18.25,19.36000061035156,0.0,0.0105,0.0067,675.0,702.0,673.5,693.0,71.0,128.2840157704785,128.59327930365632,127.99193718588695,128.55032348632812,13036500.0
2021-07-28,413.1222721053092,413.7048180381999,410.8954303476653,412.3236083984375,52472400.0,19.40999984741211,19.6200008392334,17.520000457763672,18.309999465942383,0.0,0.0106,0.0067,690.0,690.0,667.5,667.5,73.0,127.71694423521002,128.57600756882275,127.3733241450714,128.55882263183594,14346700.0
2021-07-29,413.2537770670333,415.114161755324,413.244371916328,414.03363037109375,47435300.0,17.90999984741211,18.010000228881836,17.190000534057617,17.700000762939453,0.0,0.0108,0.0067,670.5,679.5,666.0,676.5,23.0,127.81141718096676,128.18940707248868,127.5966513888078,127.84578704833984,11532000.0
2021-07-30,411.4592154045569,413.4793446420124,411.32765796830415,412.0229797363281,68951200.0,19.690000534057617,19.71999931335449,17.530000686645508,18.239999771118164,0.0,0.0105,0.0067,679.5,679.5,648.0,670.5,137.0,128.11223115627115,128.6190758202983,128.05209037836403,128.447265625,14342100.0
2021-08-01,411.4592154045569,413.4793446420124,411.32765796830415,412.0229797363281,68951200.0,19.690000534057617,19.71999931335449,17.530000686645508,18.239999771118164,0.0,0.0105,0.0069,679.5,679.5,648.0,670.5,137.0,128.11223115627115,128.6190758202983,128.05209037836403,128.447265625,14342100.0
2021-08-02,413.74243239731,414.2967915787936,410.80148711775246,411.1585388183594,58783300.0,18.15999984741211,19.8700008392334,17.989999771118164,19.459999084472656,0.0,0.0103,0.0069,664.5,664.5,609.0,615.0,155.0,128.5434835826422,130.07447888900484,128.3112501234716,129.5928192138672,21232700.0
2021-08-03,411.9572078453096,414.62566180738776,409.7585527217856,414.5035095214844,58053900.0,19.170000076293945,20.440000534057617,17.700000762939453,18.040000915527344,0.0,0.0102,0.0069,619.5,664.5,619.5,636.0,198.0,129.66162109375,130.0744703418481,129.35198087661618,129.66162109375,13361900.0
2021-08-04,413.2162357099742,414.4752930662552,412.2296696893361,412.4645690917969,46732200.0,18.229999542236328,18.899999618530277,17.670000076293945,17.969999313354492,0.0,0.0102,0.0069,669.0,669.0,625.5,648.0,63.0,130.30671908958786,130.5819607034729,128.77572370401924,129.9282684326172,18267900.0
2021-08-05,413.6296413592664,415.1611899786431,413.31018162796113,415.0766296386719,38969700.0,17.729999542236328,17.84000015258789,17.229999542236328,17.280000686645508,0.0,0.0102,0.0069,646.5,666.0,641.25,666.0,21.0,129.67022885791056,129.80784966077474,129.016549730669,129.26597595214844,15345400.0
2021-08-06,415.3960840718297,416.18534257573646,415.11418760127896,415.7625122070313,46930000.0,17.459999084472656,17.5,16.139999389648438,16.149999618530273,0.0,0.011,0.0069,669.0,676.5,628.5,675.0,178.0,127.57161430425587,127.95005195519909,127.02974041030258,127.10714721679688,21144300.0
2021-08-09,415.73434047583487,416.0538002146291,414.653808985216,415.4242858886719,41222600.0,17.1200008392334,17.389999389648438,16.59000015258789,16.719999313354492,0.0,0.011,0.0069,662.25,675.0,639.5999755859375,664.5,17.0,127.42540824275892,127.7780568163513,126.63410789115474,126.65131378173828,12942400.0
2021-08-10,415.87532235369696,416.6552044987499,415.1894343873146,415.9411010742188,43339300.0,16.81999969482422,17.049999237060547,16.34000015258789,16.790000915527344,0.0,0.0112,0.0069,655.5,670.5,622.5,643.5,147.0,126.8576910054144,126.92650141415952,126.0577814874656,126.06639099121094,13716900.0
2021-08-11,417.012231826999,417.0686053915082,415.88470318832685,416.9746398925781,44034300.0,16.809999465942383,17.09000015258789,16.06999969482422,16.170000076293945,0.0,0.0112,0.0069,630.0,640.5,622.5,639.0,209.0,125.92875174053106,126.63403535950432,125.32667715744618,125.98895263671876,17227600.0
2021-08-12,416.8243432652148,418.3652973166653,415.92233746699225,418.2243347167969,38909400.0,16.329999923706055,16.420000076293945,15.489999771118164,15.59000015258789,0.0,0.0113,0.0069,639.4500122070312,645.0,633.0,645.0,37.0,125.6535225652157,125.9545664486336,125.0858465632383,125.78254699707033,14709400.0
2021-08-13,418.6752683138319,419.0041331907484,418.1866879112004,418.9853515625,39470300.0,15.68000030517578,15.720000267028809,15.1899995803833,15.449999809265137,0.0,0.0106,0.0069,630.0,643.5,625.5,640.5,81.0,126.2900634112668,127.7780513388534,126.27285752142085,127.76945495605467,18653800.0
2021-08-16,417.6793338317378,420.1034831034583,416.1195983231061,419.9719543457031,73740000.0,17.049999237060547,17.709999084472656,16.020000457763672,16.1200008392334,0.0,0.0105,0.0069,642.0,642.0,622.5,627.0,59.0,128.3198550976245,129.03374820673903,127.9930089906406,128.0790252685547,19170900.0
2021-08-17,417.4068048926508,418.0833162731186,414.2215841205355,417.2189025878906,92673900.0,17.309999465942383,19.559999465942383,16.709999084472656,17.90999984741211,0.0,0.0103,0.0069,637.5,645.0,622.5,630.0,171.0,128.05323756419293,128.56069953853515,127.87260860974013,128.02743530273438,14126900.0
2021-08-18,416.20414359044753,417.77328419430097,412.4081899435472,412.6524658203125,89351900.0,17.559999465942383,21.63999938964844,17.309999465942383,21.56999969482422,0.0,0.0104,0.0069,630.0,645.0,601.5,645.0,155.0,127.90706448202724,128.56074387146398,127.68342730661011,128.45753479003906,13144000.0
2021-08-19,409.9181996630005,414.4940636710407,409.7772657698709,413.2913513183594,92812200.0,23.1200008392334,24.739999771118164,20.3700008392334,21.670000076293945,0.0,0.0102,0.0069,630.0,645.0,601.5,603.0,152.0,129.28322578468843,129.41225025282753,128.85317047271795,129.4036407470703,15474300.0
2021-08-20,413.6390398091952,416.9088209320755,413.1504307316215,416.5799560546875,72008700.0,22.739999771118164,23.899999618530277,18.18000030517578,18.559999465942383,0.0,0.0103,0.0069,607.5,626.25,607.5,626.25,8.0,129.52397687642318,129.7132021484605,129.11112770299567,129.4895782470703,12388400.0
2021-08-23,418.27131541425854,421.1558872339836,416.6552062239017,420.2444763183594,54973000.0,18.82999992370605,18.950000762939453,16.950000762939453,17.149999618530273,0.0,0.0102,0.0069,625.5,645.0,612.0,637.5,135.0,129.18861309108507,129.44664890311668,128.94778316632133,129.4036407470703,10615000.0
2021-08-24,420.9115905761719,421.4471681568653,420.3948233013429,420.9115905761719,38744700.0,16.959999084472656,17.510000228881836,16.940000534057617,17.219999313354492,0.0,0.0105,0.0069,625.5,635.4000244140625,601.5,609.0,108.0,128.81015775970647,129.07680306806208,128.39730834960938,128.39730834960938,13835900.0
2021-08-25,421.0995066942213,422.31156706123744,420.7236446811897,421.7947998046875,40529700.0,17.420000076293945,17.5,16.459999084472656,16.790000915527344,0.0,0.0112,0.0069,645.0,670.0499877929688,638.8499755859375,645.0,61.0,128.33705187282607,128.47465953378773,126.9350680125906,127.3307113647461,16743800.0
2021-08-26,421.5128715397554,421.74777094308087,419.2108745917117,419.3048400878906,57829600.0,17.459999084472656,19.270000457763672,17.15999984741211,18.84000015258789,0.0,0.0109,0.0069,630.0,634.3499755859375,598.5,633.0,208.0,127.2705916673622,127.78666337898277,126.8749349385533,127.68344116210938,16657400.0
2021-08-27,420.1128878373361,423.4296663250528,420.0565142734623,423.0538330078125,77235100.0,17.950000762939453,18.21999931335449,16.110000610351562,16.389999389648438,0.0,0.0109,0.0069,634.5,651.0,618.0,618.0,156.0,127.7865958501736,128.57789576538033,127.58016464976416,128.55209350585938,15384700.0
2021-08-30,423.7303434185079,425.703504172028,423.4860388594857,424.9142456054688,48357400.0,16.770000457763672,16.799999237060547,15.979999542236328,16.190000534057617,0.0,0.0109,0.0069,619.5,659.5499877929688,598.5,622.5,72.0,128.14784728987374,128.930537743225,128.09622964389845,128.88754272460938,10596300.0
2021-08-31,424.82024545480607,425.1584868096362,423.683340446527,424.28466796875,59300200.0,15.979999542236328,17.06999969482422,15.90999984741211,16.479999542236328,0.0,0.011,0.0069,612.0,619.5,585.0,585.0,172.0,128.7326822341353,129.09392691565608,127.72635495184764,128.01019287109375,15262400.0
2021-09-01,425.22429623742056,425.7410634582663,424.2752934663014,424.51019287109375,48721400.0,16.059999465942383,16.709999084472656,15.68000030517578,16.110000610351562,0.0,0.0111,0.007,595.5,601.5,570.0,570.0,220.0,128.5519321540788,128.6552724349255,127.8801940467132,128.22467041015625,10807100.0
2021-09-02,425.9384669949634,426.6243550139611,424.6136307014119,425.8163146972656,42501000.0,16.270000457763672,16.979999542236328,15.729999542236328,16.40999984741211,0.0,0.0109,0.007,558.1500244140625,609.75,558.1500244140625,579.0,53.0,128.52610363042706,128.7930747968334,128.10410889392347,128.78445434570312,9765900.0
2021-09-03,424.67935614944514,426.2296865370221,424.27530736753846,425.712890625,47170500.0,16.270000457763672,17.059999465942383,16.079999923706055,16.40999984741211,0.0,0.0112,0.007,576.9000244140625,611.0999755859375,570.0,607.5,97.0,127.6907080366488,127.89738856586033,127.40650916805411,127.61318969726562,12928000.0
2021-09-06,424.67935614944514,426.2296865370221,424.27530736753846,425.712890625,47170500.0,16.270000457763672,17.059999465942383,16.079999923706055,16.40999984741211,0.0,0.0112,0.007,576.9000244140625,611.0999755859375,570.0,607.5,97.0,127.6907080366488,127.89738856586033,127.40650916805411,127.61318969726562,12928000.0
2021-09-07,425.3652624941409,425.4592279980526,423.5142538966394,424.1907653808594,51671500.0,16.940000534057617,18.38999938964844,16.889999389648438,18.13999938964844,0.0,0.0116,0.007,600.0,600.0,573.0,573.0,31.0,126.82091157761154,127.04483305476543,126.30419699996084,126.53671264648438,15547800.0
2021-09-08,423.6551990825784,424.3880841041836,421.7477883217044,423.6739807128906,56181900.0,18.96999931335449,19.63999938964844,17.780000686645508,17.959999084472656,0.0,0.0113,0.007,571.5,600.0,553.5,556.5,169.0,127.16540305108754,127.62184018175496,126.93287426007126,127.39791870117188,14533700.0
2021-09-09,423.4766742980476,425.233717323856,421.6162606196501,421.8605651855469,57970400.0,19.440000534057617,19.540000915527344,17.170000076293945,18.799999237060547,0.0,0.0107,0.007,585.0,585.0,552.75,552.75,317.0,127.604629711147,129.08590204416203,127.32905118969018,128.9394989013672,20324600.0
2021-09-10,423.7961151576544,424.21891687872017,418.4122105154685,418.5343627929688,89948200.0,17.940000534057617,21.1299991607666,16.989999771118164,20.950000762939453,0.0,0.0112,0.007,556.5,556.5,525.0,525.0,160.0,128.2332983219775,128.4658271321718,127.59601563312845,127.80269622802734,14894600.0
2021-09-13,421.5411580929,421.8042443220271,417.28475265947947,419.6055603027344,83738600.0,19.63999938964844,21.18000030517578,18.76000022888184,19.3700008392334,0.0,0.0112,0.007,517.5,540.0,517.5,532.5,135.0,128.35385257289232,128.74140492849665,128.27634735814414,128.57777404785156,15036100.0
2021-09-14,421.0525500096029,421.25926266690806,416.44852665062126,417.3411560058594,78197100.0,19.57999992370605,20.46999931335449,18.38999938964844,19.459999084472656,0.0,0.0107,0.007,525.0,547.5,525.0,535.5,30.0,128.9481152898152,130.53274117823773,128.81893990206038,130.13658142089844,19918400.0
2021-09-15,417.7639286610175,421.32501200583664,416.6552102465529,420.8270263671875,78792200.0,19.299999237060547,20.270000457763672,18.010000228881836,18.18000030517578,0.0,0.011,0.007,531.0,584.8499755859375,525.0,565.5,137.0,130.22263156542937,130.25707393520597,129.12027861867193,129.68006896972656,11940300.0
2021-09-16,420.30078497254937,421.2779457838027,417.2000958380673,420.1598510742188,77786700.0,18.40999984741211,19.76000022888184,17.649999618530273,18.690000534057617,0.0,0.0111,0.007,525.0,555.0,525.0,547.5,111.0,128.89641051972774,129.56814863752774,128.75000740594376,129.08587646484375,13328900.0
2021-09-17,419.38507550677497,419.8092317575897,415.70888206973706,416.0670776367188,118425000.0,18.3700008392334,21.51000022888184,18.350000381469727,20.809999465942383,0.0,0.0114,0.007,553.5,562.5,525.0,562.5,144.0,128.47438184375193,128.62940536738995,128.06100768226335,128.4657745361328,13782900.0
2021-09-20,409.9212425851907,411.5048166227596,404.2467258014124,409.1294555664063,166445500.0,24.25,28.790000915527344,23.899999618530277,25.709999084472656,0.0,0.0108,0.007,544.5,604.5,526.5,546.0,100.0,129.6715427096403,130.3604956631974,129.37872324934975,130.05908203125,14660400.0
2021-09-21,411.4765682514919,412.7773715752907,408.21515342525714,408.7430114746094,92526100.0,23.40999984741211,25.600000381469727,21.709999084472656,24.36000061035156,0.0,0.0111,0.007,540.0,544.5,465.0,483.0,759.0,129.79207209347737,130.00737311250643,129.35284960446208,129.94708251953125,10035800.0
2021-09-22,411.0241068459511,414.7756961285755,408.8561204801072,412.730224609375,102350100.0,22.71999931335449,23.399999618530277,20.75,20.8700008392334,0.0,0.0107,0.007,505.5,583.5,488.1000061035156,565.5,157.0,129.86100932106336,130.7222137451172,129.55959565720653,130.7222137451172,22277800.0
2021-09-23,414.60594149043527,419.35669165274265,414.3702896001674,417.7448120117188,76396000.0,19.90999984741211,20.209999084472656,18.420000076293945,18.6299991607666,0.0,0.0114,0.007,565.5,577.5,565.5,572.0999755859375,38.0,129.54235118209922,129.5681862602139,127.75104463418089,127.76827239990234,23853300.0
2021-09-24,416.1047109041707,419.149343878641,415.8879007953416,418.4329528808594,62094800.0,19.32999992370605,20.40999984741211,17.6299991607666,17.75,0.0,0.0118,0.007,573.75,582.0,570.0,580.5,71.0,127.32039890295049,127.32901935332838,126.37308236744346,126.5194854736328,20203900.0
2021-09-27,417.3961586138472,418.5649830834851,416.5383820618651,417.2359313964844,61371100.0,17.780000686645508,19.31999969482422,17.739999771118164,18.76000022888184,0.0,0.0117,0.007,592.5,592.5,577.5,580.5,25.0,125.78744934391403,126.48502245478193,125.63243893746768,126.0544204711914,13464300.0
2021-09-28,414.4551890406225,414.7851074945161,408.092586956221,408.8278198242188,130436300.0,19.739999771118164,24.81999969482422,19.709999084472656,23.25,0.0,0.0123,0.007,586.0499877929688,586.0499877929688,537.0,537.0,63.0,124.29760560703691,124.93490145522804,123.70337259767132,124.09091186523438,26613500.0
2021-09-29,410.2134812439846,411.95731138665417,408.95039027329,409.5159606933594,82329200.0,22.06999969482422,23.790000915527344,21.450000762939453,22.559999465942383,0.0,0.0125,0.007,539.25,556.5,525.0,526.5,23.0,124.70230421687955,125.2448536374094,123.74636753956123,124.30614471435548,23569400.0
2021-09-30,410.995797948249,411.702753721443,404.1713274228365,404.51068115234375,140506000.0,21.479999542236328,24.709999084472656,20.600000381469727,23.13999938964844,0.0,0.0124,0.007,533.25,549.0,510.0,517.5,179.0,124.09955071745556,124.45263450993556,123.7119982514978,124.2890167236328,22567600.0
2021-10-01,406.24511136235,411.0052691446982,402.7103321875053,409.3179931640625,129240100.0,24.780000686645508,24.88999938964844,20.850000381469727,21.100000381469727,0.0,0.0121,0.0067,547.5,563.25,497.5499877929688,502.5,106.0,124.9037893297214,125.37804239518412,124.34328809967904,125.3349380493164,26151800.0
2021-10-04,408.1492774715863,409.054173126942,401.8903463372664,404.0395202636719,128570000.0,22.899999618530277,24.57999992370605,21.8799991607666,22.959999084472656,0.0,0.0122,0.0067,511.5,528.0,462.75,466.5,269.0,124.74860473936972,125.42982728003842,124.25710189997778,125.0159149169922,28027600.0
2021-10-05,405.5475654887487,410.4962563755631,404.74637188186426,408.2434387207031,90682500.0,22.920000076293945,23.170000076293945,20.6200008392334,21.299999237060547,0.0,0.0126,0.0067,519.0,519.0,417.0,466.5,310.0,124.68824786567508,124.77446973777263,123.7052290519591,123.80870056152344,22659200.0
2021-10-06,404.6332078979385,410.1474688443581,403.0025149434194,409.9400939941406,113032200.0,22.950000762939453,24.399999618530277,20.989999771118164,21.0,0.0,0.0123,0.0067,480.0,490.5,472.0499877929688,472.5,40.0,124.36918559111204,124.79171617369008,124.19672869372312,124.50715637207033,18696500.0
2021-10-07,413.2298202312821,416.33097897892,413.05072245970354,413.48431396484375,72437500.0,20.540000915527344,20.76000022888184,19.06999969482422,19.540000915527344,0.0,0.0126,0.0067,478.5,510.0,453.0,453.0,141.0,123.47235767642736,123.60169701381284,122.95497401165905,123.20504760742188,14856000.0
2021-10-08,414.2572733612104,414.6437459990725,412.0986935121197,412.730224609375,74557400.0,19.459999084472656,19.940000534057617,18.200000762939453,18.770000457763672,0.0,0.0129,0.0067,472.5,487.5,450.0,465.0,480.0,122.67045283978187,122.748069624204,122.04097927078058,122.34278869628906,17257800.0
2021-10-11,414.2572733612104,414.6437459990725,412.0986935121197,412.730224609375,74557400.0,19.459999084472656,19.940000534057617,18.200000762939453,18.770000457763672,0.0,0.0129,0.0067,472.5,487.5,450.0,465.0,480.0,122.67045283978187,122.748069624204,122.04097927078058,122.34278869628906,17257800.0
2021-10-12,410.6659754162395,411.0712898886133,407.9418249170345,408.7336120605469,71181200.0,20.6200008392334,20.809999465942383,18.96999931335449,19.850000381469727,0.0,0.0124,0.0067,468.75,480.0,448.5,450.0,327.0,122.98946463458232,124.17942592778547,122.8601121486694,124.11907196044922,17968700.0
2021-10-13,409.761044211489,411.02413525942126,406.7729934812761,410.2040710449219,72974000.0,20.13999938964844,20.229999542236328,18.440000534057617,18.63999938964844,0.0,0.0119,0.0067,448.5,477.0,427.5,465.0,254.0,124.69688888233875,125.49020130167855,124.67102100022274,125.32636260986328,23584600.0
2021-10-14,413.8802116046981,417.2547635679065,413.4089077144482,417.10394287109375,70236800.0,18.010000228881836,18.07999992370605,16.799999237060547,16.860000610351562,0.0,0.0116,0.0067,465.0,471.0,448.5,458.1000061035156,129.0,125.35215111959656,125.86091651351217,124.98998784167152,125.79193115234376,12946400.0
2021-10-15,419.2247406070854,420.6480873239112,418.6026161235608,420.2804565429688,66260200.0,16.639999389648438,16.850000381469727,15.720000267028809,16.299999237060547,0.0,0.0118,0.0067,448.5,480.0,448.5,454.5,75.0,125.03316837610416,125.15388952961082,124.5761516408562,125.0590362548828,11811500.0
2021-10-18,418.4895820363863,421.86410527039766,417.8297450763768,421.5247802734375,62213200.0,17.290000915527344,17.93000030517578,16.270000457763672,16.309999465942383,0.0,0.0115,0.0067,451.5,474.0,451.5,465.0,12.0,125.03311071203385,125.89540802728926,124.61921168484284,125.64534759521484,12115900.0
2021-10-19,423.1555078607133,424.842755117606,422.5427897754709,424.77679443359375,46996800.0,16.09000015258789,16.309999465942383,15.56999969482422,15.699999809265137,0.0,0.0124,0.0067,450.0,471.0,450.0,453.0,181.0,124.73996658770224,124.8003205741676,123.86903764239683,123.9121551513672,12156300.0
2021-10-20,425.23865361845753,426.7468318240217,425.1255452871089,426.4451904296875,49571600.0,15.81999969482422,15.890000343322754,15.289999961853027,15.489999771118164,0.0,0.0125,0.0067,454.5,470.25,450.0,456.0,47.0,123.52414310826664,123.89492479635535,122.88603808600833,123.07574462890624,12782500.0
2021-10-21,425.8419115155946,427.7836812643649,425.4083199861109,427.5574645996094,41305400.0,16.059999465942383,16.110000610351562,14.920000076293944,15.010000228881836,0.0,0.0123,0.0067,470.25,470.25,459.0,468.6000061035156,45.0,123.30854356268756,123.43788292575594,122.64457079783296,122.92913055419922,13660000.0
2021-10-22,427.12384568285273,428.5754696428719,425.1632054936649,427.1144104003906,58845100.0,15.350000381469728,16.389999389648438,14.84000015258789,15.43000030517578,0.0,0.0118,0.0067,466.5,472.5,453.0,472.5,129.0,123.69658217306088,124.51576222236262,123.4896391798323,124.28295135498048,13740000.0
2021-10-25,428.2078971538363,429.7349172832596,426.4263832582122,429.4049987792969,45214500.0,16.139999389648438,16.329999923706055,15.100000381469728,15.239999771118164,0.0,0.0117,0.0067,470.8500061035156,472.5,453.0,465.0,89.0,123.88629792308382,124.42954963603592,123.85181180751398,124.09325408935548,8137900.0
2021-10-26,430.960357300944,432.176300819604,429.41446648729857,429.79150390625,56075100.0,15.020000457763672,16.709999084472656,14.899999618530272,15.979999542236328,0.0,0.0116,0.0067,464.1000061035156,561.0,457.5,540.0,1426.0,124.70548005576391,125.11939239501952,123.94666708236414,125.11939239501952,13671000.0
2021-10-27,430.2533142507114,430.922557691324,427.81193489095295,427.8873596191406,72438000.0,15.789999961853027,17.290000915527344,15.539999961853027,16.979999542236328,0.0,0.0104,0.0067,525.0,577.5,517.5,553.5,897.0,126.2403699209615,127.7752586759172,125.8350889753433,127.39585876464844,22092300.0
2021-10-28,429.3201484126634,432.0914176968122,429.3107418954437,432.0160217285156,51437900.0,17.059999465942383,17.15999984741211,16.229999542236328,16.530000686645508,0.0,0.0107,0.0067,546.0,571.5,546.0,568.5,139.0,127.4389442704499,127.90459229797656,126.61976426067928,126.96469116210938,17497600.0
2021-10-29,429.7066201419855,433.1848452815996,429.41441402054215,432.89263916015625,70162400.0,17.399999618530273,18.059999465942383,16.1299991607666,16.260000228881836,0.0,0.0107,0.0067,543.0,573.0,519.0,546.0,84.0,126.30073327920444,127.62004758336906,126.17139389943044,127.3527374267578,19087300.0
2021-11-01,433.8822959803756,434.2593620586386,431.9028429000094,433.6372375488281,48433600.0,16.850000381469727,17.700000762939453,16.31999969482422,16.40999984741211,0.0,0.0108,0.0066,558.0,558.0,514.5,519.0,127.0,125.8831797785361,126.71203282651965,125.79683488111289,126.43575286865234,18035500.0
2021-11-02,433.8070200734591,435.7016712064641,433.6750411563234,435.3905944824219,48908400.0,16.540000915527344,16.649999618530273,15.890000343322754,16.030000686645508,0.0,0.011,0.0066,519.9000244140625,571.5,510.0,525.0,55.0,126.48760841894294,127.41144915226158,126.48760841894294,126.99700927734376,9836700.0
2021-11-03,434.824974662078,438.4540205123054,434.3819478372537,438.0487060546875,52509800.0,16.110000610351562,16.389999389648438,14.899999618530272,15.100000381469728,0.0,0.0113,0.0066,539.7000122070312,566.4000244140625,509.3999938964844,550.5,287.0,127.62730440812398,127.76543786530576,125.650118620148,125.68466186523438,20639400.0
2021-11-04,438.652008090464,440.1978988878676,438.30324776244527,440.1130676269531,52847100.0,15.0600004196167,16.139999389648438,14.729999542236328,15.4399995803833,0.0,0.0112,0.0066,541.5,571.6500244140625,525.0,531.0,135.0,125.94373409918782,127.23020055506606,125.92647564229424,127.00572204589844,15922400.0
2021-11-05,442.3470010380783,443.638369161802,440.1224603683864,441.6400451660156,66390600.0,15.59000015258789,17.020000457763672,14.949999809265137,16.479999542236328,0.0,0.0106,0.0066,530.25,538.5,525.0,538.5,87.0,128.23167252507747,129.14687085460096,127.89494836281156,128.90512084960938,21513000.0
2021-11-08,442.7428857270056,443.24246669971006,441.3289740571507,442.0170593261719,50405200.0,17.229999542236328,17.690000534057617,16.440000534057617,17.219999313354492,0.0,0.0106,0.0066,538.5,540.0,528.0,540.0,186.0,128.61151315144963,128.88779310497046,128.22297429353935,128.66331481933594,12083800.0
2021-11-09,442.3846916739632,442.6203436197412,439.1421185987696,440.5560302734375,51149100.0,17.43000030517578,18.56999969482422,17.209999084472656,17.780000686645508,0.0,0.0105,0.0066,526.5,567.0,465.0,505.5,697.0,130.20023226468336,131.03772816439647,130.0620856231167,130.33837890625,23430200.0
2021-11-10,438.8593747730552,440.5560862579335,435.52256350840406,437.0118713378906,69429700.0,17.739999771118164,19.899999618530277,17.219999313354492,18.729999542236328,0.0,0.0105,0.0066,507.0,535.5,465.0,505.5,293.0,130.2261440431415,130.31247582057486,126.9452334897034,127.95540618896484,28170600.0
2021-11-11,438.8593747730552,440.5560862579335,435.52256350840406,437.0118713378906,69429700.0,17.739999771118164,19.899999618530277,17.219999313354492,18.729999542236328,0.0,0.0105,0.0066,507.0,535.5,465.0,505.5,293.0,130.2261440431415,130.31247582057486,126.9452334897034,127.95540618896484,28170600.0
2021-11-12,438.4257001711479,441.0084361308551,437.4736571643487,440.4523010253906,53466700.0,17.489999771118164,17.690000534057617,16.149999618530273,16.290000915527344,0.0,0.0105,0.0066,538.5,546.0,525.0,535.3499755859375,112.0,127.78266712195504,128.22299454290803,126.71205084383088,127.20419311523438,12712000.0
2021-11-15,441.74375614047045,441.90398336577135,439.4720677725637,440.6031799316406,46980500.0,17.030000686645508,17.459999084472656,16.489999771118164,16.489999771118164,0.0,0.011,0.0066,534.0,535.5,472.5,492.0,521.0,126.82434907079256,126.88479316747116,125.38247806796082,125.6069564819336,15232700.0
2021-11-16,440.339195278399,443.4875016443956,440.26379931709175,442.3469543457031,48857500.0,16.860000610351562,17.079999923706055,16.030000686645508,16.3700008392334,0.0,0.0109,0.0066,507.0,561.0,493.5,558.0,1002.0,125.78828547205792,126.38403138887831,125.06303530131564,125.28751373291016,12998700.0
2021-11-17,442.083089895888,442.2621876920173,440.6503362929629,441.2724609375,47858300.0,16.360000610351562,17.190000534057617,16.280000686645508,17.110000610351562,0.0,0.0108,0.0066,543.0,630.0,536.5499877929688,630.0,839.0,124.8212661639094,126.3062963546376,124.7262920007547,126.2803955078125,14239900.0
2021-11-18,442.3093732662432,443.0351998440244,439.5758157913373,442.7712707519531,50625600.0,16.809999465942383,18.149999618530277,16.3799991607666,17.59000015258789,0.0,0.0107,0.0066,621.0,628.5,577.5,619.5,426.0,126.04727826964772,126.83295918737905,126.0127350269244,126.75525665283205,11054600.0
2021-11-19,442.657958965768,443.9116432330203,441.6116782955716,441.9793090820313,57315600.0,17.360000610351562,19.01000022888184,17.229999542236328,17.90999984741211,0.0,0.0102,0.0066,613.5,627.0,558.0,577.5,269.0,127.42010317591044,128.30077161353267,127.42010317591044,128.0935516357422,14022100.0
2021-11-22,443.8645412849062,446.3624458670388,440.5277020654347,440.7350769042969,72762000.0,18.200000762939453,19.59000015258789,17.350000381469727,19.170000076293945,0.0,0.01,0.0066,582.0,601.5,547.7999877929688,555.0,252.0,127.26467306763384,127.47189302615983,126.16816870320396,126.59122467041016,15266000.0
2021-11-23,440.4052188410492,442.1773261131567,437.79420558269936,441.3195495605469,73206500.0,20.239999771118164,20.90999984741211,19.030000686645508,19.3799991607666,0.0,0.0107,0.0066,561.0,583.5,542.5499877929688,583.5,765.0,125.99542316316166,126.15084135700276,124.76077270507812,124.76077270507812,15318500.0
2021-11-24,439.31172320953215,442.6202852974533,438.49165914885833,442.4977416992188,61858800.0,19.170000076293945,20.959999084472656,18.520000457763672,18.57999992370605,0.0,0.01,0.0066,574.5,591.0,544.5,550.5,331.0,125.14067320254738,126.76386260986328,125.01115584114775,126.76386260986328,13769700.0
2021-11-25,439.31172320953215,442.6202852974533,438.49165914885833,442.4977416992188,61858800.0,19.170000076293945,20.959999084472656,18.520000457763672,18.57999992370605,0.0,0.01,0.0066,574.5,591.0,544.5,550.5,331.0,125.14067320254738,126.76386260986328,125.01115584114775,126.76386260986328,13769700.0
2021-11-26,435.8052762333552,437.2757420644132,431.4975517879364,432.6286926269531,112669600.0,26.6200008392334,28.989999771118164,23.8799991607666,28.6200008392334,0.0,0.0098,0.0066,561.0,607.5,543.0,552.0,108.0,128.49926997403634,130.09654518791334,128.36112340734095,129.967041015625,20064800.0
2021-11-29,437.43599642318605,439.78308057442894,435.23029768476994,437.9355773925781,86268800.0,25.309999465942383,25.690000534057617,21.709999084472656,22.959999084472656,0.0,0.0101,0.0066,544.5,577.5,525.0,537.0,235.0,128.05033959719125,129.19865858400905,127.92946460775704,128.92237854003906,23234200.0
2021-11-30,435.4848874481755,437.3983804999548,429.1694024657504,429.41448974609375,148559600.0,26.229999542236328,28.559999465942383,23.709999084472656,27.190000534057617,0.0,0.0091,0.0066,535.5,553.5,526.3499755859375,541.5,551.0,130.22614736110003,131.29676418879345,129.7253756114236,130.88232421875,31481100.0
2021-12-01,435.1455016825328,438.0016023173936,424.4468968317913,424.6448364257813,131939200.0,24.920000076293945,32.61000061035156,22.3799991607666,31.1200008392334,0.0,0.0087,0.0065,525.0,550.9500122070312,525.0,540.0,207.0,130.09043489836333,131.7501690181385,129.4853123711335,131.6896514892578,30826500.0
2021-12-02,424.8615656234055,432.722910142391,424.465657744763,431.1487426757813,127637800.0,29.440000534057617,30.68000030517578,27.149999618530277,27.950000762939453,0.0,0.0081,0.0065,525.0,525.75,465.0,480.0,763.0,132.1996700868439,132.2515479070162,130.3238245642994,131.85389709472656,17754200.0
2021-12-03,432.8172113357215,433.8823339250444,423.1554819403864,427.397216796875,137331600.0,26.950000762939453,35.31999969482422,25.88999938964844,30.670000076293945,0.0,0.0075,0.0065,481.5,508.5,480.0,484.5,169.0,131.1191636537855,134.09286002024237,130.83390807980263,133.42724609375,34427100.0
2021-12-06,429.9516748417892,434.34423038044,427.5291660360214,432.4590148925781,98977500.0,28.989999771118164,30.81999969482422,26.75,27.18000030517578,0.0,0.0078,0.0065,484.5,484.5,451.5,453.0,441.0,133.1678715846934,133.42720795002975,131.335237609273,131.59457397460938,30924200.0
2021-12-07,437.7564705046071,441.9699283158001,432.3270406361957,441.40435791015625,95484700.0,24.57999992370605,24.690000534057617,21.57999992370605,21.88999938964844,0.0,0.0078,0.0065,457.5,481.5,446.25,469.5,1289.0,131.1537590383071,131.85395824583864,130.41033488911552,130.53135681152344,22115900.0
2021-12-08,441.80029512259415,443.02567377766377,440.03759434211855,442.5732116699219,72238800.0,21.739999771118164,23.11000061035156,19.850000381469727,19.899999618530277,0.0,0.0084,0.0065,465.0,472.5,427.5,462.0,739.0,130.0731648729707,130.08180458271315,128.2491836471729,128.27511596679688,33633900.0
2021-12-09,441.28185717622887,442.67692714355326,439.387234967476,439.5851745605469,61272600.0,20.309999465942383,22.1200008392334,19.940000534057617,21.57999992370605,0.0,0.0079,0.0065,459.0,514.5,451.5,493.5,533.0,129.09632875928682,129.52855164640675,128.3529048658247,128.9925994873047,17544900.0
2021-12-10,442.2998872884148,443.874026272797,439.7359928119884,443.7232055664063,77159800.0,21.270000457763672,21.299999237060547,18.690000534057617,18.690000534057617,0.0,0.0081,0.0065,492.0,497.5499877929688,444.0,453.0,803.0,129.5977529827188,129.87438205597977,128.63821731924514,128.6814422607422,14298700.0
2021-12-13,443.2048079952957,443.5535683135092,439.50977239360935,439.7925720214844,87724700.0,19.290000915527344,21.18000030517578,18.959999084472656,20.309999465942383,0.0,0.0076,0.0065,442.5,465.0,432.0,445.5,591.0,130.00398338610916,130.7992718172297,129.93482614987337,130.58316040039062,17860500.0
2021-12-14,436.5121993902541,439.010104059482,433.8351969554868,436.7666931152344,97264100.0,19.670000076293945,23.0,19.670000076293945,21.88999938964844,0.0,0.0077,0.0065,436.5,446.25,402.0,405.0,680.0,129.98668874884245,130.4707762045367,129.07037846622202,130.27195739746094,14015500.0
2021-12-15,436.82330023675024,443.8362754973497,434.2970895809456,443.5912170410156,116899300.0,21.600000381469727,23.46999931335449,19.020000457763672,19.290000915527344,0.0,0.0078,0.0065,408.0,435.0,405.0,435.0,736.0,129.3297557490355,130.3497956121587,128.91482539712084,129.0185546875,25383900.0
2021-12-16,445.4481678837098,445.7309387127813,438.1240869835833,439.6794128417969,116568600.0,18.559999465942383,22.1299991607666,18.190000534057617,20.56999969482422,0.0,0.008,0.0065,433.5,477.0,433.5,465.0,1139.0,128.73122756620882,129.70915641138706,128.71391546839055,129.06874084472656,18677900.0
2021-12-17,436.5891072179885,439.60659254948297,433.2878576005608,434.9999694824219,135511600.0,20.700000762939453,23.26000022888184,20.489999771118164,21.56999969482422,0.0,0.0075,0.0065,466.5,486.0,450.0,483.0,917.0,130.1072352367944,130.66110348987883,129.95146598058037,130.5312957763672,18093500.0
2021-12-20,429.9014909487797,430.7717206952216,426.7421233842823,430.37445068359375,107134800.0,25.88999938964844,27.38999938964844,22.850000381469727,22.8700008392334,0.0,0.0078,0.0065,478.5,483.0,427.5,435.0,1269.0,130.46202281499896,130.69568983691568,129.46679541891103,129.55332946777344,17147300.0
2021-12-21,433.80807275170514,438.1593076705926,431.6324697258457,438.0174255371094,69806300.0,22.280000686645508,22.68000030517578,20.899999618530277,21.01000022888184,0.0,0.0078,0.0065,430.5,495.0,430.5,481.5,732.0,128.20337918550976,129.1207227085286,127.75335687421592,129.06015014648438,16598200.0
2021-12-22,437.7620949346776,442.5106004481901,437.5634310546569,442.3970947265625,58890200.0,21.040000915527344,21.36000061035156,18.59000015258789,18.6299991607666,0.0,0.0078,0.0065,480.0,480.0,448.5,474.0,116.0,129.5792982297672,129.69180702534575,128.9648575891252,129.65719604492188,12253900.0
2021-12-23,443.3997624025647,446.6537277682901,443.2957251145635,445.1497192382813,56439700.0,18.809999465942383,18.93000030517578,17.6200008392334,17.959999084472656,0.0,0.0079,0.0065,474.0,474.0,414.0,447.0,851.0,129.45815794123067,129.46682059148108,128.1081050281188,128.53216552734375,11642500.0
2021-12-24,443.3997624025647,446.6537277682901,443.2957251145635,445.1497192382813,56439700.0,18.809999465942383,18.93000030517578,17.6200008392334,17.959999084472656,0.0,0.0079,0.0065,474.0,474.0,414.0,447.0,851.0,129.45815794123067,129.46682059148108,128.1081050281188,128.53216552734375,11642500.0
2021-12-27,446.5307010758358,451.4967778304271,446.4834166536119,451.4494934082031,56808600.0,19.3700008392334,19.40999984741211,17.549999237060547,17.68000030517578,0.0,0.0072,0.0065,435.0,453.0,421.5,433.5,474.0,128.4802447075163,128.95621509032088,128.35908644921443,128.84371948242188,7821800.0
2021-12-28,451.8846036460607,452.91565229770765,450.3143740241347,451.08056640625,47274600.0,17.780000686645508,18.46999931335449,17.510000228881836,17.540000915527344,0.0,0.0075,0.0065,436.5,448.5,406.5,418.5,466.0,129.46681042244998,129.62257965160816,128.09078287192713,128.33309936523438,9174600.0
2021-12-29,451.1846635723899,452.6792035816923,450.181991278277,451.6576232910156,54503000.0,17.6299991607666,18.0,16.709999084472656,16.950000762939453,0.0,0.008,0.0065,442.5,467.7000122070313,406.5,450.0,511.0,127.1388579017814,127.48502062657224,126.70614789316213,126.93115234375,11771200.0
2021-12-30,452.083263571022,453.095404283241,449.9455053015741,450.4089965820313,55329000.0,17.299999237060547,17.790000915527344,16.6200008392334,17.329999923706055,0.0,0.0079,0.0065,450.0,508.5,450.0,508.5,494.0,127.43311057030732,128.05621410286162,126.74077184466223,127.9956283569336,10355000.0
2021-12-31,452.083263571022,453.095404283241,449.9455053015741,450.4089965820313,55329000.0,17.299999237060547,17.790000915527344,16.6200008392334,17.329999923706055,0.0,0.0079,0.0065,450.0,508.5,450.0,508.5,494.0,127.43311057030732,128.05621410286162,126.74077184466223,127.9956283569336,10355000.0
2022-01-01,452.083263571022,453.095404283241,449.9455053015741,450.4089965820313,55329000.0,17.299999237060547,17.790000915527344,16.6200008392334,17.329999923706055,0.0,0.0079,0.0065,450.0,508.5,450.0,508.5,494.0,127.43311057030732,128.05621410286162,126.74077184466223,127.9956283569336,10355000.0
2022-01-03,450.5413723302358,452.00756463480985,448.2238872560393,451.8751220703125,72668200.0,17.600000381469727,18.540000915527344,16.559999465942383,16.600000381469727,0.0,0.0085,0.0065,597.0,615.0,574.5,597.0,304.0,126.70613298528454,127.16480448403412,124.86278433976578,124.88009643554688,33860400.0
2022-01-04,453.30345283185306,454.0223607448496,449.8602926876768,451.7237548828125,71178700.0,16.56999969482422,17.809999465942383,16.34000015258789,16.90999984741211,0.0,0.0089,0.0065,604.5,612.0,568.0499877929688,591.0,214.0,124.28294759560804,124.73296962380304,123.53003653719767,124.36083221435548,21996400.0
2022-01-05,451.35491502576446,452.13057588020047,442.9551459366762,443.04974365234375,104538900.0,17.06999969482422,20.170000076293945,16.579999923706055,19.729999542236328,0.0,0.0088,0.0065,616.5,616.5,553.5,559.5,413.0,124.74158109995984,124.75889318949848,123.50403740567891,123.6857681274414,20911700.0
2022-01-06,442.5862910110763,445.3578282323568,440.2593082446205,442.6335754394531,86858900.0,20.290000915527344,21.059999465942383,19.07999992370605,19.61000061035156,0.0,0.0085,0.0065,570.0,597.0,541.5,562.5,107.0,123.4002586330842,124.13587105827123,123.14062994153208,124.00605010986328,18996400.0
2022-01-07,442.6429392786295,443.8253383803812,439.5213883297057,440.8835144042969,85111600.0,19.850000381469727,20.799999237060547,18.56999969482422,18.76000022888184,0.0,0.0089,0.0065,573.0,598.5,565.2000122070312,588.0,380.0,123.8675636302238,123.96276035444134,122.50884794868792,123.11463928222656,18756800.0
2022-01-10,437.6768993282456,440.5524733976893,431.90678546000674,440.3349304199219,119362000.0,19.57999992370605,23.32999992370605,19.290000915527344,19.399999618530277,0.0,0.0086,0.0065,598.5,598.5,556.5,576.0,322.0,122.58673252875973,123.59062285552744,122.33576654969814,123.41754150390624,13775800.0
2022-01-11,440.0700665321806,444.4402092800413,437.0620210810528,444.3456115722656,74303100.0,19.6200008392334,21.0,18.200000762939453,18.40999984741211,0.0,0.0085,0.0065,565.5,595.5,550.5,565.5,153.0,123.65116786886358,124.30023262762889,123.49538546002664,124.2396469116211,24388700.0
2022-01-12,446.086117009949,447.6090622228809,443.5794364260466,445.54693603515625,67605400.0,18.170000076293945,18.690000534057617,17.360000610351562,17.6200008392334,0.0,0.0082,0.0065,565.0499877929688,573.0,540.0,573.0,119.0,124.53391026672156,124.62910697776978,123.75503768924244,123.76368713378906,14440600.0
2022-01-13,446.6536743821532,447.30636106377136,438.3768798065865,439.4079284667969,91173100.0,18.059999465942383,20.61000061035156,17.450000762939453,20.309999465942383,0.0,0.0079,0.0065,574.5,579.75,540.0,555.0,282.0,124.09256971901198,124.98395123707076,123.78101799972129,124.86279296875,15166000.0
2022-01-14,436.248582581367,439.9376625709824,435.0283384384738,439.5876770019531,95890900.0,20.11000061035156,22.06999969482422,19.049999237060547,19.190000534057617,0.0,0.0079,0.0065,541.5,558.75,502.5,522.0,116.0,124.11856700678986,124.15319121071629,122.70792781524256,122.9762191772461,22997500.0
2022-01-17,436.248582581367,439.9376625709824,435.0283384384738,439.5876770019531,95890900.0,20.11000061035156,22.06999969482422,19.049999237060547,19.190000534057617,0.0,0.0079,0.0065,541.5,558.75,502.5,522.0,116.0,124.11856700678986,124.15319121071629,122.70792781524256,122.9762191772461,22997500.0
2022-01-18,434.8770031364011,435.08510657220825,430.6865868583265,431.8027648925781,109709100.0,21.18000030517578,23.200000762939453,21.18000030517578,22.790000915527344,0.0,0.0081,0.0065,507.0,509.25,487.5,489.0,242.0,121.98958476141966,122.29247377805513,121.17608801028344,121.24532318115234,21171700.0
2022-01-19,433.3540622278281,434.7540044741665,427.04476708624,427.319091796875,109357600.0,23.1200008392334,23.989999771118164,21.850000381469727,23.850000381469727,0.0,0.0079,0.0065,489.0,495.0,457.5,462.0,155.0,121.61743614371991,122.63863831320882,121.42704274271787,122.08477020263672,17930500.0
2022-01-20,429.2109131132616,433.931041520804,420.4611589616414,422.5894775390625,122379700.0,23.459999084472656,25.88999938964844,21.68000030517578,25.59000015258789,0.0,0.0075,0.0065,483.0,483.0,442.5,463.5,253.0,122.34439662121552,122.88096589310992,122.10208012626651,122.8376922607422,13959000.0
2022-01-21,421.4637870445088,423.8285852162134,414.26535526607927,414.2937316894531,202271200.0,25.3799991607666,29.790000915527344,25.309999465942383,28.850000381469727,0.0,0.0074,0.0065,447.0,472.5,418.5,462.0,626.0,124.10123683831304,124.70704147145132,123.4694838639044,124.30029296875,28916600.0
2022-01-24,408.6655338392634,416.5639661506676,398.005033203548,416.05316162109375,251783900.0,28.200000762939453,38.93999862670898,28.020000457763672,29.899999618530277,0.0,0.0076,0.0065,453.0,468.0,400.5,421.5,660.0,124.88008470966584,124.9406572313222,123.26174064021946,123.279052734375,25001600.0
2022-01-25,409.6398524787366,415.9396791379404,404.0494653685355,410.9736022949219,167997300.0,32.290000915527344,35.849998474121094,29.1299991607666,31.15999984741211,0.0,0.0076,0.0065,404.8500061035156,426.0,379.5,426.0,533.0,123.85023258207424,124.3694897629431,122.71653471594446,123.08000946044922,15599000.0
2022-01-26,416.8856420829711,420.02610174271774,405.6670218319584,409.9425964355469,186391100.0,29.350000381469727,33.040000915527344,26.899999618530277,31.959999084472656,0.0,0.0072,0.0065,423.0,439.5,420.0,420.0,183.0,123.1146027411813,123.38289394271742,121.5828193678592,121.59146881103516,23655500.0
2022-01-27,414.5586155924304,417.7085142657729,406.22506858864034,407.9182434082031,149878300.0,32.189998626708984,33.0,28.420000076293945,30.489999771118164,0.0,0.0063,0.0065,445.3500061035156,445.3500061035156,393.0,396.0,161.0,123.24448801024096,124.0752839679184,123.17525281289056,123.8243179321289,21501800.0
2022-01-28,409.2803813325248,418.0963566867088,404.6832271039297,418.049072265625,164457400.0,30.270000457763672,32.81999969482422,27.280000686645508,27.65999984741211,0.0,0.0063,0.0065,420.0,420.0,324.0,358.5,975.0,122.96747175602783,124.15310562579548,122.7597794967005,123.86751556396484,12826500.0
2022-01-31,417.3774492101084,425.9285683081596,416.0247914532952,425.5785827636719,152251400.0,28.36000061035156,29.40999984741211,24.709999084472656,24.82999992370605,0.0,0.0061,0.0065,402.0,402.0,350.70001220703125,357.0,113.0,123.04542881236992,123.71180601572487,122.85504853096045,123.2271728515625,13998400.0
2022-02-01,426.3069376556783,429.097411363108,422.76920842520514,428.4541931152344,123155400.0,24.56999969482422,25.32999992370605,21.959999084472656,21.959999084472656,0.0,0.0063,0.0072,357.0,393.0,357.0,393.0,208.0,123.30340787528276,123.3727394643321,122.24612428366532,122.81809997558594,20806100.0
2022-02-02,430.86628479936365,433.3445889976843,428.548770732719,432.6162414550781,117361000.0,21.559999465942383,22.729999542236328,20.459999084472656,22.09000015258789,0.0,0.0062,0.0072,391.5,391.5,360.0,373.5,51.0,123.01745165857552,124.4213935564098,123.00011545094372,123.2341079711914,18404600.0
2022-02-03,426.5623872138765,428.4731341093042,421.6057496698084,422.4476318359375,118024400.0,22.6299991607666,25.809999465942383,22.299999237060547,24.350000381469727,0.0,0.0063,0.0072,354.0,387.8999938964844,354.0,370.5,163.0,121.7088470333171,122.61013143645874,121.4835160147932,122.27214813232422,17234100.0
2022-02-04,422.21116548081926,428.2934208063521,419.8274299173056,424.43408203125,118454400.0,23.770000457763672,26.26000022888184,22.06999969482422,23.21999931335449,0.0,0.0062,0.0072,365.25,376.5,357.0,363.0,153.0,121.19751087360982,121.44882630382396,120.27021578135324,120.46953582763672,23609800.0
2022-02-07,425.2002486311931,426.6001909007989,421.7381800825274,423.0719299316406,84472900.0,24.09000015258789,24.81999969482422,22.020000457763672,22.86000061035156,0.0,0.0062,0.0072,375.0,375.0,354.75,360.0,41.0,120.38284742115528,120.7294920323454,120.07086198162644,120.5475082397461,12962400.0
2022-02-08,422.5706349264903,427.479959514048,421.1422872227027,426.5529479980469,81012000.0,23.09000015258789,23.479999542236328,21.31999969482422,21.440000534057617,0.0,0.0061,0.0072,355.5,381.0,355.5,379.5,128.0,119.77629534402227,120.09694249169114,119.4383119867446,119.74162292480467,16269200.0
2022-02-09,430.6014195917351,433.1175685965065,430.4027846055387,432.79595947265625,92589900.0,21.270000457763672,21.299999237060547,19.93000030517578,19.959999084472656,0.0,0.0058,0.0072,378.0,397.5,378.0,397.5,72.0,120.2182323654059,120.78153337892977,119.75892213009584,119.96690368652344,14349100.0
2022-02-10,426.9312545906798,432.9567564943077,423.0151633217596,425.0205078125,140103700.0,20.3700008392334,24.770000457763672,20.18000030517578,23.90999984741211,0.0,0.0042,0.0072,417.0,421.7999877929688,375.0,375.0,95.0,119.2995754694568,119.44690010149402,117.72231195533152,118.06029510498048,30896200.0
2022-02-11,425.1056385655254,427.18664391321806,415.20186134997584,416.6396484375,153214600.0,24.38999938964844,30.989999771118164,23.32999992370605,27.36000061035156,0.0,0.0042,0.0072,406.5,418.5,390.0,411.0,33.0,118.61495873289584,120.03622319453748,117.30635975207544,119.81090545654295,43210300.0
2022-02-14,416.1288774138365,417.7180150863629,411.7965503726483,415.2775268554688,123006300.0,29.170000076293945,32.040000915527344,28.32999992370605,28.32999992370605,0.0,0.004,0.0072,411.0,411.0,382.5,390.0,63.0,118.840300462525,119.36894228586958,117.835012204419,118.32032012939452,23157400.0
2022-02-15,419.7328762985204,422.1449595121164,419.2126032455674,421.9747009277344,88482700.0,28.09000015258789,28.09000015258789,25.32999992370605,25.700000762939453,0.0,0.0047,0.0072,379.5,450.0,372.0,450.0,209.0,117.51435199949876,117.7223335305413,116.9423763418364,116.97703552246094,18198500.0
2022-02-16,419.9220142047208,423.8286661491245,418.0396437380856,422.4476318359375,84863600.0,25.190000534057617,27.09000015258789,23.8799991607666,24.290000915527344,0.0,0.0051,0.0072,450.0,450.0,426.75,448.5,123.0,117.81765851597692,117.92166250135811,116.56971648058014,117.67033386230467,16473700.0
2022-02-17,419.2504207563761,422.4192566946621,412.81818002832114,413.4235534667969,102259100.0,24.82999992370605,28.3700008392334,24.76000022888184,28.11000061035156,0.0,0.0048,0.0072,435.0,445.5,432.0,444.0,55.0,118.2509592424303,119.2215880755767,117.77431292574848,118.5456085205078,24508200.0
2022-02-18,413.6789090102442,414.9369979489971,408.46691286548753,410.74658203125,132642900.0,26.65999984741211,29.709999084472656,26.3799991607666,27.75,0.0,0.0045,0.0072,442.5,450.0,436.5,445.5,16.0,119.178290300508,119.91491371890824,118.86630472811204,119.79358673095705,17522600.0
2022-02-21,413.6789090102442,414.9369979489971,408.46691286548753,410.74658203125,132642900.0,26.65999984741211,29.709999084472656,26.3799991607666,27.75,0.0,0.0045,0.0072,442.5,450.0,436.5,445.5,16.0,119.178290300508,119.91491371890824,118.86630472811204,119.79358673095705,17522600.0
2022-02-22,408.5331937704951,411.9479493682577,402.8292713744488,406.3386535644531,124391800.0,31.799999237060547,32.040000915527344,28.399999618530277,28.809999465942383,0.0,0.0038,0.0072,450.0,472.3500061035156,424.5,424.5,285.0,119.325656120449,120.17494532889096,119.1349974702767,120.1056137084961,19534000.0
2022-02-23,409.2615268824227,409.8290843455233,398.5631798415869,399.1307373046875,132578000.0,28.040000915527344,31.06999969482422,27.200000762939453,31.020000457763672,0.0,0.0041,0.0072,471.0,471.0,428.25,432.75,98.0,119.31688872335162,119.46422656702968,118.35494794965612,118.45026397705078,17757800.0
2022-02-24,388.7917526788274,405.5723812250493,388.43232758179744,405.1372375488281,213942900.0,37.5,37.790000915527344,29.450000762939453,30.31999969482422,0.0,0.0042,0.0072,430.5,451.5,424.5,426.0,79.0,120.54753513290262,120.78151434701486,118.07764875031782,118.5282974243164,28150400.0
2022-02-25,406.376434848572,414.1613621952949,404.7210758363669,414.07623291015625,121804500.0,31.68000030517578,32.0,26.93000030517578,27.59000015258789,0.0,0.0042,0.0072,430.5,451.5,423.0,442.5,79.0,118.60628296962086,118.99626152537604,118.01697116814822,118.6149444580078,15025400.0
2022-02-28,408.665549734316,414.5018850268596,407.4074896569373,413.0167846679688,145615000.0,32.439998626708984,33.5099983215332,28.43000030517578,30.149999618530277,0.0,0.0039,0.0072,450.0,495.0,450.0,480.0,267.0,119.96693929341306,121.36220661771884,119.87162320085956,121.21488189697266,25817700.0
2022-03-01,411.5128212366377,413.5276343603908,404.0116577742562,406.7264709472656,137785900.0,29.450000762939453,35.189998626708984,29.440000534057617,33.31999969482422,0.0,0.0041,0.0086,475.5,486.2999877929688,450.0,454.5,101.0,121.80057876106753,123.51009206826504,121.488180054139,122.61628723144533,35664400.0
2022-03-02,408.9871552603508,415.9396684351106,408.2304313077541,414.2086486816406,117726500.0,34.20000076293945,34.40999984741211,30.1200008392334,30.739999771118164,0.0,0.0036,0.0086,480.0,492.0,450.0,492.0,62.0,121.3493630641382,121.85267295127844,118.37290827709,118.42497253417967,30397400.0
2022-03-03,416.6491311196768,417.254504541962,410.3398358407241,412.14654541015625,105501700.0,30.520000457763672,32.0099983215332,29.309999465942383,30.479999542236328,0.0,0.0033,0.0086,490.5,490.5,435.0,435.0,264.0,119.31006240067794,120.36005985679728,118.90220820960896,119.63113403320312,20649100.0
2022-03-04,408.4007052966077,409.9330901221698,404.7400017983939,408.7980041503906,113978200.0,31.899999618530277,34.650001525878906,31.46999931335449,31.979999542236328,0.0,0.0024,0.0086,468.0,468.0,414.75,441.0,47.0,121.80057013160246,122.19975137818088,120.88940619751942,121.69644165039062,25853100.0
2022-03-07,408.2114548095824,408.92089427144623,396.6806964467157,396.7469177246094,137896600.0,35.880001068115234,36.54999923706055,32.59000015258789,36.45000076293945,0.0,0.0023,0.0086,439.5,439.5,382.5,382.5,210.0,120.7245377924766,122.04355604776669,120.42082528209576,120.76792907714844,23710900.0
2022-03-08,396.9267271799458,404.1062525618698,392.67008952422367,393.7389831542969,164772700.0,36.18999862670898,37.52000045776367,32.779998779296875,35.130001068115234,0.0,0.0023,0.0086,384.0,417.0,384.0,408.75,107.0,119.32744065147448,119.9695973316779,119.10182447575257,119.55307006835938,28331300.0
2022-03-09,402.1481835320033,406.2818466497269,399.9536436179305,404.29541015625,116990800.0,33.7400016784668,34.119998931884766,31.38999938964844,32.45000076293945,0.0,0.0026,0.0086,423.0,445.5,411.0,426.0,46.0,118.94559853480484,119.17988760690696,118.12989015920976,118.38153839111328,18819200.0
2022-03-10,399.6698151473772,403.3683631013067,397.7023156906367,402.4697570800781,93972700.0,33.029998779296875,34.029998779296875,30.229999542236328,30.229999542236328,0.0,0.0026,0.0086,428.25,447.0,414.75,444.0,29.0,117.0018350170117,117.29687465872374,116.03860645869818,116.6807632446289,26868900.0
2022-03-11,404.9670575295323,405.5818994399163,396.84161237205296,397.3524169921875,95636300.0,30.43000030517578,31.040000915527344,28.84000015258789,30.75,0.0,0.0025,0.0086,450.0,450.0,406.5,445.5,31.0,116.56793342306388,117.53983481869304,116.4638049138646,117.0712432861328,15583800.0
2022-03-14,398.127973539518,401.59001264837735,393.303779511708,394.4483337402344,95729200.0,31.030000686645508,33.18000030517578,30.059999465942383,31.770000457763672,0.0,0.0027,0.0086,426.75,426.75,397.5,402.0,127.0,115.15343121060076,115.31831013727364,114.30301769746504,114.33772277832033,24385000.0
2022-03-15,397.0685900922245,403.7562474132384,395.7916219511084,403.12249755859375,106219100.0,33.130001068115234,33.83000183105469,29.56999969482422,29.82999992370605,0.0,0.003,0.0086,411.0,411.0,411.0,411.0,7.0,115.2922847598334,115.54393302394352,113.84310589819005,114.13814544677734,17518800.0
2022-03-16,406.64130172019,412.118154221395,401.8265466066263,412.0614013671875,144954800.0,29.020000457763672,29.799999237060547,26.290000915527344,26.670000076293945,0.0,0.0024,0.0086,387.0,397.5,385.5,387.0,88.0,114.39849896937255,115.52660634789848,113.0881667033122,115.25759887695312,25857700.0
2022-03-17,410.1411573323763,417.2166442871094,409.7627953751919,417.2166442871094,102676900.0,26.51000022888184,27.46999931335449,25.25,25.670000076293945,0.0,0.0026,0.0086,402.0,402.0,387.0,387.0,75.0,115.25762918623234,115.7088616633727,113.73902626533696,114.39852905273438,19330600.0
2022-03-18,415.5998027190798,422.1089546797308,414.8596946396348,421.7863464355469,106345500.0,26.36000061035156,26.81999969482422,23.850000381469727,23.8700008392334,0.0,0.0017,0.0086,389.3999938964844,423.0,385.5,423.0,301.0,115.04068829406084,115.88241603434274,115.04068829406084,115.79564666748048,55891700.0
2022-03-21,421.6155341135983,423.6271083158259,418.1427105740209,421.6629943847656,88349800.0,25.13999938964844,25.36000061035156,22.989999771118164,23.530000686645508,0.0,0.0018,0.0086,412.5,432.0,386.3999938964844,391.5,53.0,113.92118844022602,114.25961923221898,112.59349739154904,113.11416625976562,26122000.0
2022-03-22,423.05782555472354,427.5364365955232,423.05782555472354,426.5970764160156,74650400.0,24.020000457763672,24.020000457763672,22.700000762939453,22.940000534057617,0.0,0.002,0.0086,385.5,428.25,378.0,388.5,97.0,111.90799713472032,112.2377418272031,111.36996894174553,111.66500854492188,21830900.0
2022-03-23,424.054174178524,425.553357225726,421.0178166955982,421.1032104492188,79426100.0,23.040000915527344,24.030000686645508,22.63999938964844,23.56999969482422,0.0,0.0019,0.0086,381.6000061035156,426.0,381.6000061035156,423.0,23.0,112.26378382451324,114.19892706285574,111.82122438083962,114.11214447021484,21266100.0
2022-03-24,423.1337572990512,427.4605476512933,422.0141117598416,427.4510498046875,64736900.0,23.61000061035156,23.790000915527344,21.489999771118164,21.670000076293945,0.0,0.0021,0.0086,423.0,430.5,415.5,421.5,120.0,112.50674267400024,113.8344340512272,112.463364625214,113.21832275390624,17141600.0
2022-03-25,428.0867920742761,429.8137206376512,425.4963992292135,429.5385437011719,77101300.0,21.8700008392334,22.86000061035156,20.799999237060547,20.809999465942383,0.0,0.0018,0.0086,448.5,448.5,420.0,420.0,21.0,112.37656996758248,112.39392912992886,110.77119172073314,111.64764404296876,25684500.0
2022-03-28,428.9407930883645,432.5939025878906,427.04307687633553,432.5939025878906,68529800.0,22.13999938964844,23.32999992370605,19.540000915527344,19.6299991607666,0.0,0.0011,0.0086,393.0,414.0,376.5,392.25,73.0,112.28115446583725,113.29644734590354,111.97742860171942,112.60222625732422,17657800.0
2022-03-29,436.4936220355808,438.4387981996176,433.7988689428911,437.94537353515625,86581500.0,19.700000762939453,19.729999542236328,18.670000076293945,18.899999618530277,0.0,0.0006,0.0086,389.25,402.0,376.5,402.0,73.0,113.29641546942608,114.15551531446238,112.5848486536802,113.45262145996094,19319700.0
2022-03-30,436.7973537508844,437.6133868108244,433.1252773732855,435.2412414550781,79666900.0,19.3799991607666,20.51000022888184,18.71999931335449,19.32999992370605,0.0,0.0004,0.0086,376.5,418.5,376.5,415.5,32.0,112.87119808159248,114.55466594685618,112.80177467872178,114.33772277832033,16310200.0
2022-03-31,434.4726297031008,435.29813157975457,428.086804553789,428.5422668457031,121699900.0,19.68000030517578,21.479999542236328,19.540000915527344,20.559999465942383,0.0,0.0004,0.0086,394.5,427.5,390.0,406.5,141.0,114.52865778661804,115.12742317563112,114.25097735820154,114.61544036865234,19901000.0
2022-04-01,430.1268450058837,430.26916792356127,426.1701231101965,429.7568054199219,89048800.0,20.6200008392334,20.86000061035156,19.40999984741211,19.6299991607666,0.0,-0.0005,0.009,426.0,442.5,379.5,420.0,109.0,112.99196901033996,115.55583103603578,112.73124896696804,115.05175018310548,23489700.0
2022-04-04,429.9560313211461,433.54271341244913,429.1305294920376,433.4383239746094,59601000.0,20.75,20.780000686645508,18.450000762939453,18.56999969482422,0.0,-0.0001,0.009,430.5,466.5,429.0,453.0,160.0,114.66064784373596,114.70410560639048,113.60035535136014,114.25218200683594,13609900.0
2022-04-05,431.939126638141,434.4156320427128,426.8152993870447,427.9634094238281,74214500.0,18.790000915527344,21.56999969482422,18.549999237060547,21.030000686645508,0.0,0.0003,0.009,471.0,490.5,440.25,450.0,105.0,113.6437577991806,113.66114355009832,111.49707508060192,111.67090606689452,25196900.0
2022-04-06,424.0351838301639,425.9708333848193,420.790076589019,423.68408203125,106898000.0,21.270000457763672,24.780000686645508,21.239999771118164,22.100000381469727,0.0,0.0011,0.009,448.5,450.0,405.0,430.5,138.0,109.88056297035304,111.5057860507498,109.85449097201716,110.7670440673828,22952000.0
2022-04-07,422.8016387112071,427.640820370861,420.8469935201735,425.8190002441406,78097200.0,21.96999931335449,23.81999969482422,21.1200008392334,21.549999237060547,0.0,0.0019,0.009,436.5,450.0,408.0,430.5,291.0,109.60245997792413,110.08915500374644,108.99409119564622,109.9327163696289,23458800.0
2022-04-08,425.0598962746841,427.5838618920814,423.1337157978344,424.6803588867188,79272700.0,21.25,22.34000015258789,20.280000686645508,21.15999984741211,0.0,0.0019,0.009,420.0,446.5499877929688,420.0,441.0,37.0,109.02884880617113,109.35911182667056,107.99462188233562,108.74205017089844,26859200.0
2022-04-11,421.3973501116836,422.2418477063847,416.9187677503184,417.4216613769531,89770500.0,23.09000015258789,24.420000076293945,22.09000015258789,24.3700008392334,0.0,0.0029,0.009,435.0,435.0,420.0,427.5,29.0,107.69911583005246,107.93377707798707,106.51713660613814,107.0212173461914,30020700.0
2022-04-12,420.4199783284058,422.9534418596944,414.3188285059621,415.8749694824219,84363600.0,24.940000534057617,25.3799991607666,22.270000457763672,24.26000022888184,0.0,0.0033,0.009,421.5,427.5,397.5,424.5,158.0,107.81209048072094,107.90769221763672,106.61272564694868,106.87345886230467,23124200.0
2022-04-13,415.6282453101172,421.3972888860872,415.4479599836638,420.6382141113281,74070400.0,23.520000457763672,24.450000762939453,21.3700008392334,21.81999969482422,0.0,0.0033,0.009,404.25,423.0,404.25,423.0,4.0,106.94302113409796,108.02939881067056,106.80396160874956,107.09076690673828,17189500.0
2022-04-14,420.86594548757074,421.9856199112848,415.2961537775196,415.4005432128906,97869500.0,21.71999931335449,22.700000762939453,20.850000381469727,22.700000762939453,0.0,0.0036,0.009,420.0,420.0,378.0,381.0,194.0,106.77787470123894,106.8387115774064,104.62249877425074,104.9440689086914,34274500.0
2022-04-15,420.86594548757074,421.9856199112848,415.2961537775196,415.4005432128906,97869500.0,21.71999931335449,22.700000762939453,20.850000381469727,22.700000762939453,0.0,0.0036,0.009,420.0,420.0,378.0,381.0,194.0,106.77787470123894,106.8387115774064,104.62249877425074,104.9440689086914,34274500.0
2022-04-18,414.4706713145492,417.2603162227855,413.332030102549,415.57135009765625,66002500.0,24.520000457763672,24.600000381469727,21.979999542236328,22.170000076293945,0.0,0.0039,0.009,403.2000122070313,426.0,376.5,387.0,135.0,105.0483696026728,105.23088024171165,104.02282889470024,104.42261505126952,18784300.0
2022-04-19,415.4669024532441,423.0008364279452,415.2961149824249,422.27972412109375,77821000.0,22.549999237060547,22.920000076293945,20.36000061035156,21.3700008392334,0.0,0.0032,0.009,375.0,398.1000061035156,369.75,370.5,56.0,103.55350250487784,104.04889036950108,103.1363306359058,103.64041137695312,26012300.0
2022-04-20,424.06364137177405,424.6803932967964,420.7995674484736,421.9666442871094,65224400.0,21.1299991607666,21.31999969482422,19.75,20.31999969482422,0.0,0.0025,0.009,375.0,397.5,360.0,381.0,141.0,104.48341860691696,106.00434674454382,104.22268541674988,105.72623443603516,31423200.0
2022-04-21,425.60084316349423,426.9956658037581,414.7459035993521,415.6567993164063,85417300.0,20.239999771118164,23.280000686645508,19.809999465942383,22.68000030517578,0.0,0.0022,0.009,381.0,396.0,344.8500061035156,345.0,105.0,105.01359866166057,105.0831284146297,103.57088612580064,104.9440689086914,23323200.0
2022-04-22,414.5655465281797,415.6756941570096,403.6821442602448,404.25146484375,132471800.0,22.709999084472656,28.270000457763672,22.6200008392334,28.209999084472656,0.0,0.0018,0.009,352.5,354.0,337.5,351.0,81.0,104.3530914676394,105.54376376120445,104.12712305943752,104.28356170654295,19773400.0
2022-04-25,402.0027147028392,406.76597183059135,397.4197139696294,406.5951843261719,119647700.0,30.040000915527344,31.600000381469727,26.799999237060547,27.020000457763672,0.0,0.0018,0.009,352.5,352.5,331.5,333.0,97.0,105.49159428609865,106.19557138771692,105.27431879451608,105.32646942138672,25418900.0
2022-04-26,404.0522253657664,404.2515064124361,394.7913901520683,394.8198547363281,103996300.0,27.3799991607666,33.810001373291016,27.059999465942383,33.52000045776367,0.0,0.0023,0.009,330.0,345.0,322.5,339.0,76.0,106.41283652190396,106.9256034493836,105.82184697709287,106.3867645263672,26931300.0
2022-04-27,395.9014975768421,401.2910329549323,393.7855627963593,395.9299621582031,122030000.0,31.11000061035156,32.77000045776367,29.81999969482422,31.600000381469727,0.0,0.0024,0.009,330.0,384.0,330.0,353.25,195.0,106.19558621374767,106.30856709808408,104.9614562099126,105.02229309082033,14560500.0
2022-04-28,400.69325298442976,407.66736507678297,396.2431066472543,405.9309387207031,105449100.0,29.90999984741211,32.0,28.0,29.989999771118164,0.0,0.0022,0.009,349.3500061035156,349.5,337.5,349.5,7.0,104.63119429693614,105.22218395067428,104.30093790806455,105.17872619628906,16892500.0
2022-04-29,401.92673399978656,404.0901289590842,390.1798679914565,390.9294738769531,145491100.0,28.96999931335449,34.34000015258789,28.540000915527344,33.400001525878906,0.0,0.0019,0.009,325.3500061035156,382.5,325.3500061035156,382.5,84.0,103.69255812228404,105.13527063371414,103.51874037352664,103.8142318725586,26153400.0
2022-05-01,401.92673399978656,404.0901289590842,390.1798679914565,390.9294738769531,145491100.0,28.96999931335449,34.34000015258789,28.540000915527344,33.400001525878906,0.0,0.0019,0.0099,325.3500061035156,382.5,325.3500061035156,382.5,84.0,103.69255812228404,105.13527063371414,103.51874037352664,103.8142318725586,26153400.0
2022-05-02,390.9959633529791,394.64907282128,384.3064963886446,393.28271484375,158312500.0,33.349998474121094,36.63999938964844,31.739999771118164,32.34000015258789,0.0,0.0026,0.0099,355.5,382.5,355.5,382.5,15.0,102.60671265232516,102.96364753183909,101.79707177683235,102.01471710205078,29233900.0
2022-05-03,393.7855489717306,397.5050559376166,392.2199101812944,395.0854797363281,100028200.0,31.76000022888184,32.81999969482422,29.059999465942383,29.25,0.0,0.0019,0.0099,382.5,390.0,360.0,379.5,63.0,103.6340290164232,103.86908311358955,102.63285890061957,102.70250701904295,21256700.0
2022-05-04,395.7497049845453,407.6863555366896,392.55205797111023,407.1170349121094,144247900.0,29.1200008392334,29.420000076293945,24.940000534057617,25.420000076293945,0.0,0.0027,0.0099,387.0,421.5,375.0,421.5,25.0,102.70250749950054,103.57308905783552,102.16274454220918,103.26838684082033,25575700.0
2022-05-05,402.8376368844943,403.2646345508752,388.5004069530426,392.64691162109375,172929100.0,25.96999931335449,33.20000076293945,25.780000686645508,31.200000762939453,0.0,0.0034,0.0099,394.5,394.5,375.0,390.0,36.0,101.29215386275057,101.39662603146694,99.26369742040538,100.4389877319336,48384500.0
2022-05-06,390.0755670157502,393.5863245784682,384.9802036999898,390.3032836914063,151770800.0,32.22999954223633,35.34000015258789,29.82999992370605,30.190000534057617,0.0,0.004,0.0099,381.75,390.0,375.0,390.0,195.0,99.36817401028824,100.1516987054984,98.645589755705,98.95899963378906,32790500.0
2022-05-09,384.3824341372997,385.62543597067287,376.22224843041454,377.8068542480469,155586100.0,31.899999618530277,35.47999954223633,31.899999618530277,34.75,0.0,0.0044,0.0099,367.5,369.75,352.5,352.5,215.0,98.25381675629605,99.86439100840224,98.04487908128996,99.8295669555664,26773000.0
2022-05-10,383.8035142558361,385.3121948088029,374.62807478065565,378.6796875,132497200.0,33.65999984741211,34.84000015258789,32.2400016784668,32.9900016784668,0.0,0.0037,0.0099,375.0,375.0,339.0,345.0,100.0,100.89170557098775,101.82322765865544,100.5347705529897,100.73500061035156,33640800.0
2022-05-11,377.71190234105785,383.37658562932586,371.9143650365518,372.6639709472656,142361000.0,32.869998931884766,34.38999938964844,30.690000534057617,32.560001373291016,0.0,0.0025,0.0099,339.0,339.29998779296875,280.5,294.0,506.0,99.89054146127587,102.67640686035156,99.62937093893238,102.67640686035156,34173600.0
2022-05-12,369.4568841023517,375.5580349064348,365.45270165002927,372.2749938964844,125090800.0,33.7400016784668,34.7599983215332,31.700000762939453,31.770000457763672,0.0,0.0028,0.0099,285.0,335.25,246.0,277.5,511.0,102.74602611769224,103.50343441683944,102.43262288709006,102.48485565185548,26405700.0
2022-05-13,376.4215044235309,382.5606177445396,375.3777546786815,381.17529296875,104174400.0,31.09000015258789,31.200000762939453,28.780000686645508,28.8700008392334,0.0,0.0032,0.0099,286.5,295.5,276.0,292.5,360.0,101.84063620694408,101.98863348154303,100.90040650594402,100.97005462646484,20782700.0
2022-05-16,379.5242405914911,383.31017481839024,377.2659538747973,379.6286010742188,78622400.0,30.01000022888184,30.229999542236328,27.36000061035156,27.46999931335449,0.0,0.003,0.0099,312.0,312.0,297.0,298.5,31.0,101.1702722557347,101.80579965398285,100.8568623938602,100.86557006835938,11050600.0
2022-05-17,385.7391888919735,387.6748670554885,381.9911887211895,387.4376525878906,83029700.0,27.06999969482422,27.170000076293945,25.51000022888184,26.100000381469727,0.0,0.0027,0.0099,312.0,318.0,306.29998779296875,316.5,85.0,99.86437382689677,100.42154529239188,99.55967171951784,99.646728515625,15040800.0
2022-05-18,382.86414689090776,383.1487926664534,370.5764260089453,371.8194274902344,117674500.0,26.739999771118164,31.489999771118164,26.209999084472656,30.959999084472656,0.0,0.0021,0.0099,316.5,316.5,300.0,301.5,25.0,99.87310537194575,101.8580300224829,99.7773408807348,101.7709732055664,21337300.0
2022-05-19,368.7451686144613,373.98288298423296,367.3123838565206,369.5422058105469,98510700.0,31.239999771118164,33.11000061035156,29.059999465942383,29.350000381469727,0.0,0.0021,0.0099,316.5,316.5,303.0,312.0,72.0,103.28576500428528,103.35541310243714,101.72742367868052,102.01471710205078,21937500.0
2022-05-20,373.138382819018,376.7250646538933,361.0784065769548,369.7035217285156,131432200.0,28.780000686645508,32.90999984741211,28.059999465942383,29.43000030517578,0.0,0.0018,0.0099,298.5,334.5,279.0,301.5,657.0,101.93638427781738,103.61660683241524,101.91026789563348,103.17261505126952,22780900.0
2022-05-23,372.7398124572106,377.3892390375753,370.41512812387145,376.6206665039063,76414900.0,28.979999542236328,30.38999938964844,28.290000915527344,28.479999542236328,0.0,0.0021,0.0099,307.5,311.25,307.5,307.5,76.0,102.47613791564386,102.94625267840452,101.457559250667,101.47496795654295,15925200.0
2022-05-24,372.4836996470706,374.9412384284281,367.1700889774752,373.7456970214844,91448800.0,29.43000030517578,31.06999969482422,29.040000915527344,29.450000762939453,0.0,0.0026,0.0099,300.75,300.75,286.5,286.5,90.0,102.6415603655757,104.15637031857534,102.60673630847104,103.4773178100586,23388200.0
2022-05-25,372.2464195513246,379.0212784765752,371.8479154715119,377.0476379394531,91472900.0,29.32999992370605,30.229999542236328,28.15999984741211,28.3700008392334,0.0,0.0027,0.0099,306.0,314.3999938964844,301.5,301.5,182.0,104.13022867857696,104.13893635124344,103.24223204282332,103.88646697998048,14410800.0
2022-05-26,378.2812024273643,386.2231386417738,378.0724525251895,384.5816040039063,82168300.0,28.420000076293945,28.459999084472656,27.11000061035156,27.5,0.0,0.0029,0.0099,318.0,318.0,294.0,313.5,59.0,103.6166042262565,103.67754466382272,102.55450040610356,103.41637420654295,14912900.0
2022-05-27,387.0486543092304,394.1366244354948,386.8494022453567,394.0227661132813,84768700.0,27.5,27.540000915527344,25.56999969482422,25.71999931335449,0.0,0.0027,0.0099,297.0,349.5,297.0,349.5,57.0,103.91261553384608,104.24343413552522,103.3728525755178,103.66885375976562,11190400.0
2022-05-30,387.0486543092304,394.1366244354948,386.8494022453567,394.0227661132813,84768700.0,27.5,27.540000915527344,25.56999969482422,25.71999931335449,0.0,0.0027,0.0099,297.0,349.5,297.0,349.5,57.0,103.91261553384608,104.24343413552522,103.3728525755178,103.66885375976562,11190400.0
2022-05-31,392.4002074826735,395.1613876894027,389.0602378053124,391.8119201660156,95937000.0,27.46999931335449,28.350000381469727,25.940000534057617,26.190000534057617,0.0,0.0032,0.0099,336.0,348.0,331.5,348.0,58.0,102.01473082682574,102.05826255452936,100.92650405432676,101.47496795654295,28393700.0
2022-06-01,393.9374053108898,394.95266140674994,386.11879536858646,388.6427612304688,86585800.0,26.049999237060547,27.729999542236328,25.3799991607666,25.690000534057617,0.0,0.0028,0.0103,343.6499938964844,345.0,339.75,342.0,63.0,102.06542468934012,102.335782997471,100.89677308944655,101.35900115966795,15544800.0
2022-06-02,388.4815142256935,396.0913461194014,386.22322720889935,396.0439147949219,79609600.0,25.729999542236328,26.5,24.32999992370605,24.71999931335449,0.0,0.0027,0.0103,328.5,328.5,328.5,328.5,2.0,101.71657551407348,101.78634754941064,100.69618444912072,101.4113311767578,9832000.0
2022-06-03,391.3089902038216,392.8651310512936,388.56680594414985,389.5441284179688,71874300.0,24.90999984741211,25.959999084472656,24.76000022888184,24.790000915527344,0.0,0.003,0.0103,330.0,333.45001220703125,313.5,330.0,31.0,100.3734859933718,101.21945355821518,100.18162289181242,101.19329071044922,15330400.0
2022-06-06,393.5673313620774,395.3037288108325,389.5536514825728,390.7302551269531,57508900.0,25.3700008392334,25.809999465942383,24.81999969482422,25.06999969482422,0.0,0.0031,0.0103,330.0,354.0,328.5,343.5,35.0,100.42582874058306,100.73979625393603,99.2571704066964,99.32694244384766,20815400.0
2022-06-07,387.2289205256619,394.9336421548613,386.7639604571099,394.4781799316406,59272400.0,25.540000915527344,26.239999771118164,23.8799991607666,24.020000457763672,0.0,0.0023,0.0103,342.0,355.5,333.0,334.5,431.0,99.9548622220301,100.9752531578486,99.92869937554654,100.39965057373048,14278700.0
2022-06-08,392.7607584707246,394.55411386892246,389.3923243809042,390.1893615722656,64350000.0,24.3700008392334,24.780000686645508,23.739999771118164,23.959999084472656,0.0,0.0025,0.0103,340.5,340.5,323.25,333.0,41.0,100.01588499208488,100.40834089461724,99.49260823743342,99.51004791259766,11476100.0
2022-06-09,388.4055491902739,390.6828027099809,380.9095764160156,380.9095764160156,86289800.0,24.290000915527344,26.239999771118164,23.81999969482422,26.09000015258789,0.0,0.0021,0.0103,333.0,360.0,333.0,358.5,114.0,99.28330694497414,100.04206267679533,99.14376956147971,99.84147644042967,15527300.0
2022-06-10,374.6850525131261,375.539018923671,369.81740632911726,369.8648376464844,132893900.0,26.26000022888184,29.6299991607666,26.049999237060547,27.75,0.0,0.0009,0.0103,363.0,363.0,357.0,358.5,25.0,99.73680451131334,99.954837048868,98.52454413481536,99.22224426269533,21917100.0
2022-06-13,360.42368296422063,362.28343636021015,354.20864627859,355.8217163085937,170004900.0,31.3700008392334,35.04999923706055,31.290000915527344,34.02000045776367,0.0,0.0003,0.0103,357.0,358.6499938964844,337.5,342.0,158.0,97.23380591176654,97.39078963293323,95.27151272409604,96.10875701904295,36968300.0
2022-06-14,357.5771495518812,358.6114013157457,351.6372890983715,354.7495422363281,104011800.0,33.0099983215332,34.0,32.060001373291016,32.689998626708984,0.0,0.0004,0.0103,337.5,345.0,325.5,330.0,112.0,96.39658037477622,96.78904308097596,94.7046451233908,94.89651489257812,21865900.0
2022-06-15,358.0610216928037,364.26656078644334,353.0890153068255,359.80694580078125,125666800.0,32.38999938964844,32.77000045776367,27.76000022888184,29.6200008392334,0.0,0.0013,0.0103,330.0,336.0,306.75,334.5,77.0,96.01281819132136,96.79773676476654,95.08836223472252,96.66691589355467,25202800.0
2022-06-16,351.5613800602234,351.96938204270447,345.460201230786,347.8987731933594,134473300.0,30.350000381469727,34.81999969482422,30.350000381469727,32.95000076293945,0.0,0.0014,0.0103,321.0,334.5,315.0,327.0,29.0,94.58252512716626,97.43439483642578,94.29472719495206,97.43439483642578,26067300.0
2022-06-17,348.3152920555213,352.0032306713774,345.1324194424218,348.6488037109375,111113900.0,32.84000015258789,33.310001373291016,30.46999931335449,31.1299991607666,0.0,0.0008,0.0103,319.5,355.5,315.0,355.5,121.0,97.68731845366872,98.40246504587016,96.7715789613184,97.74836730957033,21614300.0
2022-06-20,348.3152920555213,352.0032306713774,345.1324194424218,348.6488037109375,111113900.0,32.84000015258789,33.310001373291016,30.46999931335449,31.1299991607666,0.0,0.0008,0.0103,319.5,355.5,315.0,355.5,121.0,97.68731845366872,98.40246504587016,96.7715789613184,97.74836730957033,21614300.0
2022-06-21,354.3951412687327,358.8168459845613,354.3188884339103,357.425537109375,76811900.0,30.6299991607666,30.649999618530277,29.32999992370605,30.190000534057617,0.0,0.001,0.0103,367.5,370.5,349.5,370.5,153.0,96.01282865972316,96.8239101650788,95.76863322220991,96.09132385253906,17663800.0
2022-06-22,353.1848911507089,360.9038480652857,352.7655877768449,356.7775573730469,90059400.0,31.450000762939453,31.56999969482422,28.780000686645508,28.950000762939453,0.0,0.001,0.0103,370.5,383.7000122070313,360.0,375.0,261.0,98.2803818157746,98.82109843234213,98.0100168536636,98.73388671875,23703800.0
2022-06-23,358.9216589541497,361.00860756659887,355.3480709955404,360.2748413085937,79292100.0,29.290000915527344,29.770000457763672,28.739999771118164,29.049999237060547,0.0,0.0008,0.0103,380.5499877929688,380.5499877929688,355.5,358.5,59.0,99.33566582269158,100.44326863604994,98.97808912190354,99.54497528076172,20669200.0
2022-06-24,363.4577121981464,371.7389089912618,363.4291246578567,371.7293701171875,98050300.0,29.06999969482422,29.71999931335449,26.82999992370605,27.229999542236328,0.0,0.0009,0.0103,373.5,412.5,367.5,412.5,259.0,98.9518877790303,99.57109939807542,98.11464361861051,98.1669692993164,18161300.0
2022-06-27,372.6538057621737,372.9492200917813,369.21364511264136,370.3095397949219,66009600.0,28.299999237060547,28.65999984741211,26.93000030517578,26.950000762939453,0.0,0.0012,0.0103,424.2000122070313,424.2000122070313,403.5,403.5,201.0,96.99832770182996,97.87045795391788,96.94600201592894,97.3297348022461,12053000.0
2022-06-28,371.872354190672,374.6645107225344,362.62866130813416,362.7430114746094,86548900.0,26.899999618530277,28.68000030517578,26.46999931335449,28.36000061035156,0.0,0.001,0.0103,408.0,408.0,382.0499877929688,385.2000122070313,27.0,97.05939432148996,97.83558985563629,96.69310114547578,97.78326416015624,13706600.0
2022-06-29,363.29574686594935,364.286801041329,360.6179404700163,362.4476013183594,65676000.0,28.799999237060547,29.36000061035156,27.850000381469727,28.15999984741211,0.0,0.0004,0.0103,379.5,391.5,372.0,372.0,13.0,98.00999983374312,99.33564160391724,97.82685327085578,99.30947875976562,12925400.0
2022-06-30,358.5404645110338,362.7525464498455,355.0335903944629,359.5029602050781,112508300.0,29.420000076293945,30.21999931335449,28.280000686645508,28.709999084472656,0.0,0.0006,0.0103,349.5,372.0,349.5,358.5,11.0,100.1728869413374,100.96652205554436,100.07695207588668,100.18161010742188,25802100.0
2022-07-01,358.84543616792405,363.7436484326006,356.21526590396945,363.3052673339844,74839700.0,29.530000686645508,29.59000015258789,26.690000534057617,26.700000762939453,0.0,0.0004,0.0115,382.5,390.0,367.7999877929688,372.0,45.0,101.280046586737,102.75686065954504,100.68582344885534,101.21013641357422,21858800.0
2022-07-04,358.84543616792405,363.7436484326006,356.21526590396945,363.3052673339844,74839700.0,29.530000686645508,29.59000015258789,26.690000534057617,26.700000762939453,0.0,0.0004,0.0115,382.5,390.0,367.7999877929688,372.0,45.0,101.280046586737,102.75686065954504,100.68582344885534,101.21013641357422,21858800.0
2022-07-05,358.197399099367,364.0104412734267,355.3575774256308,363.9913635253906,81438000.0,27.3700008392334,29.81999969482422,27.299999237060547,27.540000915527344,0.0,0.0,0.0115,375.0,375.0,375.0,375.0,6.0,102.14514660323152,102.89666417429764,101.5159684816878,102.00533294677734,16689700.0
2022-07-06,364.1342575317376,367.7173839005978,361.7423560768026,365.22064208984375,70426200.0,27.84000015258789,28.06999969482422,26.43000030517578,26.729999542236328,0.0,-0.0004,0.0115,375.0,385.5,355.5,370.5,102.0,102.5821111371276,102.713191069647,100.2926025390625,100.2926025390625,20205400.0
2022-07-07,367.0027657050705,371.4911846715667,365.2397895803047,370.6907043457031,64525900.0,26.729999542236328,26.790000915527344,25.65999984741211,26.07999992370605,0.0,-0.0002,0.0115,375.0,412.5,354.1499938964844,406.2000122070313,275.0,100.58096918914408,100.64213893060108,99.19153934733409,99.41000366210938,13088000.0
2022-07-08,369.0515185508626,372.2630069526186,367.5172722738607,370.38568115234375,72397800.0,26.40999984741211,26.61000061035156,24.43000030517578,24.63999938964844,0.0,-0.0003,0.0115,412.5,423.0,397.5,415.5,29.0,99.18277889675564,99.18277889675564,97.91568879350916,98.30892181396484,15320000.0
2022-07-11,367.6983874150096,368.6703928823558,365.4589331166824,366.1546020507813,58366900.0,26.420000076293945,26.739999771118164,25.790000915527344,26.170000076293945,0.0,-0.0008,0.0115,442.5,485.5499877929688,442.5,450.0,183.0,99.4362029616574,100.31006008584772,99.35755235363986,100.00421142578124,13639900.0
2022-07-12,365.6018346381297,367.9937652777005,361.1610528959377,362.91448974609375,62219200.0,27.13999938964844,27.75,25.81999969482422,27.290000915527344,0.0,-0.0007,0.0115,448.5,448.5,375.0,376.5,35.0,100.9392535034982,101.56843179451468,100.46736978523586,100.59844970703124,18547300.0
2022-07-13,357.4540957624864,363.9532680138976,357.0347924506578,361.0086059570313,84224600.0,27.350000381469727,29.059999465942383,26.229999542236328,26.81999969482422,0.0,-0.0022,0.0115,384.0,397.5,360.0,378.0,61.0,99.41875636148502,101.93547001370146,99.13912225201688,101.75196075439452,20594800.0
2022-07-14,356.0342257471146,361.2183137887282,353.58514853179514,360.1319580078125,89704800.0,27.46999931335449,28.450000762939453,26.200000762939453,26.399999618530277,0.0,-0.0019,0.0115,378.0,378.0,378.0,378.0,0.0,100.56349019612044,101.50725759115844,100.0304367600528,100.92176818847656,15665000.0
2022-07-15,364.5536231626373,367.1266182327333,362.6381997127906,367.0122680664063,79060400.0,26.71999931335449,26.71999931335449,24.1299991607666,24.229999542236328,0.0,-0.002,0.0115,404.8500061035156,404.8500061035156,404.8500061035156,404.8500061035156,2.0,101.22761677952492,102.0839997853475,101.0178929142832,101.48977661132812,16022600.0
2022-07-18,370.1093469595716,370.78593810865794,362.75251969143335,363.9818420410156,63203600.0,24.82999992370605,25.90999984741211,24.3799991607666,25.299999237060547,0.0,-0.0019,0.0115,403.2000122070313,418.5,399.0,418.5,45.0,100.71205288996592,100.77322263371792,99.777025854327,100.4324188232422,15838300.0
2022-07-19,367.9175404264999,374.38812509860895,367.2600270043928,373.81634521484375,78506000.0,25.1200008392334,25.40999984741211,24.229999542236328,24.5,0.0,-0.0022,0.0115,420.0,420.0,401.25,420.0,47.0,100.41491403148436,100.62463785090937,99.32259274927084,99.89059448242188,9276800.0
2022-07-20,374.0069718886808,377.618686452621,372.6347117135144,376.1987609863281,71843800.0,24.229999542236328,24.729999542236328,23.399999618530277,23.8799991607666,0.0,-0.0021,0.0115,414.0,414.0,402.0,409.5,69.0,100.91302913570092,100.97419887104854,99.66341311331274,100.15277099609376,9117300.0
2022-07-21,375.6174984649812,380.0773298161558,373.20651865026207,380.0296936035156,64903900.0,24.06999969482422,24.670000076293945,22.920000076293945,23.11000061035156,0.0,-0.0019,0.0115,411.0,412.5,411.0,412.5,7.0,100.65961608043744,101.99661657061368,100.50232151294604,101.8830108642578,14754900.0
2022-07-22,380.1534717718848,381.35417735040375,374.2737165666292,376.5036315917969,72197300.0,23.299999237060547,23.809999465942383,22.40999984741211,23.030000686645508,0.0,-0.0021,0.0115,417.0,427.5,397.5,427.5,50.0,103.368574667701,104.22495103723448,103.08894061501636,103.59577941894533,17715300.0
2022-07-25,377.1326458462782,377.8187758914489,374.71212748110185,376.9611206054688,53631500.0,24.32999992370605,24.56999969482422,23.190000534057617,23.36000061035156,0.0,-0.0019,0.0115,420.0,421.5,378.0,386.25,127.0,101.98786914500664,102.71317219358652,101.77814529171889,102.58209228515624,24868100.0
2022-07-26,375.31251747797376,375.5221691455496,371.6055305018474,372.5013122558594,52946400.0,23.950000762939453,25.309999465942383,23.81999969482422,24.690000534057617,0.0,-0.0021,0.0115,397.5,401.1000061035156,375.0,401.1000061035156,113.0,103.86669508918216,104.19875851382304,102.59086403618954,102.66077423095705,13536000.0
2022-07-27,375.80799416530095,383.9272039462675,375.51257991177977,382.17376708984375,82342100.0,24.270000457763672,24.40999984741211,23.020000457763672,23.239999771118164,0.0,-0.0018,0.0115,402.0,426.0,399.0,412.5,94.0,103.12389185352949,103.54333958339014,101.98787480673737,102.08399963378906,15725600.0
2022-07-28,382.9838107617271,387.6628029165216,379.41973266149375,386.9671630859375,73966600.0,23.32999992370605,23.540000915527344,22.21999931335449,22.32999992370605,0.0,-0.0017,0.0115,420.75,420.75,403.5,406.5,19.0,103.15885020836676,103.91910174293562,102.52093148746256,102.89669036865234,16637900.0
2022-07-29,388.4061300068698,393.5997563368219,387.6342373050366,392.6086730957031,87003700.0,22.1299991607666,22.15999984741211,21.209999084472656,21.32999992370605,0.0,-0.0022,0.0115,403.5,405.0,403.2000122070313,403.5,17.0,102.8529886789076,104.25989928929906,102.52966578522842,102.61705017089844,16655900.0
2022-08-01,389.90222919861486,393.961834059431,389.18751167139686,391.4460144042969,69997500.0,22.40999984741211,23.270000457763672,22.26000022888184,22.84000015258789,0.0,-0.003,0.0108,403.5,415.5,402.0,403.5,81.0,103.52139227169796,105.14096451475532,103.37256819446448,105.08843994140624,17974600.0
2022-08-02,389.8736878063429,393.5711649045606,387.6818987628926,388.8635559082031,63435400.0,24.07999992370605,24.68000030517578,22.670000076293945,23.93000030517578,0.0,-0.0031,0.0108,426.0,426.0,409.5,409.5,15.0,105.18473815742404,105.65747934912748,102.68096444531878,102.86480712890624,17896300.0
2022-08-03,390.9981480641734,396.125060100099,390.7122726681648,394.9529418945313,67820600.0,23.86000061035156,23.920000076293945,21.68000030517578,21.950000762939453,0.0,-0.0037,0.0108,418.5,447.0,418.5,438.0,57.0,102.57590434815086,104.6069367839532,101.84053364443172,104.484375,16731200.0
2022-08-04,394.87676168254734,395.5628918410747,393.0375617721677,394.6861877441406,45656600.0,22.059999465942383,22.65999984741211,21.440000534057617,21.440000534057617,0.0,-0.0035,0.0108,433.6499938964844,445.5,431.25,445.5,10.0,104.16046426300449,104.6594677187747,103.77526626938668,104.44935607910156,11003000.0
2022-08-05,390.38827994527,394.6670466027406,390.3311048647374,394.01904296875,56814900.0,21.5,22.57999992370605,20.76000022888184,21.149999618530277,0.0,-0.0041,0.0108,445.5,447.75,420.0,423.0,26.0,102.48834702991915,102.52336563180494,101.4553216511926,101.96308135986328,19492300.0
2022-08-08,395.7153680087928,397.9738712959136,392.45624248886287,393.5616760253906,53886100.0,21.739999771118164,22.01000022888184,20.82999992370605,21.290000915527344,0.0,-0.0044,0.0108,443.25,450.0,417.0,417.0,97.0,102.98735207089146,103.76649760778498,102.91731486599608,103.60891723632812,17476300.0
2022-08-09,392.8279082108979,393.33297422227287,390.9219943442848,391.9988403320313,44931800.0,21.40999984741211,22.229999542236328,21.40999984741211,21.770000457763672,0.0,-0.0048,0.0108,408.0,454.5,408.0,429.0,69.0,103.06615479100856,103.61768280075326,102.82978087317792,103.20622253417967,8223200.0
2022-08-10,399.079260699188,400.3752971125264,397.1161719530156,400.2323303222656,68665700.0,22.280000686645508,22.34000015258789,19.540000915527344,19.739999771118164,0.0,-0.0045,0.0108,420.0,445.5,412.5,438.75,155.0,103.06616473721178,104.09919032436382,102.1907195507818,102.53214263916016,14665300.0
2022-08-11,403.0912008165285,404.9590171451064,399.4890251570347,400.2323303222656,59489700.0,19.84000015258789,20.850000381469727,19.709999084472656,20.200000762939453,0.0,-0.0036,0.0108,434.1000061035156,434.1000061035156,434.1000061035156,434.1000061035156,2.0,102.31326516619308,102.4795951835176,99.8795223222495,100.14215850830078,20663800.0
2022-08-12,402.1763452052989,407.1126543031395,401.2233884335798,407.0078430175781,61694500.0,20.34000015258789,20.350000381469727,19.1200008392334,19.530000686645508,0.0,-0.0041,0.0108,444.0,444.0,406.5,424.5,28.0,100.76372242265886,101.17518265870646,100.17717585085786,101.15767669677734,12178400.0
2022-08-15,404.7874081344015,409.2091411942346,404.7302330587942,408.68499755859375,54048300.0,20.739999771118164,21.15999984741211,19.809999465942383,19.950000762939453,0.0,-0.0041,0.0108,435.0,448.5,435.0,445.5,59.0,101.8405253211206,102.20821064292966,101.07012939453124,101.07012939453124,9031800.0
2022-08-16,407.6082390501984,411.4200664046575,406.79821992098886,409.4855651855469,59289000.0,20.229999542236328,20.38999938964844,19.5,19.690000534057617,0.0,-0.0043,0.0108,450.0,464.3999938964844,439.5,445.5,293.0,100.89502313793383,101.56911276152007,100.01082193269012,101.49032592773438,11066000.0
2022-08-17,405.87386175365134,409.294973408256,404.5683155020595,406.57904052734375,63563400.0,19.739999771118164,20.6299991607666,19.40999984741211,19.899999618530277,0.0,-0.0039,0.0108,465.0,466.5,444.0,450.0,18.0,100.72872421668065,100.76374282674549,100.07214030597753,100.43107604980467,14131300.0
2022-08-18,406.7791382170342,408.4468126683968,405.4831308884467,407.7607116699219,49023200.0,20.51000022888184,20.61000061035156,19.43000030517578,19.559999465942383,0.0,-0.0034,0.0108,450.0,452.3999938964844,409.5,442.5,195.0,100.64992460139298,101.23647121765303,100.31725118748376,100.57988739013672,10738200.0
2022-08-19,404.9876134524029,405.2544402076987,401.4044863824872,402.2812194824219,68016900.0,20.15999984741211,21.270000457763672,20.07999992370605,20.600000381469727,0.0,-0.0027,0.0108,461.25,462.0,439.5,452.25,52.0,99.12666387533312,99.22295670345926,98.69769091429886,98.9603271484375,16330900.0
2022-08-22,397.43064705593497,397.6022013931033,392.9994034708054,393.90472412109375,77695600.0,22.40999984741211,24.6200008392334,22.38999938964844,23.799999237060547,0.0,-0.0029,0.0108,438.0,458.8500061035156,438.0,442.5,100.0,98.80274138982377,98.89028457008718,98.16366348357928,98.62765502929688,10457200.0
2022-08-23,393.4758357704832,395.8773053899406,392.39898999121,392.9517211914063,49105200.0,24.1299991607666,24.209999084472656,23.06999969482422,24.11000061035156,0.0,-0.0024,0.0108,435.0,448.5,435.0,442.5,69.0,98.2161722058077,99.34549700577152,97.82221796631428,98.08485412597656,17813200.0
2022-08-24,392.7230163851042,395.5818868105569,392.0369154016521,394.2096557617188,49177800.0,24.3700008392334,24.86000061035156,22.729999542236328,22.81999969482422,0.0,-0.0025,0.0108,435.0,465.0,435.0,465.0,91.0,97.60338692686145,97.93606038925188,97.05185883585412,97.36701965332033,13971600.0
2022-08-25,395.70569792523617,399.8224775068638,394.6098036276728,399.77484130859375,50942300.0,22.40999984741211,23.1299991607666,21.770000457763672,21.780000686645508,0.0,-0.0032,0.0108,450.0,463.5,433.5,442.5,113.0,97.454560366092,99.00409544669186,97.16566184423068,98.72395324707033,21429700.0
2022-08-26,399.6605680087445,400.2037312847819,386.1857448401869,386.242919921875,103087000.0,22.06999969482422,25.899999618530277,21.670000076293945,25.559999465942383,0.0,-0.0033,0.0108,427.5,441.0,423.0,435.0,258.0,98.31249130259329,99.79198903849944,98.05861141202564,99.46807861328124,18764400.0
2022-08-29,383.2792309230537,386.7479785011362,382.3262741371505,383.6889953613281,65370800.0,26.86000061035156,27.670000076293945,25.46999931335449,26.209999084472656,0.0,-0.003,0.0108,450.0,450.0,420.0,420.0,255.0,98.87276681579336,98.93404770258212,98.16365177824856,98.64514923095705,14278300.0
2022-08-30,384.8515572575619,385.0897964252239,377.3708415765896,379.4768676757813,85652400.0,25.75,27.690000534057617,25.1299991607666,26.209999084472656,0.0,-0.0035,0.0108,427.5,435.0,417.0,423.0,59.0,98.59261832437232,99.37176384020027,98.23368266832456,98.89026641845705,14346600.0
2022-08-31,381.115991650528,382.3643626848254,376.456048197128,376.5894470214844,76029700.0,25.86000061035156,26.6200008392334,25.309999465942383,25.8700008392334,0.0,-0.003,0.0108,438.0,438.0,427.5,428.25,158.0,98.65391644642165,99.2229504526796,97.6821717920896,97.9448013305664,13623500.0
2022-09-01,374.4072123299688,378.11419917142905,371.69127962474215,377.7711486816406,78740100.0,26.8799991607666,27.450000762939453,25.25,25.559999465942383,0.0,-0.0025,0.011,427.5,440.25,408.0,408.0,28.0,96.38851551781912,96.72188559374683,95.57262995664578,96.15164184570312,22490400.0
2022-09-02,381.4494684514096,382.669251741782,371.967538604723,373.7876892089844,99632100.0,25.51000022888184,26.280000686645508,23.190000534057617,25.46999931335449,0.0,-0.002,0.011,422.25,429.6000061035156,405.0,415.5,49.0,96.2217780841471,96.99379577376638,96.03754681821184,96.69551849365234,13024400.0
2022-09-05,381.4494684514096,382.669251741782,371.967538604723,373.7876892089844,99632100.0,25.51000022888184,26.280000686645508,23.190000534057617,25.46999931335449,0.0,-0.002,0.011,422.25,429.6000061035156,405.0,415.5,49.0,96.2217780841471,96.99379577376638,96.03754681821184,96.69551849365234,13024400.0
2022-09-06,374.6359445688764,375.5793625780909,370.1475257868744,372.37744140625,76637400.0,25.459999084472656,27.799999237060547,25.32999992370605,26.90999984741211,0.0,-0.0017,0.011,415.5,432.0,411.0,430.5,327.0,95.53749665855376,95.59890708570404,94.2390961646466,94.30050659179688,24648500.0
2022-09-07,372.0629905334641,379.8391230597622,371.8438290382599,379.0672302246094,70964200.0,26.93000030517578,27.149999618530277,24.540000915527344,24.63999938964844,0.0,-0.0018,0.011,435.0,435.0,426.0,427.5,185.0,95.02867382332526,96.04634008949051,94.9321707569394,95.79192352294922,17050100.0
2022-09-08,376.78958541975953,382.0022309523516,375.5793117281485,381.5448303222656,80821700.0,24.700000762939453,25.899999618530277,23.559999465942383,23.61000061035156,0.0,-0.0019,0.011,436.5,446.25,427.5,442.5,182.0,95.48487150936906,96.0814329201621,94.7918137185044,94.80935668945312,14671400.0
2022-09-09,383.7937705164396,388.3393925696906,383.5269438047842,387.4721984863281,76706900.0,23.489999771118164,23.56999969482422,22.63999938964844,22.790000915527344,0.0,-0.0023,0.011,450.0,465.0,439.5,459.75,317.0,95.03743949277688,95.44976951972328,94.4233285210484,95.01988983154295,12529800.0
2022-09-12,389.5497103488156,392.3609447639195,389.2447571690339,391.6366882324219,69256300.0,23.57999992370605,24.229999542236328,23.15999984741211,23.8700008392334,0.0,-0.0021,0.011,463.5,463.5,420.0,441.0,232.0,95.30063996458456,95.52873874578142,93.80046495575228,94.2391128540039,14806900.0
2022-09-13,382.9265935212206,384.1368671918231,373.482817832669,374.6072998046875,122947100.0,23.670000076293945,28.149999618530277,23.530000686645508,27.270000457763672,0.0,-0.0033,0.011,440.25,448.5,429.0,432.0,411.0,93.48460600403745,94.5198149580668,93.20387171277017,94.45840454101562,22158900.0
2022-09-14,375.912884639726,377.561510437167,372.720473419516,376.0367736816406,85023700.0,26.729999542236328,27.559999465942383,26.15999984741211,26.15999984741211,0.0,-0.0037,0.011,435.0,444.75,420.0,436.5,517.0,94.16892422672008,94.9321739520324,93.97592478068792,94.78303527832033,13077800.0
2022-09-15,374.473911020677,377.3327815354644,370.4905584164042,371.76751708984375,87633800.0,26.100000381469727,26.93000030517578,25.420000076293945,26.270000457763672,0.0,-0.0042,0.011,436.5,445.3500061035156,423.0,439.5,313.0,94.6163483787466,94.91463242393856,94.37948146355984,94.72162628173828,10260200.0
2022-09-16,367.5725640058656,369.59154848057193,365.63008718698416,368.9313049316406,103084800.0,27.46999931335449,28.450000762939453,26.13999938964844,26.299999237060547,0.0,-0.004,0.011,435.0,453.0,432.0,448.5,3807.0,93.8969599802643,94.79180536420624,93.66886121861936,93.93205261230467,18903800.0
2022-09-19,365.7736885415829,371.7923889160156,365.6971224730672,371.7923889160156,73278500.0,27.690000534057617,27.950000762939453,25.559999465942383,25.76000022888184,0.0,-0.0046,0.011,441.0,448.5,425.1000061035156,439.5,967.0,93.83555543135716,94.59003033444606,93.69519158762944,94.15138244628906,11084400.0
2022-09-20,368.4529468200879,369.4672282997592,364.75943675286993,367.5247802734375,77274900.0,25.649999618530277,27.809999465942383,25.61000061035156,27.15999984741211,0.0,-0.0039,0.011,434.25,435.0,424.5,429.0,59.0,92.72139350500176,93.7302783014932,92.46697692458464,93.21267700195312,20133800.0
2022-09-21,369.4576302203021,372.5196306127792,361.1041609544992,361.1137390136719,106746600.0,28.030000686645508,30.18000030517578,25.549999237060547,27.989999771118164,0.0,-0.0051,0.011,438.0,438.0,412.5,432.0,129.0,93.60744895235824,94.78302867636188,92.96702683656191,94.77425384521484,23132900.0
2022-09-22,360.3385855788934,361.98440540246816,357.3340248459854,358.08038330078125,89472600.0,28.15999984741211,28.3799991607666,26.709999084472656,27.350000381469727,0.0,-0.0041,0.011,416.25,423.0,414.0,420.0,15.0,92.80910273565648,92.95824138193665,91.87917153739866,92.3529052734375,29030600.0
2022-09-23,354.5974190369315,354.6357020723969,347.6218469958117,352.08087158203125,122346900.0,27.68000030517578,32.310001373291016,27.57999992370605,29.920000076293945,0.0,-0.0051,0.011,414.4500122070313,429.0,412.5,427.5,76.0,92.41432894669782,93.3705847724792,91.7300393485024,92.73015594482422,23042200.0
2022-09-26,350.6072445688274,354.24334411898207,347.373014644022,348.5978088378906,92581200.0,31.739999771118164,32.880001068115234,29.82999992370605,32.2599983215332,0.0,-0.0039,0.011,418.5,418.5,409.5,412.5,37.0,92.4319112020781,92.47577868132198,90.55449821412628,90.9580535888672,25104600.0
2022-09-27,352.14778414446056,354.42514263246454,345.3061598238864,347.7079162597656,108294100.0,31.200000762939453,34.13999938964844,30.299999237060547,32.599998474121094,0.0,-0.0033,0.011,408.0,444.0,405.0,421.5,121.0,90.1070226513626,90.3438961915385,88.51911989150587,88.56298065185547,34609500.0
2022-09-28,348.66480724606794,356.2432124213187,346.96157731312644,354.549560546875,110802200.0,34.5,34.880001068115234,30.030000686645508,30.18000030517578,0.0,-0.0035,0.011,423.0,429.0,418.5,418.5,37.0,90.47551553585588,91.63354575089537,89.90527860726299,91.5282745361328,39283100.0
2022-09-29,350.98995311103505,351.2770028154836,344.186612303056,347.1433410644531,112952300.0,31.670000076293945,33.459999084472656,31.15999984741211,31.84000015258789,0.0,-0.004,0.011,411.0,417.0,402.0,405.0,233.0,90.27375728755732,91.44056254225347,90.18602902858674,91.05455017089844,19127100.0
2022-09-30,346.19604000195835,350.1287964039732,341.64135226905466,341.7752990722656,153711200.0,31.61000061035156,33.25,29.38999938964844,31.6200008392334,0.0,-0.0039,0.011,403.7999877929688,436.9500122070313,402.0,412.5,172.0,91.47561458466735,91.99322249923893,89.68593734667539,89.87893676757812,26485700.0
2022-10-01,346.19604000195835,350.1287964039732,341.64135226905466,341.7752990722656,153711200.0,31.61000061035156,33.25,29.38999938964844,31.6200008392334,0.0,-0.0039,0.0116,403.7999877929688,436.9500122070313,402.0,412.5,172.0,91.47561458466735,91.99322249923893,89.68593734667539,89.87893676757812,26485700.0
2022-10-03,345.5071167591556,352.65494737821973,343.7177718900961,350.7986145019531,89756500.0,33.0,33.060001373291016,29.6299991607666,30.100000381469727,0.0,-0.0045,0.0116,413.25,424.5,402.0,408.0,115.0,91.32467561212476,92.05457112577204,90.70910512423856,91.30709075927734,27192200.0
2022-10-04,356.3388901479635,361.6973756271638,350.7603429439157,361.6686706542969,103602800.0,29.520000457763672,29.6200008392334,28.559999465942383,29.06999969482422,0.0,-0.0048,0.0116,405.0,414.1499938964844,403.5,403.5,39.0,91.58848387783178,92.0281789452153,90.84100360512262,91.05205535888672,13788700.0
2022-10-05,357.2862230097623,363.0944101650707,354.9514544776004,360.8266296386719,88065700.0,29.36000061035156,30.11000061035156,28.5,28.549999237060547,0.0,-0.0039,0.0116,402.0,408.6000061035156,402.0,402.0,23.0,90.33976329161368,90.43649004658975,89.32846316275135,90.18147277832033,20522100.0
2022-10-06,359.4200436718051,362.3863509600016,356.6068393173464,357.1044311523437,82333500.0,28.600000381469727,30.739999771118164,28.559999465942383,30.520000457763672,0.0,-0.004,0.0116,405.0,415.2000122070313,402.0,405.0,91.0,90.21661274296686,90.43646023288642,89.28446153265608,89.68019104003906,13965700.0
2022-10-07,353.0567985872474,357.190489539672,345.3731233499691,347.1433410644531,107789500.0,30.3700008392334,32.02000045776367,29.8799991607666,31.36000061035156,0.0,-0.0041,0.0116,405.0,416.25,402.0,402.0,23.0,88.65127988674573,89.36359015724571,88.35229058766066,88.8095703125,14814800.0
2022-10-10,353.0567985872474,357.190489539672,345.3731233499691,347.1433410644531,107789500.0,30.3700008392334,32.02000045776367,29.8799991607666,31.36000061035156,0.0,-0.0041,0.0116,405.0,416.25,402.0,402.0,23.0,88.65127988674573,89.36359015724571,88.35229058766066,88.8095703125,14814800.0
2022-10-11,342.7895929152904,347.37301498969447,340.3687094983833,342.3111572265625,92482800.0,33.560001373291016,34.43000030517578,32.45000076293945,33.630001068115234,0.0,-0.0037,0.0116,412.5,412.5,375.0,376.5,94.0,87.7103582340352,88.7304538720497,87.05081572266101,87.81588745117188,33246700.0
2022-10-12,342.7226153717063,344.3014472178976,340.9332414645344,341.1820373535156,76991800.0,33.540000915527344,34.529998779296875,33.11000061035156,33.56999969482422,0.0,-0.0037,0.0116,370.5,422.5499877929688,370.5,382.5,47.0,87.3058560587932,88.41388956495848,87.22671416296015,88.2468032836914,21447600.0
2022-10-13,334.1490155529715,351.65977770954976,333.096451291965,350.1861877441406,147254500.0,33.599998474121094,33.869998931884766,31.6299991607666,31.940000534057617,0.0,-0.005,0.0116,373.5,420.0,373.5,385.5,21.0,86.49683219555448,88.27319768545576,86.47924063203769,87.40260314941406,30292500.0
2022-10-14,352.6549207827784,354.2911917996768,341.5647854530019,342.2059020996094,123737000.0,31.88999938964844,32.97999954223633,31.13999938964844,32.02000045776367,0.0,-0.0048,0.0116,381.0,397.5,349.5,372.0,257.0,88.10610251547696,88.10610251547696,86.4000834535174,86.68148803710938,18728200.0
2022-10-17,348.31079674902963,352.1095776923561,341.8710411766843,350.9996032714844,93168200.0,32.27000045776367,32.59000015258789,30.700000762939453,31.3700008392334,0.0,-0.0043,0.0116,375.0,376.5,354.0,360.0,132.0,87.31462556239447,87.64000224662225,86.12745051766896,86.25935363769531,18969900.0
2022-10-18,358.9511733483431,359.2573792050148,351.6693668016211,355.1236877441406,97162900.0,31.100000381469727,31.93000030517578,30.420000076293945,30.5,0.0,-0.0042,0.0116,357.0,393.0,357.0,361.5,99.0,86.13627023369376,86.58476112899538,85.18653388552238,86.4616470336914,16931500.0
2022-10-19,353.07600490663964,355.8126725772297,349.7843646155051,352.6071472167969,79746900.0,30.940000534057617,31.899999618530277,30.76000022888184,30.76000022888184,0.0,-0.0041,0.0116,361.5,361.5,355.5,355.5,111.0,85.46792816719137,85.67018413824066,84.70285634516975,84.88752746582031,25431600.0
2022-10-20,352.1573276114291,356.5972242614072,348.8848150632648,349.6503295898437,88283100.0,31.299999237060547,31.31999969482422,29.76000022888184,29.979999542236328,0.0,-0.0038,0.0116,346.5,346.5,339.0,342.0,31.0,84.35988565054308,84.71164300356966,83.31340937032272,83.4365234375,25434900.0
2022-10-21,349.37290619784375,358.635415012312,347.8610621249689,358.1474304199219,131038400.0,30.209999084472656,30.440000534057617,29.239999771118164,29.690000534057617,0.0,-0.0028,0.0116,355.5,360.75,340.5,343.5,49.0,81.80085992536027,82.60110809545438,81.13252831451018,81.93276977539062,46280300.0
2022-10-24,359.6784487928094,363.6685866686993,357.01831794034774,362.5299072265625,85436900.0,30.649999618530277,30.950000762939453,29.780000686645508,29.850000381469727,0.0,-0.0025,0.0116,343.5,363.0,340.5,360.0,45.0,81.624995644043,82.26695342281644,80.77198610218858,81.25565338134766,31332600.0
2022-10-25,362.4532830290649,368.6346633675463,362.33846314683217,368.3189086914063,78846300.0,29.799999237060547,30.0,28.21999931335449,28.459999084472656,0.0,-0.0032,0.0116,354.75,358.5,349.5,355.5,39.0,83.17273921102105,83.74434426866593,83.04962510127795,83.62122344970703,31213100.0
2022-10-26,365.16123313746095,370.8641781012246,364.9028883902584,365.5439758300781,104087300.0,28.440000534057617,28.520000457763672,27.270000457763672,27.280000686645508,0.0,-0.0035,0.0116,357.0,360.0,342.0,343.5,12.0,84.21918458227759,85.02822855077562,84.21918458227759,84.82596588134766,24843900.0
2022-10-27,366.548770429649,368.3955254058148,362.97005118304014,363.592041015625,81971800.0,27.51000022888184,27.670000076293945,26.940000534057617,27.38999938964844,0.0,-0.0034,0.0116,354.0,354.0,339.0,340.5,88.0,85.28322745490976,86.0922644768151,84.61488931501707,85.71412658691406,20270000.0
2022-10-28,363.486758408299,372.7205621969107,363.3049504940016,372.24212646484375,100302000.0,27.43000030517578,27.59000015258789,25.75,25.75,0.0,-0.0039,0.0116,340.5,340.5,340.5,340.5,7.0,85.17772311052272,85.8548505154975,84.7820002608797,85.12496185302734,22244100.0
2022-10-31,369.7733746190449,371.6488343281588,368.6442734105965,369.5532836914063,96631300.0,26.90999984741211,27.06999969482422,25.84000015258789,25.8799991607666,0.0,-0.0041,0.0116,350.25,350.25,333.0,333.0,65.0,84.7380436649239,84.96668700482965,83.56845304100858,84.51819610595703,23956700.0
2022-11-01,373.313829651351,373.5530475062458,366.759254586953,367.9361877441406,85407600.0,25.959999084472656,26.350000381469727,25.65999984741211,25.809999465942383,0.0,-0.0047,0.0117,336.0,342.0,318.0,318.0,333.0,85.84579333281435,85.88105632751898,84.81437595918607,85.30804443359375,17585100.0
2022-11-02,367.3429405262177,371.868952956704,358.59715073623875,358.702392578125,126990400.0,26.040000915527344,26.6200008392334,25.38999938964844,25.86000061035156,0.0,-0.0051,0.0117,322.5,325.5,294.0,294.0,344.0,85.43149579370956,86.06620972563594,84.59401453262784,84.93782043457031,25010500.0
2022-11-03,355.44903329915525,358.0613028304703,352.88462486045256,355.0088806152344,87100100.0,25.979999542236328,26.8700008392334,25.100000381469727,25.299999237060547,0.0,-0.0057,0.0117,312.75,313.5,312.75,313.5,7.0,83.89756364409632,84.96424408070443,83.82703765017291,84.4793930053711,29097500.0
2022-11-04,360.7405213668858,362.5298662303547,354.0424215006572,360.1185607910156,103505200.0,25.6299991607666,25.709999084472656,24.0,24.549999237060547,0.0,-0.0049,0.0117,309.75,325.5,294.0,312.0,69.0,83.83585486530437,84.3295300957701,83.06008911132812,83.06008911132812,23561400.0
2022-11-07,361.4198817033071,364.15654904195054,359.3339090978177,363.5632934570313,68286900.0,25.670000076293945,25.670000076293945,24.34000015258789,24.350000381469727,0.0,-0.005,0.0117,327.0,327.0,291.0,301.5,72.0,83.57140485982747,83.62429600010626,82.19617468100964,82.23143768310547,14522800.0
2022-11-08,364.6732727169054,368.5103366644906,361.4294936112006,365.52490234375,84641100.0,24.709999084472656,26.15999984741211,24.239999771118164,25.540000915527344,0.0,-0.0053,0.0117,301.5,322.5,301.5,316.5,71.0,82.68986821716172,83.71246860049746,82.66341591545984,83.13064575195312,20360600.0
2022-11-09,363.5441665136991,364.7020020044285,357.4967318827505,357.99432373046875,78495500.0,25.34000015258789,26.350000381469727,25.020000457763672,26.09000015258789,0.0,-0.0049,0.0117,316.20001220703125,325.04998779296875,316.20001220703125,325.04998779296875,5.0,82.70745591618332,83.76531879210667,82.59285623443887,83.40388488769531,15637500.0
2022-11-10,371.31393196232233,378.0024828489434,369.0078976049732,377.6675720214844,141455800.0,26.51000022888184,26.59000015258789,22.84000015258789,23.530000686645508,0.0,-0.0052,0.0117,310.5,325.5,310.5,316.5,17.0,85.27280206264781,86.77144259034061,85.19345863019862,86.61276245117188,45380900.0
2022-11-11,371.31393196232233,378.0024828489434,369.0078976049732,377.6675720214844,141455800.0,26.51000022888184,26.59000015258789,22.84000015258789,23.530000686645508,0.0,-0.0052,0.0117,310.5,325.5,310.5,316.5,17.0,85.27280206264781,86.77144259034061,85.19345863019862,86.61276245117188,45380900.0
2022-11-14,379.5525694554103,382.9207458842393,377.8014786416533,378.0789794921875,71903500.0,23.989999771118164,24.32999992370605,22.86000061035156,23.729999542236328,0.0,-0.0052,0.0117,303.0,336.0,301.5,303.0,309.0,86.31302263013797,86.38354189354236,85.59014133011854,86.08381652832031,13741100.0
2022-11-15,383.8489311640371,384.9589054196068,377.47616455268087,381.30364990234375,93194500.0,23.770000457763672,26.21999931335449,23.18000030517578,24.540000915527344,0.0,-0.0057,0.0117,303.0,306.0,286.5,288.0,268.0,86.61276547281985,87.53840077121826,86.48934832979738,87.47669219970703,26608200.0
2022-11-16,379.6674320185533,380.62430341627146,377.7632672815415,378.3948059082031,68508500.0,24.290000915527344,24.71999931335449,23.989999771118164,24.11000061035156,0.0,-0.0068,0.0117,303.0,303.0,300.0,300.0,54.0,88.17312874230947,89.43375266994032,87.9262944167422,89.38967895507812,28507700.0
2022-11-17,373.6199962931831,377.9163687088292,373.3138196401911,377.2369689941406,74496300.0,24.049999237060547,25.18000030517578,23.809999465942383,23.93000030517578,0.0,-0.0066,0.0117,292.5,292.6499938964844,270.0,292.5,155.0,88.33178182452444,88.65795949798725,87.96153044971511,88.4463882446289,24528900.0
2022-11-18,380.5859792858429,380.6529672847848,376.0887017230512,378.9497375488281,92922500.0,24.030000686645508,24.1200008392334,22.979999542236328,23.1200008392334,0.0,-0.0069,0.0117,285.6000061035156,297.75,262.6499938964844,282.0,123.0,88.68440360265905,88.94005527888034,87.75877518088761,87.8381118774414,14941300.0
2022-11-21,377.6197605070804,378.7488618021571,375.7251445363085,377.5718994140625,51243200.0,24.049999237060547,24.1200008392334,22.299999237060547,22.36000061035156,0.0,-0.0065,0.0117,297.75,297.75,279.75,282.0,70.0,88.76373483779204,88.87833451454495,87.9791517817481,88.2083511352539,15534000.0
2022-11-22,379.5238733518545,382.81551300299,378.107693296842,382.65283203125,60429000.0,22.59000015258789,22.709999084472656,21.280000686645508,21.290000915527344,0.0,-0.0071,0.0117,294.0,294.0,273.0,273.0,61.0,88.72845983911289,89.58356876161915,88.62267088015346,89.46015167236328,18103100.0
2022-11-23,382.3179634847973,385.5521935507362,382.0883236888626,385.064208984375,68261600.0,21.489999771118164,21.780000686645508,20.31999969482422,20.350000381469727,0.0,-0.0075,0.0117,285.75,291.0,285.0,285.75,10.0,90.0419892656716,91.02051544189452,89.98909814016595,91.02051544189452,23234600.0
2022-11-24,382.3179634847973,385.5521935507362,382.0883236888626,385.064208984375,68261600.0,21.489999771118164,21.780000686645508,20.31999969482422,20.350000381469727,0.0,-0.0075,0.0117,285.75,291.0,285.0,285.75,10.0,90.0419892656716,91.02051544189452,89.98909814016595,91.02051544189452,23234600.0
2022-11-25,384.4995612015916,385.5329985034652,384.222089564338,384.9779968261719,30545400.0,20.61000061035156,21.11000061035156,20.459999084472656,20.5,0.0,-0.0074,0.0117,273.0,273.0,273.0,273.0,3.0,90.45633865710047,90.73843592435524,90.2976585239116,90.71199035644533,9486100.0
2022-11-28,381.8778357555847,383.5236558705619,378.0694767496235,378.8349914550781,67881600.0,22.09000015258789,22.5,21.649999618530277,22.209999084472656,0.0,-0.0077,0.0117,285.0,298.5,282.75,282.75,51.0,91.3378645050475,91.51417271904576,90.526835959492,90.96761322021484,14563200.0
2022-11-29,378.9689080128027,380.16499726824185,376.3375116508364,378.1842956542969,52310000.0,22.09000015258789,22.56999969482422,21.82999992370605,21.88999938964844,0.0,-0.0073,0.0117,285.0,285.0,285.0,285.0,3.0,90.05082553369233,90.7648827803108,89.8392542616812,89.90096282958984,16576400.0
2022-11-30,378.4330559976652,390.0973205566406,376.509764364217,390.0973205566406,144566700.0,21.700000762939453,22.6299991607666,20.309999465942383,20.57999992370605,0.0,-0.007,0.0117,300.0,300.0,274.5,280.5,55.0,89.58358471485872,90.5621109008789,89.36319605540783,90.5621109008789,21581700.0
2022-12-01,391.14030826651214,392.3172705907876,387.29369578444215,389.8102722167969,76398200.0,20.82999992370605,21.059999465942383,19.799999237060547,19.84000015258789,0.0,-0.0072,0.0116,291.75,298.5,261.0,265.5,103.0,91.1488713597283,93.49938646022962,91.10468598246368,93.45520782470705,53156800.0
2022-12-02,384.90151055673,390.2695449532932,384.7962687221607,389.3605346679688,85342700.0,20.420000076293945,20.959999084472656,18.950000762939453,19.059999465942383,0.0,-0.0077,0.0116,279.0,307.5,259.5,270.0,430.0,93.04872110228204,94.6392934402386,92.43899799810754,94.63045501708984,24479500.0
2022-12-05,386.52820609599246,387.465921360625,380.9974906810029,382.3562316894531,77289800.0,20.299999237060547,21.290000915527344,19.780000686645508,20.75,0.0,-0.0081,0.0116,271.5,274.5,270.0,271.5,14.0,93.52589080995796,93.65844019408578,92.695261036791,93.3049774169922,20159700.0
2022-12-06,382.1935716115177,382.7389660938728,374.7491135958186,376.8446350097656,77972200.0,20.690000534057617,22.600000381469727,20.3799991607666,22.170000076293945,0.0,-0.0083,0.0116,276.0,276.0,255.0,262.5,96.0,94.1090953870518,94.8955464429658,93.83516496628698,94.5067367553711,21754500.0
2022-12-07,375.9930393761272,378.576603761954,375.0648729769194,376.20355224609375,65927900.0,22.31999969482422,23.01000022888184,22.18000030517578,22.68000030517578,0.0,-0.0084,0.0116,265.5,289.04998779296875,262.5,280.5,95.0,95.76154106339006,96.919125097909,95.61131483079684,96.73355865478516,30546700.0
2022-12-08,378.0981911058132,380.2224176484129,376.3088170014075,379.1507263183594,60737900.0,22.809999465942383,23.280000686645508,22.059999465942383,22.290000915527344,0.0,-0.0083,0.0116,285.0,285.0,259.5,270.0,67.0,96.05313422357746,96.71587435872196,95.8498976908416,96.46845245361328,13377300.0
2022-12-09,377.906738656957,380.4711466315057,376.1939309211038,376.3183288574219,81447700.0,22.549999237060547,23.209999084472656,22.18000030517578,22.82999992370605,0.0,-0.0076,0.0116,265.5,265.5,237.0,255.0,123.0,95.38159895164912,95.5848355622526,93.90589189493816,93.95891571044922,25872200.0
2022-12-12,377.1125524339295,381.7438354492188,376.4427600120724,381.7438354492188,75405800.0,24.399999618530277,25.049999237060547,24.18000030517578,25.0,0.0,-0.0078,0.0116,246.0,270.0,225.0,225.0,317.0,95.31087300821773,95.53178639702934,93.8970286681718,94.2593231201172,16897100.0
2022-12-13,392.5277951739108,392.78613994486886,381.8586846786503,384.6336059570313,123782500.0,25.239999771118164,25.84000015258789,21.459999084472656,22.549999237060547,0.0,-0.0071,0.0116,247.5,247.5,228.0,246.0,76.0,96.353578567276,96.38892551632831,94.9574044175444,95.1694793701172,23854700.0
2022-12-14,384.2890854473316,388.0113289824772,379.2176790178847,382.1744079589844,108111300.0,22.82999992370605,23.46999931335449,21.06999969482422,21.13999938964844,0.0,-0.0074,0.0116,282.0,282.0,225.0,249.0,315.0,95.1341543192043,95.71736221712912,94.45373723959273,95.57598114013672,19517500.0
2022-12-15,377.2943478348826,378.2033872647171,371.16082840278256,372.8257751464844,117705900.0,21.520000457763672,23.670000076293945,21.25,22.82999992370605,0.0,-0.0079,0.0116,261.0,262.5,226.5,243.0,321.0,96.01091106071952,96.65754163338536,95.80718286194248,95.94890594482422,20246200.0
2022-12-16,370.2601535058197,371.6059190307072,366.28053050111725,368.4241333007813,119858000.0,23.26000022888184,23.82999992370605,22.09000015258789,22.6200008392334,0.0,-0.0069,0.0116,225.0,251.5500030517578,225.0,246.0,907.0,94.42532748305652,95.51485348161371,94.16844725968858,94.87708282470705,20838300.0
2022-12-19,368.6163644403792,368.95281312475913,363.6273957458325,365.2999877929688,79878100.0,22.6299991607666,22.86000061035156,21.61000061035156,22.420000076293945,0.0,-0.0068,0.0116,229.5,242.25,229.5,232.5,204.0,93.7432459403471,93.75209898292636,92.99032508019576,93.28263092041016,26126800.0
2022-12-20,364.5406106633448,367.4244062499485,363.21405999982943,365.79986572265625,74427200.0,23.170000076293945,23.38999938964844,21.350000381469727,21.479999542236328,0.0,-0.0056,0.0116,252.0,252.0,231.0,234.0,134.0,91.5730686491016,91.95395903903332,91.32504825715512,91.626220703125,28869000.0
2022-12-21,368.40491962893446,372.4037867255959,367.8666134174116,371.2695007324219,78167400.0,21.25,21.290000915527344,19.940000534057617,20.06999969482422,0.0,-0.0053,0.0116,240.0,240.0,213.0,222.0,367.0,92.37914179703093,92.47657934513929,91.20103817575634,91.85652160644533,15894100.0
2022-12-22,368.2126968828108,371.25029904353386,360.2534206059007,365.9729614257813,100120900.0,20.07999992370605,24.299999237060547,20.01000022888184,21.96999931335449,0.0,-0.0057,0.0116,243.0,243.0,217.5,223.5,157.0,91.82996160788922,92.22857165725384,91.57308137822304,91.8388214111328,11322500.0
2022-12-23,364.9443602601523,368.2222784083417,363.3871151892416,368.0780944824219,59857300.0,22.170000076293945,22.63999938964844,20.780000686645508,20.8700008392334,0.0,-0.0056,0.0116,211.5,234.0,211.5,219.0,129.0,90.86444699872504,91.06817515452413,90.36839941815688,90.49241638183594,15408900.0
2022-12-26,364.9443602601523,368.2222784083417,363.3871151892416,368.0780944824219,59857300.0,22.170000076293945,22.63999938964844,20.780000686645508,20.8700008392334,0.0,-0.0056,0.0116,211.5,234.0,211.5,219.0,129.0,90.86444699872504,91.06817515452413,90.36839941815688,90.49241638183594,15408900.0
2022-12-27,367.9627291601254,368.30877056523445,364.9443422277344,366.6265563964844,51638200.0,21.670000076293945,22.799999237060547,21.59000015258789,21.649999618530277,0.0,-0.0048,0.0116,223.5,229.5,216.0,216.0,193.0,89.0131505501198,89.52691103777555,88.5879745836841,88.703125,26475700.0
2022-12-28,366.559282940557,368.5395164418001,361.8394961456738,362.0701904296875,70911500.0,21.46999931335449,22.26000022888184,20.959999084472656,22.13999938964844,0.0,-0.0043,0.0116,234.0,246.0,211.5,222.0,668.0,89.15488809936375,89.27003852565285,88.00335680426984,88.1805191040039,17302900.0
2022-12-29,364.9251668394023,369.462340431566,364.3964532994833,368.5875854492188,66970900.0,22.25,22.309999465942383,21.36000061035156,21.440000534057617,0.0,-0.0051,0.0116,238.5,238.5,199.8000030517578,225.0,659.0,88.45510901209849,89.4560506265941,88.39310389895364,89.18145751953125,16593000.0
2022-12-30,365.8961161204958,367.7609442126424,363.7716982316337,367.6167602539063,84022200.0,21.82999992370605,22.399999618530277,21.59000015258789,21.670000076293945,0.0,-0.0053,0.0116,211.5,225.0,190.5,195.0,749.0,88.46397672070405,89.0663150556672,88.02108108493853,88.18937683105469,20810200.0
2023-01-01,365.8961161204958,367.7609442126424,363.7716982316337,367.6167602539063,84022200.0,21.82999992370605,22.399999618530277,21.59000015258789,21.670000076293945,0.0,-0.0053,0.011,211.5,225.0,190.5,195.0,749.0,88.46397672070405,89.0663150556672,88.02108108493853,88.18937683105469,20810200.0
2023-01-02,365.8961161204958,367.7609442126424,363.7716982316337,367.6167602539063,84022200.0,21.82999992370605,22.399999618530277,21.59000015258789,21.670000076293945,0.0,-0.0053,0.011,211.5,225.0,190.5,195.0,749.0,88.46397672070405,89.0663150556672,88.02108108493853,88.18937683105469,20810200.0
2023-01-03,369.481572187265,371.4617765380731,363.1948883409904,366.069091796875,74850700.0,23.09000015258789,23.76000022888184,22.729999542236328,22.899999618530277,0.0,-0.0061,0.011,241.5,241.5,201.0,203.25,185.0,90.52782066719718,90.65183084349913,89.32314459050868,89.8723373413086,25313200.0
2023-01-04,368.3376827734689,370.93311118520086,365.28086572711294,368.8952331542969,85934100.0,22.93000030517578,23.270000457763672,21.940000534057617,22.01000022888184,0.0,-0.0067,0.011,195.0,228.0,186.0,228.0,162.0,91.43136760934976,91.66167521074256,90.5367166162107,91.10362243652344,21678200.0
2023-01-05,366.9342023188302,367.04954946455626,364.08886516079207,364.6848449707031,76970500.0,22.200000762939453,22.920000076293945,21.96999931335449,22.459999084472656,0.0,-0.0074,0.011,232.5,252.0,223.5,242.25,201.0,90.23553522437268,91.4933568729218,90.15581051698754,91.4844970703125,14771100.0
2023-01-06,367.7896987322517,374.172514342468,364.7136674038188,373.0478210449219,104189600.0,22.690000534057617,22.899999618530277,21.0,21.1299991607666,0.0,-0.0069,0.011,249.0,249.0,234.0,241.5,61.0,90.97074601834142,93.2738083544412,90.91760071330988,93.16751098632812,27473700.0
2023-01-09,375.2492115932317,378.4502421621429,372.6538123234202,372.83642578125,73978100.0,21.75,21.979999542236328,21.270000457763672,21.96999931335449,0.0,-0.0066,0.011,249.0,258.0,241.5,256.5,325.0,92.48544674121172,93.83184616318736,92.36142977685073,93.66354370117188,21472200.0
2023-01-10,372.2500184786919,375.51831490424064,371.3079678453285,375.4510192871094,65358100.0,22.21999931335449,22.459999084472656,20.57999992370605,20.57999992370605,0.0,-0.0063,0.011,262.5,276.0,246.0,270.0,241.0,92.59173126672204,92.84861146524098,91.67936762670068,92.1134033203125,20545200.0
2023-01-11,377.0371345019458,380.2765941727516,376.22005305330094,380.1996765136719,68881100.0,20.799999237060547,21.25,20.6200008392334,21.09000015258789,0.0,-0.0066,0.011,270.0,315.0,270.0,301.5,241.0,92.9814789335555,93.64582215913612,92.74231158783915,93.61038970947266,18794000.0
2023-01-12,381.3051469866937,383.0546276640249,377.2197691667525,381.5838928222656,90157700.0,21.559999465942383,21.799999237060547,18.82999992370605,18.82999992370605,0.0,-0.0069,0.011,312.6000061035156,312.6000061035156,285.0,307.5,88.0,93.73442094602125,95.49714347467552,92.61832218424728,95.4528579711914,32029600.0
2023-01-13,378.3732297866976,383.6409740118004,378.1040766852975,383.064208984375,63903900.0,19.0,19.40999984741211,18.010000228881836,18.350000381469727,0.0,-0.0073,0.011,307.5,307.5,294.0,307.5,36.0,94.86822254535474,95.48828035114504,94.23045189165023,94.55819702148438,17750800.0
2023-01-16,378.3732297866976,383.6409740118004,378.1040766852975,383.064208984375,63903900.0,19.0,19.40999984741211,18.010000228881836,18.350000381469727,0.0,-0.0073,0.011,307.5,307.5,294.0,307.5,36.0,94.86822254535474,95.48828035114504,94.23045189165023,94.55819702148438,17750800.0
2023-01-17,383.0450378495243,384.7272522586673,381.6800281070607,382.3625183105469,62677300.0,19.88999938964844,20.21999931335449,19.209999084472656,19.36000061035156,0.0,-0.0065,0.011,282.0,283.5,241.5,277.5,136.0,93.60156342401672,94.47850166158882,93.58385057186682,93.947021484375,13911700.0
2023-01-18,383.554478492644,384.6214688994839,376.12388712892096,376.3257446289063,99632300.0,19.280000686645508,20.57999992370605,18.709999084472656,20.34000015258789,0.0,-0.0069,0.011,283.5,283.5,247.5,247.5,52.0,96.07290498409412,96.34749807134726,94.88594811579344,96.2234878540039,35497200.0
2023-01-19,374.2782951082531,375.9316728273004,372.2596611662881,373.5862121582031,86958900.0,20.43000030517578,21.709999084472656,20.170000076293945,20.520000457763672,0.0,-0.007,0.011,262.5,279.0,252.0,279.0,27.0,95.75402481322077,95.99319221534694,95.16940615100742,95.62115478515624,17194700.0
2023-01-20,374.9896030178039,380.69952130177495,373.3362255124201,380.5457153320313,91806400.0,20.280000686645508,20.700000762939453,19.40999984741211,19.850000381469727,0.0,-0.0066,0.011,261.0,279.0,255.0,255.0,62.0,94.74422523291402,94.99224568577225,93.99130407015149,94.0710220336914,22754100.0
2023-01-23,381.3532344202499,387.0535315568682,380.3919689603618,385.1117858886719,84178800.0,20.209999084472656,20.32999992370605,19.549999237060547,19.809999465942383,0.0,-0.0069,0.011,273.0,273.0,255.0,256.5,69.0,93.5129547674966,94.07100065963286,93.44208986619547,93.62810516357422,12961500.0
2023-01-24,383.4295479228715,385.61160982281007,382.2375882127455,384.6984252929688,59524900.0,19.88999938964844,20.46999931335449,18.90999984741211,19.200000762939453,0.0,-0.0066,0.011,249.0,258.0,247.5,258.0,33.0,94.00015656630494,95.17825362579036,93.35352607186788,94.97452545166016,16417200.0
2023-01-25,380.6130286416279,385.1790390730216,378.315590364586,384.8425903320313,84800300.0,19.559999465942383,20.899999618530277,18.989999771118164,19.07999992370605,0.0,-0.0065,0.011,261.0,262.5,241.5,262.5,51.0,95.10738879747797,95.5857167821132,94.46075834842026,95.20482635498048,11906500.0
2023-01-26,387.5149288042469,389.2356020993196,384.5350001709371,389.0721740722656,72287400.0,19.049999237060547,19.479999542236328,18.670000076293945,18.729999542236328,0.0,-0.0068,0.011,246.0,252.0,235.5,235.5,383.0,94.90365543115423,95.35541077259252,94.3278898796034,94.76193237304688,15549400.0
2023-01-27,388.0243192842186,392.35001274142974,387.8128397640022,389.966064453125,68346200.0,18.899999618530277,19.0,17.969999313354492,18.51000022888184,0.0,-0.0067,0.011,198.0,247.5,195.0,220.5,1379.0,94.0621577214346,94.74421388510264,93.99129281251982,94.52276611328124,11845500.0
2023-01-30,387.1976608576454,389.4374254909292,384.7752828014121,385.0732727050781,74202000.0,19.76000022888184,20.25,19.540000915527344,19.940000534057617,0.0,-0.007,0.011,225.0,225.0,187.5,190.5,566.0,94.30130969972348,94.92136745883136,94.06214910161482,94.17729949951172,11459700.0
2023-01-31,385.5924228407964,390.7832505139325,385.2463520169904,390.7351989746094,86811800.0,20.1200008392334,20.700000762939453,19.1299991607666,19.399999618530277,0.0,-0.0069,0.011,190.5,211.5,189.0,208.5,438.0,94.76191062832204,95.02764383556494,93.77868221801276,94.93020629882812,13705300.0
2023-02-01,389.51434727901096,397.64667374216685,386.7651422965744,394.8878173828125,101459200.0,19.6200008392334,20.040000915527344,17.700000762939453,17.8700008392334,0.0,-0.007,0.0103,207.0,219.0,202.5,205.5,396.0,95.5119067272003,96.43549332806936,94.50838354815838,96.0713882446289,25305800.0
2023-02-02,398.7905878170156,402.1069654976732,396.8873009181119,400.63623046875,101654500.0,17.739999771118164,19.25,17.059999465942383,18.729999542236328,0.0,-0.0069,0.0103,216.0,225.0,210.0,216.0,994.0,96.72858804946208,97.1104584413067,95.991488283156,96.19574737548828,19548400.0
2023-02-03,395.647206038585,400.81881836954,395.1665733585408,396.3777770996094,94736800.0,18.56999969482422,19.299999237060547,17.93000030517578,18.32999992370605,0.0,-0.0077,0.0103,222.0,222.0,211.5,211.5,133.0,94.81922181295404,95.12116910718382,94.20645817909684,94.7570571899414,20619500.0
2023-02-06,393.91692329199503,395.3588212705136,392.2923825560251,393.9553527832031,60295300.0,19.229999542236328,19.809999465942383,19.209999084472656,19.43000030517578,0.0,-0.0081,0.0103,222.0,222.1499938964844,213.0,216.0,406.0,93.91339414685493,94.41071113448132,93.85122952340164,94.05548858642578,15182400.0
2023-02-07,393.03252354568434,400.3573601589839,391.7828904374817,399.1077270507813,90990700.0,19.540000915527344,19.989999771118164,18.43000030517578,18.65999984741211,0.0,-0.008,0.0103,217.5,220.5,196.5,210.0,382.0,93.54039604968932,94.33966024519434,93.24733138209834,93.30061340332033,18290300.0
2023-02-08,397.1275091219409,398.47327457670247,394.0514486520687,394.7435607910156,76227500.0,18.8799991607666,20.1200008392334,18.549999237060547,19.6299991607666,0.0,-0.0082,0.0103,211.5,219.0,210.8999938964844,214.5,288.0,93.282881226121,93.76243987831144,92.70563432392302,93.7446746826172,13530700.0
2023-02-09,398.35800306222177,398.5118090484608,390.0911146487058,391.321533203125,78694900.0,19.239999771118164,21.07999992370605,19.020000457763672,20.709999084472656,0.0,-0.0081,0.0103,214.5,214.5,208.5,210.0,948.0,94.55279933094332,94.68601116538638,92.7056123911026,92.85658264160156,20469900.0
2023-02-10,390.13916034833926,392.6192415030363,389.3221082284389,392.2347412109375,70769700.0,20.739999771118164,21.940000534057617,20.440000534057617,20.530000686645508,0.0,-0.0076,0.0103,205.5,208.5,193.5,207.0,315.0,92.71451090064872,92.75003451429326,91.57778236576917,91.81755828857422,16598300.0
2023-02-13,392.8883857479932,396.9737635969899,392.4269678066237,396.8391723632813,64913500.0,21.65999984741211,21.690000534057617,20.32999992370605,20.34000015258789,0.0,-0.008,0.0103,210.0,210.0,201.75,207.75,86.0,92.1017382366336,92.7322671191292,91.98629157660586,92.59017944335938,13134300.0
2023-02-14,395.3107297793623,398.9731481995332,392.6864943036978,396.6565246582031,88389300.0,20.71999931335449,20.75,18.479999542236328,18.90999984741211,0.0,-0.0083,0.0103,198.0,210.0,198.0,201.0,185.0,92.53687463179232,93.09636296735528,91.5955227693895,92.37702178955078,15440300.0
2023-02-15,394.4552129407061,398.0214989103764,393.6092948018598,397.9446105957031,61555700.0,19.3700008392334,19.40999984741211,18.11000061035156,18.229999542236328,0.0,-0.0081,0.0103,201.0,214.5,198.6000061035156,208.5,339.0,91.95964470982344,92.3148672643647,91.02716856556282,91.51560974121094,15246900.0
2023-02-16,392.9556783094092,396.9160869350225,392.3308616868133,392.4654235839844,76431500.0,18.26000022888184,20.270000457763672,18.229999542236328,20.170000076293945,0.0,-0.0076,0.0103,214.5,217.5,202.5,210.0,249.0,90.64530122337966,90.77851307346208,89.98813134519214,90.21902465820312,19267300.0
2023-02-17,390.3313637684741,391.725210110528,388.39921123505167,391.4848937988281,89257800.0,20.940000534057617,21.299999237060547,19.81999969482422,20.020000457763672,0.0,-0.0078,0.0103,214.5,215.25,195.0,199.5,405.0,89.78387241606266,90.92060089111328,89.66842575937152,90.92060089111328,19560900.0
2023-02-20,390.3313637684741,391.725210110528,388.39921123505167,391.4848937988281,89257800.0,20.940000534057617,21.299999237060547,19.81999969482422,20.020000457763672,0.0,-0.0078,0.0103,214.5,215.25,195.0,199.5,405.0,89.78387241606266,90.92060089111328,89.66842575937152,90.92060089111328,19560900.0
2023-02-21,387.4476027187317,388.5050004519839,383.37184709473024,383.6313781738281,82655900.0,21.799999237060547,23.34000015258789,21.799999237060547,22.8700008392334,0.0,-0.0072,0.0103,216.0,216.0,189.0,192.0,237.0,89.70394901787114,89.87267770384199,89.05565496254651,89.1533432006836,22728000.0
2023-02-22,384.0447434887899,385.59239604305503,381.6415799797693,383.1027221679688,83742300.0,23.030000686645508,23.6299991607666,22.020000457763672,22.290000915527344,0.0,-0.0073,0.0103,189.0,196.5,169.5,190.5,693.0,89.6861777039957,90.30783070203049,89.65065409478494,89.9703598022461,15165400.0
2023-02-23,386.005727465885,386.6209513962091,380.9014105944118,385.1405944824219,96242400.0,21.959999084472656,22.43000030517578,20.88999938964844,21.13999938964844,0.0,-0.0078,0.0103,181.5,187.5,174.0,186.0,535.0,90.1746360750539,91.10710558695442,90.1124714409272,90.84957122802734,15829100.0
2023-02-24,380.1035606580243,381.8626633550396,378.39250949469886,381.0263671875,108194400.0,21.350000381469727,22.899999618530277,21.31999969482422,21.670000076293945,0.0,-0.0083,0.0103,174.0,178.5,168.0,178.5,360.0,90.08578982660916,90.40549545102805,89.30428417783685,89.66839599609375,21403600.0
2023-02-27,384.3811893735747,385.7461991441104,381.38204603041686,382.3240966796875,80444700.0,21.989999771118164,22.020000457763672,20.68000030517578,20.950000762939453,0.0,-0.0086,0.0103,180.0,180.0,178.5,180.0,188.0,89.95259971939268,90.31670485004712,89.61513560129399,89.91707611083984,14209200.0
2023-02-28,381.8434392898417,383.8140214908837,380.8052563009639,380.9110107421875,96438600.0,21.299999237060547,21.3700008392334,20.100000381469727,20.700000762939453,0.0,-0.0089,0.0103,177.0,195.75,177.0,190.5,403.0,89.31318531590026,90.3344670073198,89.05564424412071,90.3255844116211,14955700.0
2023-03-01,380.0938897159903,381.3243080421548,378.1425224642881,379.4498291015625,99706800.0,20.38999938964844,21.31999969482422,20.21999931335449,20.57999992370605,0.0,-0.0088,0.0111,199.5,199.5,190.5,190.5,111.0,89.75583811224833,89.94279153306466,88.99021546006821,89.355224609375,19000000.0
2023-03-02,377.4696443451899,383.2468580842527,377.1331956289913,382.4009399414063,85127800.0,21.40999984741211,21.420000076293945,19.549999237060547,19.59000015258789,0.0,-0.0081,0.0111,180.1499938964844,205.5,180.1499938964844,205.5,101.0,88.18896029715374,88.71421607878544,88.02871357640015,88.56287384033203,23763600.0
2023-03-03,384.2273043085922,388.7837212979694,383.5736510140776,388.5337829589844,90120000.0,19.76000022888184,19.76000022888184,18.15999984741211,18.489999771118164,0.0,-0.0089,0.0111,198.0,198.0,189.0,193.5,12.0,89.8537650690342,90.7173166546698,89.53327155700178,90.70841217041016,30877300.0
2023-03-06,389.3604994840909,391.66755968109305,388.3608046899115,388.802978515625,72795900.0,19.049999237060547,19.190000534057617,18.489999771118164,18.61000061035156,0.0,-0.0091,0.0111,195.0,207.0,195.0,204.0,228.0,91.00219570965533,91.1090223483571,89.907175118044,90.0051040649414,16631900.0
2023-03-07,388.7549759968016,388.9952923529964,382.2279755486132,382.8431701660156,108310600.0,18.63999938964844,19.739999771118164,18.51000022888184,19.59000015258789,0.0,-0.0103,0.0111,205.5,208.5,196.5,196.5,79.0,90.32557600076584,91.1357140422062,89.80922472987831,90.55704498291016,23096500.0
2023-03-08,382.95851759749536,384.2273655669412,381.228222362903,383.4679870605469,74746600.0,19.709999084472656,20.01000022888184,19.0,19.11000061035156,0.0,-0.0107,0.0111,202.5,204.1499938964844,192.0,202.5,70.0,91.16242367546154,91.66987048112703,90.28996781709344,90.64607238769533,20252400.0
2023-03-09,384.25614779204574,385.9287692148654,375.40290337271455,376.39300537109375,111945300.0,19.32999992370605,23.13999938964844,18.8799991607666,22.61000061035156,0.0,-0.0097,0.0111,187.5,204.0,187.5,201.0,131.0,90.40570589670314,91.26925048264307,90.20984804285683,90.86863708496094,21550400.0
2023-03-10,375.8451909625842,377.93115001910456,369.43356646272906,370.96197509765625,189253000.0,23.34000015258789,28.96999931335449,21.790000915527344,24.799999237060547,0.0,-0.009,0.0111,196.5,202.5,190.5,198.0,211.0,92.613564419406,94.0913963707778,92.5868577587166,94.00236511230467,43921500.0
2023-03-13,367.0207168016272,375.2683898395796,365.9056454879313,370.4331970214844,157790000.0,24.049999237060547,30.809999465942383,23.850000381469727,26.520000457763672,0.0,-0.0048,0.0111,202.5,202.5,193.5,198.0,85.0,96.32591047833114,97.12714401675392,93.51269880047153,94.21600341796876,51502500.0
2023-03-14,375.3741515115561,378.2098962725371,372.057774034171,376.5565185546875,149752400.0,26.850000381469727,27.239999771118164,22.270000457763672,23.729999542236328,0.0,-0.0056,0.0111,205.5,207.0,195.0,195.0,140.0,93.60174309108,94.02016551611456,92.36428478290124,92.6669692993164,38417800.0
2023-03-15,370.9427111182641,374.4032430136639,368.8471302974384,374.2013854980469,172996900.0,23.209999084472656,29.90999984741211,23.190000534057617,26.13999938964844,0.0,-0.0042,0.0111,196.5,208.5,195.0,195.0,405.0,95.06176620751836,95.8897065764471,93.78869675405012,94.45639038085938,45164100.0
2023-03-16,371.83665113455567,381.1128554311192,371.3271816979503,380.7667846679688,143254200.0,26.190000534057617,27.489999771118164,22.96999931335449,22.989999771118164,0.0,-0.0058,0.0111,204.0,205.5,198.0,198.0,126.0,95.59591341740077,96.174582547392,93.51271269998868,93.71746826171876,43089300.0
2023-03-17,379.4313224007107,380.5699373745293,374.9250679756725,376.3145751953125,140553400.0,22.920000076293945,26.13999938964844,22.57999992370605,25.51000022888184,0.0,-0.0042,0.0111,204.0,204.0,195.0,198.0,238.0,94.94602032459406,95.90750062778032,94.77686912529376,95.1240692138672,38129000.0
2023-03-20,377.096197140022,380.34804947070256,376.3918141631783,379.93310546875,93055800.0,27.770000457763672,28.90999984741211,24.0,24.149999618530277,0.0,-0.0045,0.0111,205.5,205.5,195.0,201.0,13538.0,95.1507683318402,95.22199059876036,94.11807263001492,94.28722381591795,24242800.0
2023-03-21,383.3103612761474,385.4042809504184,381.7085673503459,384.92181396484375,91524200.0,24.15999984741211,24.15999984741211,21.290000915527344,21.3799991607666,0.0,-0.0058,0.0111,204.0,204.0,193.5,193.5,765.0,93.54834173834728,93.8510262934724,93.06760145185594,93.47711944580078,18934900.0
2023-03-22,384.7481168502928,388.3762484060382,378.3216533371149,378.3602294921875,111746600.0,21.799999237060547,22.3799991607666,19.940000534057617,22.26000022888184,0.0,-0.0048,0.0111,199.5,201.0,192.0,193.5,143.0,93.17443275397048,94.76798906233152,92.97857485002494,94.72348022460938,26388500.0
2023-03-23,381.2358051510508,385.28854009810937,376.66202699883297,379.3831481933594,119351300.0,21.540000915527344,24.90999984741211,20.15999984741211,22.61000061035156,0.0,-0.0038,0.0111,197.25,205.5,197.25,198.0,89.0,93.79761081913226,94.85702032203876,93.3168705436654,94.72348022460938,25475100.0
2023-03-24,378.0997544786836,381.9594906772583,375.745313041757,381.8726501464844,107682400.0,22.11000061035156,25.209999084472656,21.600000381469727,21.739999771118164,0.0,-0.0038,0.0111,192.1499938964844,195.0,187.6499938964844,195.0,423.0,95.33772923942088,95.64042050174088,94.59882023602064,95.1240692138672,23652700.0
2023-03-27,384.1595170439499,384.93148190774815,381.6892883746926,382.586669921875,74010400.0,22.049999237060547,22.93000030517578,20.56999969482422,20.600000381469727,0.0,-0.0041,0.0111,196.5,196.5,189.0,189.0,40.0,93.5216386356106,94.1537212237182,92.88065156256292,92.8895492553711,22224500.0
2023-03-28,381.8919580974175,382.5867118272092,379.88490812660376,381.7279357910156,62871700.0,20.530000686645508,21.399999618530277,19.90999984741211,19.96999931335449,0.0,-0.0047,0.0111,186.0,192.0,181.3500061035156,181.5,143.0,92.80050201048527,93.19221774614466,92.6046441426556,93.05867767333984,17794300.0
2023-03-29,385.9060563665928,387.5175091402753,384.69988883904426,387.2762756347656,77497900.0,19.38999938964844,19.450000762939453,19.09000015258789,19.1200008392334,0.0,-0.0051,0.0111,186.0,201.0,172.64999389648438,181.5,591.0,92.31976450909131,92.98745810040722,92.23074005534195,92.8717269897461,16804400.0
2023-03-30,389.9201626937426,390.1710549480257,387.67187951037874,389.5438537597656,69840000.0,19.1200008392334,20.07999992370605,18.850000381469727,19.020000457763672,0.0,-0.0055,0.0111,184.5,187.5,178.5,181.5,233.0,92.99635049409171,93.5216062495526,92.82719929946592,93.29904174804688,14315800.0
2023-03-31,390.4702141593181,395.3334899911043,390.3640561017006,395.0343627929688,112062600.0,19.209999084472656,19.43000030517578,18.520000457763672,18.700000762939453,0.0,-0.0058,0.0111,177.0,190.5,177.0,184.5,138.0,93.7887100786863,94.86592180125656,93.54834332742342,94.69677734375,25396700.0
2023-04-01,390.4702141593181,395.3334899911043,390.3640561017006,395.0343627929688,112062600.0,19.209999084472656,19.43000030517578,18.520000457763672,18.700000762939453,0.0,-0.0058,0.0106,177.0,190.5,177.0,184.5,138.0,93.7887100786863,94.86592180125656,93.54834332742342,94.69677734375,25396700.0
2023-04-03,394.5132446662317,396.9448675779732,394.11761821973766,396.5396118164063,67391100.0,19.790000915527344,19.82999992370605,18.540000915527344,18.549999237060547,0.0,-0.0054,0.0106,187.5,194.25,180.0,187.5,374.0,94.4995083183545,95.58837796790972,94.3388553076111,95.14212036132812,18234800.0
2023-04-04,397.1861987806899,397.4756967004807,392.9597823998485,394.3396606445313,66601500.0,18.790000915527344,20.030000686645508,18.57999992370605,19.0,0.0,-0.0049,0.0106,194.25,195.0,183.0,184.5,146.0,94.41024876623771,96.21313313069874,94.38347440200263,95.61514282226562,18052400.0
2023-04-05,393.60622556838814,394.3685316622369,391.6474107556744,393.3070983886719,65200200.0,19.420000076293945,20.07999992370605,19.0,19.07999992370605,0.0,-0.0049,0.0106,184.5,187.5,184.5,186.0,49.0,96.18638907836409,96.72190380713678,95.86508977419416,96.61479949951172,23047700.0
2023-04-06,392.5061555770095,395.12114767265496,391.4543811498551,394.84130859375,63743300.0,19.299999237060547,19.8799991607666,18.350000381469727,18.399999618530277,0.0,-0.0052,0.0106,190.5,190.5,181.5,184.5,37.0,96.76647734355086,97.16811319027468,96.7397029823058,96.86465454101562,16447300.0
2023-04-07,392.5061555770095,395.12114767265496,391.4543811498551,394.84130859375,63743300.0,19.299999237060547,19.8799991607666,18.350000381469727,18.399999618530277,0.0,-0.0058,0.0106,190.5,190.5,181.5,184.5,37.0,96.76647734355086,97.16811319027468,96.7397029823058,96.86465454101562,16447300.0
2023-04-10,392.3517801746106,395.3237932379976,391.7342377578668,395.24658203125,63681000.0,19.38999938964844,20.049999237060547,18.93000030517578,18.96999931335449,0.0,-0.0059,0.0106,192.0,192.0,178.5,184.5,207.0,96.07032845235314,96.17743271976944,95.1064104736566,95.30276489257812,19134400.0
2023-04-11,395.8738863972432,396.7616093080642,394.5808781941237,395.3528137207031,59297900.0,19.07999992370605,19.280000686645508,18.559999465942383,19.100000381469727,0.0,-0.006,0.0106,187.5,187.5,180.0,180.0,57.0,95.54376636752228,95.57946098758404,95.06180728447166,95.49913787841795,13971200.0
2023-04-12,397.4274190026867,397.7169169127743,393.15276783554935,393.7413635253906,86420400.0,19.3799991607666,19.979999542236328,18.25,19.09000015258789,0.0,-0.0054,0.0106,187.5,187.5,180.0,180.0,106.0,95.54376855050532,95.65086603184038,94.49952044202762,95.40096282958984,20563000.0
2023-04-13,394.8316774369353,399.3282733011196,393.68340364910426,398.9712524414063,85814800.0,18.82999992370605,19.059999465942383,17.770000457763672,17.799999237060547,0.0,-0.0051,0.0106,175.5,186.0,175.5,184.5,143.0,95.54376806975829,95.84722001114947,94.4995199665349,94.65125274658205,22079400.0
2023-04-14,398.33443692050383,400.5344854544586,395.6808681891024,397.9967041015625,78161500.0,17.940000534057617,18.1200008392334,17.06999969482422,17.06999969482422,0.0,-0.0056,0.0106,184.5,184.5,180.0,180.0,53.0,94.06215415218696,94.20495981892392,93.5087924076047,93.78547668457033,19801900.0
2023-04-17,397.90982075343015,399.444062248447,396.67470643651706,399.4247741699219,66436400.0,17.579999923706055,17.790000915527344,16.899999618530273,16.950000762939453,0.0,-0.0058,0.0106,180.0,183.0,175.5,175.5,186.0,93.19643390064309,93.34815984771414,92.5627489369782,92.66985321044922,19528800.0
2023-04-18,401.0072269804307,401.142331864498,398.3054237735474,399.6852722167969,63560000.0,16.940000534057617,17.34000015258789,16.579999923706055,16.829999923706055,0.0,-0.0061,0.0106,171.0,181.5,171.0,175.5,145.0,92.65200352958156,93.34816431709812,92.64308328004472,93.00008392333984,15922600.0
2023-04-19,397.7651722882593,400.5248699320839,397.7072785927563,399.6178588867188,55227300.0,17.299999237060547,17.719999313354492,16.170000076293945,16.459999084472656,0.0,-0.0064,0.0106,175.0500030517578,175.5,174.3000030517578,175.5,13.0,92.7412620006091,93.03578685515885,92.35748017444033,92.91083526611328,16093900.0
2023-04-20,396.79052346430586,399.1932292791825,395.8834830992031,397.4370422363281,75840400.0,16.850000381469727,17.690000534057617,16.329999923706055,17.170000076293945,0.0,-0.006,0.0106,177.0,177.0,168.0,168.0,209.0,93.56237078547454,93.9639999048904,93.49096793466931,93.70516967773438,16450100.0
2023-04-21,397.73616032830944,398.2089685800001,395.7870041880718,397.7458190917969,73457400.0,17.510000228881836,17.709999084472656,16.579999923706055,16.770000457763672,0.0,-0.006,0.0106,169.35000610351562,172.35000610351562,162.0,165.0,95.0,93.9818616096136,94.12466051340186,93.0625651523184,93.17859649658205,15244700.0
2023-04-24,397.5431336957735,398.5852788656045,396.2018908008796,398.1607055664063,64332100.0,18.21999931335449,18.239999771118164,16.739999771118164,16.889999389648438,0.0,-0.006,0.0106,172.5,172.5,151.5,159.0,313.0,93.6784192056045,94.15145129648202,93.5713149020775,94.0800552368164,17034300.0
2023-04-25,396.182596147338,396.7422743683408,391.7824993811231,391.8403930664063,97766700.0,17.6200008392334,19.86000061035156,17.329999923706055,18.76000022888184,0.0,-0.0046,0.0106,160.8000030517578,165.3000030517578,150.0,151.5,160.0,94.90112739079044,95.61513534886774,94.8564989143202,95.46340942382812,21899900.0
2023-04-26,392.4580155035605,393.53873703125976,389.6211067696234,390.1807556152344,80447000.0,18.65999984741211,19.61000061035156,17.8700008392334,18.84000015258789,0.0,-0.0047,0.0106,162.75,162.75,135.4499969482422,145.5,443.0,95.31169415843132,95.71332325418358,94.31207473410646,94.44595336914062,19610400.0
2023-04-27,392.7281590569557,398.2186361671352,392.47726678032,397.9484558105469,92968400.0,18.43000030517578,18.43000030517578,16.719999313354492,17.030000686645508,0.0,-0.0054,0.0106,151.5,157.5,141.60000610351562,150.0,201.0,93.89259374856226,93.9550695384797,93.36601306345104,93.5088119506836,20247600.0
2023-04-28,397.0607219935082,401.354690502432,397.0028283035073,401.3450317382813,89433100.0,17.209999084472656,17.649999618530273,15.720000267028809,15.779999732971191,0.0,-0.006,0.0106,165.0,168.0,145.5,150.0,247.0,94.79402972912216,95.2849157670551,94.48165080014208,95.01715850830078,26954100.0
2023-05-01,400.9011832079652,402.9757856930015,400.70818460344674,400.9397888183594,62122300.0,16.40999984741211,16.6200008392334,15.529999732971191,16.079999923706055,0.0,-0.0055,0.011,153.0,166.5,150.0,150.0,339.0,94.19219183921444,94.32640835818772,92.0179060767617,92.2773895263672,32487300.0
2023-05-02,400.225685952394,400.2739503234408,393.5194119627244,396.4335021972656,103998500.0,16.270000457763672,19.809999465942383,16.260000228881836,17.780000686645508,0.0,-0.0053,0.011,159.0,159.0,151.5,154.5,44.0,93.05583258928088,94.57693481445312,92.95740760484249,94.57693481445312,30057800.0
2023-05-03,396.9352787160303,399.3572727392138,393.4711688178537,393.71240234375,91531800.0,17.81999969482422,18.82999992370605,17.190000534057617,18.34000015258789,0.0,-0.0051,0.011,159.0,169.5,154.5,157.5,392.0,94.845390166831,95.38224950058118,94.20115623571608,95.10487365722656,23656200.0
2023-05-04,392.6605754309364,392.9886494487858,389.5824336944863,390.9237060546875,94901900.0,19.170000076293945,21.32999992370605,18.670000076293945,20.09000015258789,0.0,-0.0038,0.011,163.9499969482422,165.0,157.5,160.5,25.0,94.1474595171556,95.24801997734664,94.0848260505312,94.16535186767578,25110500.0
2023-05-05,394.5711500488338,399.2124800515957,394.3106284800999,398.1607055664063,87891800.0,19.5,19.6299991607666,16.690000534057617,17.190000534057617,0.0,-0.0048,0.011,165.0,170.25,163.5,163.5,27.0,93.36899752923452,93.86112243897644,93.15425521704488,93.8521728515625,15096500.0
2023-05-08,398.4888216565436,398.74934325278616,396.8580807323069,398.2668762207031,50046800.0,17.729999542236328,17.8799991607666,16.829999923706055,16.979999542236328,0.0,-0.0048,0.011,177.0,189.0,172.5,187.5,529.0,92.6263329939216,92.93950709501752,92.44738221603932,92.53685760498048,20587000.0
2023-05-09,396.71335381997807,397.6396822933551,396.2887804681279,396.5203552246094,49220100.0,17.290000915527344,17.860000610351562,17.219999313354492,17.709999084472656,0.0,-0.0048,0.011,181.5,204.0,181.5,204.0,41.0,92.60845326524009,92.73372019213303,92.16106943304086,92.205810546875,19182500.0
2023-05-10,399.3668666271847,400.0037265657887,394.5325381303641,398.37298583984375,96142900.0,17.579999923706055,18.309999465942383,16.360000610351562,16.940000534057617,0.0,-0.0047,0.011,204.0,204.0,195.0,199.5,90.0,92.76055462476674,93.27057187914806,92.7337126892522,93.10057067871094,22886800.0
2023-05-11,397.5046026258841,397.9677521339432,395.5940225627873,397.6782836914063,70157100.0,16.799999237060547,18.190000534057617,16.6299991607666,16.93000030517578,0.0,-0.005,0.011,195.75,196.5,186.1499938964844,189.0,37.0,94.21907068780436,94.41591390840884,93.70010362289044,94.08485412597656,19147200.0
2023-05-12,398.9231031265776,399.1353898248603,394.7256335385764,397.1572570800781,70481500.0,16.829999923706055,17.920000076293945,16.3799991607666,17.030000686645508,0.0,-0.0052,0.011,188.8500061035156,195.0,177.0,184.5,256.0,93.99535653748642,94.17430736005016,93.27953959415892,93.29743194580078,14198500.0
2023-05-15,397.7650986721773,398.9326605786748,395.8448894159821,398.52740478515625,54289400.0,17.440000534057617,18.15999984741211,17.079999923706055,17.1200008392334,0.0,-0.0049,0.011,199.5,199.5,169.5,169.5,276.0,92.51001308978384,92.58159612955332,92.26842886372984,92.33106231689452,20085300.0
2023-05-16,397.417726473918,398.34408437055214,395.8545380135922,395.86419677734375,57705500.0,17.540000915527344,18.299999237060547,17.260000228881836,17.989999771118164,0.0,-0.0052,0.011,186.0,186.0,135.0,144.0,1009.0,91.62422620641786,92.07161011677483,91.3647427192264,92.0537109375,29251700.0
2023-05-17,397.8905713366959,401.2774699124527,396.240542315304,400.6695861816406,87287000.0,17.959999084472656,18.26000022888184,16.68000030517578,16.8700008392334,0.0,-0.0055,0.011,148.5,148.5,136.5,147.89999389648438,291.0,92.23266986621772,92.30425293122828,91.5794863444359,91.78528594970705,21340900.0
2023-05-18,400.3510859057206,404.9538396469122,400.12916994583713,404.5292663574219,97177200.0,16.920000076293945,17.149999618530273,16.049999237060547,16.049999237060547,0.0,-0.0059,0.011,148.5,166.5,144.0,148.5,399.0,91.44526442595084,91.49895513481944,91.0426216553868,91.10525512695312,25536600.0
2023-05-19,405.4363698547904,405.9670718257059,402.715248651571,403.9407043457031,103793300.0,16.1299991607666,17.360000610351562,15.850000381469728,16.809999465942383,0.0,-0.0058,0.011,154.5,154.5,139.5,150.0,197.0,90.60418754524234,91.14104684930388,90.30891253872076,90.46102142333984,29038000.0
2023-05-22,403.9599716044401,405.648606053064,402.7151985370263,404.1047058105469,60745400.0,17.450000762939453,18.1299991607666,16.81999969482422,17.209999084472656,0.0,-0.0057,0.011,171.0,171.0,144.0,147.0,55.0,90.5952342184032,91.00682656208764,90.07626728772168,90.13890075683594,20131100.0
2023-05-23,402.454662297957,404.0371682026997,399.1738925667831,399.5695190429688,86383500.0,17.350000381469727,19.309999465942383,17.299999237060547,18.530000686645508,0.0,-0.0056,0.011,154.5,156.0,144.0,156.0,67.0,89.86152481308515,90.5952340901862,89.72730828616284,90.39838409423828,21749500.0
2023-05-24,397.9581224571478,398.3440901959979,395.5071816719006,396.67474365234375,89213700.0,18.799999237060547,20.809999465942383,18.799999237060547,20.030000686645508,0.0,-0.0058,0.011,174.0,174.0,144.0,144.0,137.0,90.6220568058513,90.69363984856253,89.95098114013672,89.95098114013672,18473400.0
2023-05-25,400.1967038045329,401.5669229937081,397.94842061968114,400.10986328125,90961600.0,19.540000915527344,19.950000762939453,18.700000762939453,19.13999938964844,0.0,-0.0067,0.011,148.5,157.5,145.5,147.0,76.0,90.10308801870715,90.1925702334098,89.50359540879298,89.72728729248047,22492800.0
2023-05-26,400.7660221606442,406.0152654358038,400.6888403981192,405.2915649414063,93830000.0,19.06999969482422,19.559999465942383,17.270000457763672,17.950000762939453,0.0,-0.0074,0.011,146.25,150.0,145.5,147.0,50.0,89.58414556987506,90.52364756931848,89.47677098713757,90.45206451416016,17030300.0
2023-05-29,400.7660221606442,406.0152654358038,400.6888403981192,405.2915649414063,93830000.0,19.06999969482422,19.559999465942383,17.270000457763672,17.950000762939453,0.0,-0.0074,0.011,146.25,150.0,145.5,147.0,50.0,89.58414556987506,90.52364756931848,89.47677098713757,90.45206451416016,17030300.0
2023-05-30,407.23111777674455,407.76181972765335,404.0564764926679,405.4459838867188,72216000.0,17.559999465942383,18.34000015258789,16.979999542236328,17.459999084472656,0.0,-0.0077,0.011,156.0,159.0,148.5,159.0,545.0,90.72942415938245,91.48102556851411,90.59520767159916,91.3557586669922,23125200.0
2023-05-31,403.6125463412608,404.5195865536788,401.62478488360745,403.1976318359375,110811800.0,18.040000915527344,18.399999618530277,17.1200008392334,17.940000534057617,0.0,-0.0076,0.011,162.0,162.0,144.0,149.6999969482422,419.0,91.25735480740433,92.32213054317933,91.14998705356868,92.1521224975586,23787000.0
2023-06-01,403.4292886743903,408.0899368025651,402.1748861409727,407.0285034179688,88865000.0,17.239999771118164,17.59000015258789,15.579999923706056,15.649999618530272,0.0,-0.0072,0.011,154.5,157.5,150.0,152.25,174.0,92.6572116352564,92.97121127770367,92.07406553089496,92.513671875,21040400.0
2023-06-02,409.6145242472178,413.7058353960196,409.0838222727568,412.9146118164063,91426200.0,15.649999618530272,15.649999618530272,14.420000076293944,14.600000381469728,0.0,-0.0081,0.011,156.0,157.5,148.5,156.0,71.0,92.4060277230016,92.46882766223,91.45505525906248,91.49990844726562,19136500.0
2023-06-05,413.26193659754,414.5549446371605,411.4189091048681,412.1233215332031,65460200.0,15.279999732971191,15.289999961853027,14.65999984741211,14.729999542236328,0.0,-0.0077,0.011,157.5,159.0,151.5,154.5,118.0,90.92574795674676,91.90364067991766,90.8001480612468,91.3294677734375,14433200.0
2023-06-06,411.7084860997642,413.5514844991804,411.05230846684015,413.0207824707031,64022200.0,14.90999984741211,14.970000267028809,13.949999809265137,13.960000038146973,0.0,-0.0081,0.011,151.5,159.0,151.5,158.25,64.0,91.36531530845392,91.93052148317778,90.96160247908992,91.8677215576172,14332100.0
2023-06-07,413.416360399151,414.5549755483885,411.1680474977833,411.5926208496094,85373300.0,14.140000343322754,14.289999961853027,13.770000457763672,13.9399995803833,0.0,-0.0077,0.011,159.0,174.0,155.25,169.5,185.0,91.6613931056244,91.89465295141508,90.41436087743092,90.50407409667967,25251100.0
2023-06-08,411.6601290941159,414.53564295041497,410.88819369048633,414.0821228027344,61952800.0,14.140000343322754,14.210000038146973,13.529999732971191,13.649999618530272,0.0,-0.0079,0.011,180.0,183.0,166.5,172.5,263.0,90.49510705466896,91.63447930651772,90.4323071170817,91.56270599365234,23845100.0
2023-06-09,414.88305848527847,416.84187353554825,413.8312838471978,414.8251647949219,85742800.0,13.779999732971191,14.140000343322754,13.5,13.829999923706056,0.0,-0.0084,0.011,172.5,172.5,166.5,168.0,155.0,91.1500244790818,91.7511106052382,90.91676462240908,91.4371109008789,22147400.0
2023-06-12,415.80933294952047,418.6655290743698,415.0856325178986,418.58831787109375,76104300.0,14.4399995803833,15.020000457763672,14.31999969482422,15.010000228881836,0.0,-0.0082,0.011,177.0,177.0,165.0,172.5,373.0,91.72417769594476,91.77801109423034,90.7193788569974,91.70623779296876,19010300.0
2023-06-13,420.0550450473256,421.9945422203873,419.38923828050775,421.3480529785156,95899700.0,14.989999771118164,15.0600004196167,14.470000267028809,14.609999656677246,0.0,-0.0083,0.011,147.75,172.5,147.0,150.0,3212.0,91.60758079850098,91.80495401837037,90.584834881615,90.8001480102539,25910800.0
2023-06-14,421.6858312205728,423.6639342094121,418.3857438705528,421.849853515625,100612100.0,14.479999542236328,14.729999542236328,13.829999923706056,13.880000114440918,0.0,-0.0091,0.011,150.0,153.0,148.5,150.0,1143.0,91.17692338488386,91.7690428866077,91.02441024462618,91.5268096923828,29094200.0
2023-06-15,421.0296483104209,428.3342059147727,420.9331784663069,427.0798034667969,110303100.0,14.09000015258789,14.520000457763672,13.789999961853027,14.5,0.0,-0.009,0.011,150.0,154.5,148.8000030517578,154.5,599.0,92.4329343980983,92.9712205308216,92.04716141478868,92.40602111816406,25732000.0
2023-06-16,429.072983957888,429.6444062311506,425.1504965071728,425.62506103515625,114165800.0,14.489999771118164,14.539999961853027,13.479999542236328,13.539999961853027,0.0,-0.0093,0.011,160.5,163.5,147.0,147.0,2276.0,91.90361751949123,92.25350383230722,91.53578445773742,92.04715728759766,16759100.0
2023-06-19,429.072983957888,429.6444062311506,425.1504965071728,425.62506103515625,114165800.0,14.489999771118164,14.539999961853027,13.479999542236328,13.539999961853027,0.0,-0.0093,0.011,160.5,163.5,147.0,147.0,2276.0,91.90361751949123,92.25350383230722,91.53578445773742,92.04715728759766,16759100.0
2023-06-20,423.6783584670495,424.5693787855225,421.3345310858184,423.4168395996094,76160400.0,14.359999656677246,14.670000076293944,13.859999656677246,13.880000114440918,0.0,-0.0094,0.011,157.5,160.5,153.0,156.0,1318.0,92.50471661977208,92.99814961503634,92.50471661977208,92.68414306640624,17162900.0
2023-06-21,422.4289690630937,423.2328262923549,420.65656392245774,421.2473754882813,76982300.0,13.880000114440918,13.890000343322754,13.100000381469728,13.199999809265137,0.0,-0.0096,0.011,156.0,159.0,138.0,138.0,1695.0,92.2355725471232,92.98917870123526,91.81391285722104,92.90843200683594,19720100.0
2023-06-22,420.2885094450029,422.8744366393495,419.9495221436889,422.7679138183594,70637200.0,13.880000114440918,13.979999542236328,12.729999542236328,12.90999984741211,0.0,-0.0097,0.011,141.0,157.5,141.0,156.0,1101.0,92.22661668557826,92.63032967023952,91.68832357978836,91.7870101928711,23630700.0
2023-06-23,419.3006544152612,421.36360329009193,418.8551442371661,419.5718383789063,92074500.0,13.239999771118164,13.800000190734863,12.880000114440918,13.4399995803833,0.0,-0.0097,0.011,151.5,162.0,148.35000610351562,162.0,307.0,93.1506526856088,93.25830580405224,92.3880801030234,92.70207977294922,22901900.0
2023-06-26,419.0004190637524,420.927761192056,417.6154448665978,417.8575744628906,72823600.0,14.43000030517578,14.710000038146973,13.779999732971191,14.25,0.0,-0.0093,0.011,163.5,163.5,150.60000610351562,157.5,294.0,92.96223722757,93.12372372271815,92.54955103878662,92.80075073242188,12894900.0
2023-06-27,418.7389427456429,423.0585266017533,418.2837379082009,422.4386901855469,72813700.0,14.109999656677246,14.34000015258789,13.59000015258789,13.739999771118164,0.0,-0.0097,0.011,154.35000610351562,159.0,150.0,151.5,305.0,92.93530933560118,93.25828229888712,92.19068369022092,92.55850982666016,18105700.0
2023-06-28,421.35389281031,423.6686658346734,420.7340564410632,422.6517333984375,75636000.0,13.899999618530272,13.960000038146973,13.359999656677246,13.43000030517578,0.0,-0.01,0.011,152.10000610351562,154.5,150.0,151.5,146.0,92.77385877907427,93.15962493675968,92.2535125257109,92.95328521728516,23826800.0
2023-06-29,422.23525734843753,424.4822270447215,421.8284961877175,424.3175659179688,67882300.0,13.640000343322754,13.850000381469728,13.40999984741211,13.539999961853027,0.0,-0.0102,0.011,154.5,160.5,150.0,157.5,151.0,91.66139250729935,91.8139056634947,91.0154463814369,91.27561950683594,41091600.0
2023-06-30,427.5427284266672,430.3126766273395,427.2231008300768,429.3247985839844,104964000.0,13.510000228881836,13.59000015258789,12.960000038146973,13.59000015258789,0.0,-0.0106,0.011,159.0,163.5,154.5,163.5,281.0,91.56271057745748,92.4598564991482,91.39225750671876,92.35220336914062,32024900.0
2023-07-01,427.5427284266672,430.3126766273395,427.2231008300768,429.3247985839844,104964000.0,13.510000228881836,13.59000015258789,12.960000038146973,13.59000015258789,0.0,-0.0106,0.0108,159.0,163.5,154.5,163.5,281.0,91.56271057745748,92.4598564991482,91.39225750671876,92.35220336914062,32024900.0
2023-07-03,428.9761498891222,430.099605137091,428.6952712987132,429.8187561035156,32793400.0,13.850000381469728,13.850000381469728,13.470000267028809,13.56999969482422,0.0,-0.0108,0.0108,177.0,177.0,166.5,172.5,232.0,92.51231605201644,92.89014287565838,91.81064845030424,91.82864379882812,16011800.0
2023-07-04,428.9761498891222,430.099605137091,428.6952712987132,429.8187561035156,32793400.0,13.850000381469728,13.850000381469728,13.470000267028809,13.56999969482422,0.0,-0.0108,0.0108,177.0,177.0,166.5,172.5,232.0,92.51231605201644,92.89014287565838,91.81064845030424,91.82864379882812,16011800.0
2023-07-05,427.9980022271676,429.9156794454101,427.9883075842431,429.1795959472656,58418400.0,14.1899995803833,14.739999771118164,14.050000190734863,14.18000030517578,0.0,-0.0099,0.0108,177.0,186.0,157.5,172.5,1406.0,91.65771460084832,91.75666841976988,90.62320177053164,90.95604705810548,28170300.0
2023-07-06,425.5864126742204,426.24499816119686,423.3006936425201,425.81884765625,80658300.0,14.850000381469728,17.079999923706055,14.789999961853027,15.4399995803833,0.0,-0.0094,0.0108,177.0,181.5,169.5,175.5,202.0,90.1374385924544,90.2993624142963,89.48075249397283,89.66966247558594,41375700.0
2023-07-07,424.8212419223924,428.705010268812,424.50161428998615,424.7437438964844,86134200.0,15.970000267028809,16.059999465942383,14.329999923706056,14.829999923706056,0.0,-0.0088,0.0108,180.0,181.5,174.0,181.5,314.0,89.21986947831024,89.59768941881366,89.04894799241929,89.12991333007812,28996500.0
2023-07-10,424.38542963444337,425.9931738927722,423.814007265728,425.81884765625,62443500.0,16.079999923706055,16.209999084472656,15.039999961853027,15.06999969482422,0.0,-0.0084,0.0108,184.5,199.5,180.0,190.5,1130.0,88.93199913283966,89.53471283111786,88.92300145971522,89.2468490600586,24665200.0
2023-07-11,426.5839377782571,429.02459348677553,425.605724743693,428.5306396484375,64463800.0,15.020000457763672,15.25,14.630000114440918,14.84000015258789,0.0,-0.0089,0.0108,187.5,217.5,181.5,204.0,1593.0,89.57069742563594,89.9305288583376,89.3188174817089,89.70563507080078,20485500.0
2023-07-12,432.3369533046365,433.3926348395561,430.9035353972256,431.97857666015625,91924500.0,14.81999969482422,14.81999969482422,13.510000228881836,13.539999961853027,0.0,-0.0086,0.0108,211.5,214.5,190.9499969482422,214.5,766.0,90.04747730281015,90.96504786198396,89.75061583582956,90.70417022705078,31928000.0
2023-07-13,433.7993908987461,436.2013272013842,433.36357534737226,435.4071350097656,72425200.0,13.4399995803833,13.609999656677246,13.119999885559082,13.609999656677246,0.0,-0.0083,0.0108,211.5,225.0,208.5,225.0,977.0,91.1359671764208,91.72969014094392,90.88408720233753,91.65772247314452,32441500.0
2023-07-14,436.2981897406341,437.15046112495,434.3708179806255,435.1359558105469,69815800.0,13.720000267028809,13.760000228881836,13.220000267028809,13.34000015258789,0.0,-0.0091,0.0108,216.0,225.0,213.0,213.0,644.0,91.50481392562055,91.70272161852522,91.07301469899076,91.11799621582033,18569000.0
2023-07-17,434.9906011215285,437.7024403661905,434.9421574755122,436.6467590332031,52680200.0,13.779999732971191,14.0,13.43000030517578,13.479999542236328,0.0,-0.0093,0.0108,207.0,221.8500061035156,204.3000030517578,217.5,317.0,91.0639940282101,91.29787862203348,90.78512106909204,91.1629409790039,18822000.0
2023-07-18,436.3175222997564,440.5402481729128,435.881677213904,439.891357421875,80668200.0,13.609999656677246,13.670000076293944,13.289999961853027,13.300000190734863,0.0,-0.0094,0.0108,213.0,225.0,207.0,225.0,2033.0,91.57677459716795,91.81965692509397,91.36986924409256,91.57677459716795,15407400.0
2023-07-19,440.68560802842114,442.06088773375006,439.8139177410891,440.86962890625,65891700.0,13.31999969482422,13.84000015258789,13.119999885559082,13.760000228881836,0.0,-0.0099,0.0108,223.5,225.0,207.0,213.0,1665.0,91.75666580849872,92.63825248019836,91.51378353646676,92.61125946044922,27192500.0
2023-07-20,439.8720128195456,440.7727278339868,437.2279469585864,437.9446411132813,70591600.0,13.960000038146973,14.229999542236328,13.579999923706056,13.989999771118164,0.0,-0.0095,0.0108,210.0,210.0,203.6999969482422,204.0,273.0,91.95458412580926,92.03554260482268,91.10898118563584,91.48680114746094,56951200.0
2023-07-21,439.6686026755085,439.8720128195456,437.9349760279717,437.9446411132813,71275600.0,13.869999885559082,13.890000343322754,13.369999885559082,13.600000381469728,0.0,-0.0098,0.0108,201.0,210.0,199.5,208.5,520.0,91.90061158048164,92.07152621238345,91.42383092901048,91.5137939453125,20657500.0
2023-07-24,439.0971447390394,440.7145833337671,438.0608230459974,439.9010314941406,54023400.0,14.289999961853027,14.300000190734863,13.729999542236328,13.90999984741211,0.0,-0.0095,0.0108,213.0,213.0,202.5,210.0,345.0,91.74766860046054,91.89160392033062,91.12696640735876,91.18093872070312,17546700.0
2023-07-25,439.6298525277362,442.36105174998073,439.5814088772274,441.10198974609375,55191200.0,14.020000457763672,14.09000015258789,13.81999969482422,13.859999656677246,0.0,-0.0094,0.0108,210.0,222.0,210.0,214.5,446.0,90.70415753085447,91.3068711910528,90.6771713763998,91.010009765625,17160600.0
2023-07-26,440.162593348024,442.6032492691783,439.1069117550979,441.16986083984375,71052900.0,13.859999656677246,14.15999984741211,13.149999618530272,13.1899995803833,0.0,-0.0096,0.0108,223.5,223.5,205.5,210.0,247.0,91.46881236487803,91.47781003914405,90.79413092243348,91.09998321533205,19310700.0
2023-07-27,444.5693588126345,444.9761495945824,437.3345243119552,438.2449340820313,92194400.0,13.140000343322754,15.020000457763672,12.739999771118164,14.40999984741211,0.0,-0.009,0.0108,216.0,220.5,207.0,210.0,185.0,90.59623275881049,90.7941404341082,88.97700124524015,89.32783508300781,44794400.0
2023-07-28,441.5281330696249,443.3683119521668,438.2448418026871,442.535400390625,80011800.0,14.029999732971191,14.18000030517578,13.270000457763672,13.329999923706056,0.0,-0.0091,0.0108,208.5,214.5,205.5,210.0,182.0,89.41776074760246,89.83156444426321,89.19286698659904,89.78658294677734,27434000.0
2023-07-31,443.0099795402013,443.7363682986347,441.6927792220216,443.3780212402344,62040400.0,13.979999542236328,14.09000015258789,13.56999969482422,13.630000114440918,0.0,-0.0091,0.0108,213.0,219.0,210.0,211.5,409.0,89.64266338612872,90.25437475116574,89.61567723024987,90.00249481201172,28663800.0
2023-08-01,441.9058428017626,442.8550013949116,441.1503996951611,442.1092529296875,55291500.0,13.75,14.300000190734863,13.75,13.93000030517578,0.0,-0.0087,0.0107,211.5,222.0,210.0,210.0,168.0,89.15906910399437,89.23123512026037,88.31114250032431,88.52763366699219,34943400.0
2023-08-02,438.9809092594777,439.24239855393273,435.2036938887438,435.9591369628906,93933400.0,15.699999809265137,16.479999542236328,14.949999809265137,16.09000015258789,0.0,-0.008,0.0107,216.0,216.0,201.0,207.0,155.0,87.53538387978244,87.71579205655487,86.96709192903158,87.58048248291016,38121300.0
2023-08-03,433.9349749655594,436.598400459704,433.2860546583424,434.7097778320313,64276100.0,16.770000457763672,17.420000076293945,15.720000267028809,15.920000076293944,0.0,-0.007,0.0107,210.0,217.5,194.8500061035156,207.0,321.0,85.86660059424558,85.98386524338204,85.28026358429908,85.55989837646484,59394800.0
2023-08-04,436.5306547369659,438.6420179502762,432.2207356362788,432.7437438964844,100128900.0,16.010000228881836,17.389999389648438,14.56999969482422,17.100000381469727,0.0,-0.0073,0.0107,210.0,213.0,199.5,202.5,91.0,85.83049220502902,87.2106345717575,85.81244725995292,87.07532501220703,42071800.0
2023-08-07,434.5838678086736,436.6758710264232,433.8865334027571,436.5209045410156,58357500.0,16.899999618530273,17.360000610351562,15.770000457763672,15.770000457763672,0.0,-0.0067,0.0107,210.0,210.0,195.4499969482422,205.5,53.0,86.6964793168596,86.77766093788736,86.14622538945592,86.21839141845703,35862900.0
2023-08-08,433.9736993143693,436.5112422778829,431.2521650523819,434.6226196289063,71361300.0,16.280000686645508,18.13999938964844,15.960000038146973,15.989999771118164,0.0,-0.0072,0.0107,202.5,210.0,193.5,199.5,309.0,87.37301316475492,87.83306295911923,86.99415186686939,87.21966552734375,24010500.0
2023-08-09,434.89381066417457,435.0584717951736,430.95193373062347,431.7170715332031,78789600.0,15.8100004196167,16.8700008392334,15.380000114440918,15.960000038146973,0.0,-0.0079,0.0107,204.0,205.5,195.0,201.0,105.0,87.39105843135978,87.76090416843951,87.3549754168546,87.67070007324219,20151100.0
2023-08-10,434.0802298731548,437.47973864760297,430.7001103815545,431.87200927734375,93005500.0,15.579999923706056,16.860000610351562,14.600000381469728,15.850000381469728,0.0,-0.0073,0.0107,198.0,207.0,189.0,195.0,142.0,87.53536963075345,87.82402679588013,86.22738647460938,86.22738647460938,37253200.0
2023-08-11,429.9930441556667,432.6371095910836,429.3925675760147,431.6201477050781,68690900.0,15.529999732971191,16.510000228881836,14.84000015258789,14.84000015258789,0.0,-0.0073,0.0107,198.0,198.0,189.0,190.5,65.0,85.96582525027824,86.47999621133644,85.87561426451242,86.02896881103516,26753500.0
2023-08-14,430.70015528144,434.0027770996094,430.390222291899,434.0027770996094,47867400.0,15.880000114440918,16.059999465942383,14.770000457763672,14.81999969482422,0.0,-0.0077,0.0107,202.5,202.5,187.5,199.5,417.0,85.88459901818932,86.53407929050643,85.60496435510292,85.8395004272461,19072000.0
2023-08-15,432.2206495339264,432.579026131367,428.37563071458953,428.9470825195313,75707500.0,14.949999809265137,16.56999969482422,14.90999984741211,16.459999084472656,0.0,-0.0071,0.0107,210.0,210.0,180.6000061035156,181.5,265.0,85.5147754319085,85.8755917518544,85.29827738138476,85.31632232666016,24125000.0
2023-08-16,428.5306378687395,430.1964906791122,425.6928860842807,425.7994384765625,80107200.0,16.540000915527344,16.93000030517578,15.800000190734863,16.780000686645508,0.0,-0.0069,0.0107,184.5,198.0,163.5,177.0,586.0,85.04570228776092,85.50575203750172,84.54055393957813,84.64879608154297,23076700.0
2023-08-17,427.2715501449695,427.53303945369214,422.0318624311896,422.5548706054688,95711300.0,16.959999084472656,18.1299991607666,16.399999618530273,17.889999389648438,0.0,-0.0064,0.0107,178.5,187.5,172.9499969482422,186.0,103.0,84.34211546513504,84.44134203389982,83.90912617578589,84.28799438476562,32244900.0
2023-08-18,419.7268030238674,423.79459201752337,419.3781505964978,422.7582702636719,98852000.0,17.799999237060547,18.8799991607666,17.139999389648438,17.299999237060547,0.0,-0.0066,0.0107,187.5,196.1999969482422,179.39999389648438,190.5,77.0,84.27897516109452,84.96453869478316,84.16171052172776,84.5856704711914,24181700.0
2023-08-21,423.7751939680903,426.2545985897725,421.6154169550539,425.50885009765625,68719000.0,18.030000686645508,18.11000061035156,16.8799991607666,17.1299991607666,0.0,-0.0063,0.0107,184.5,186.75,165.0,166.5,1184.0,83.58438571619988,83.67458980320215,83.19650194817243,83.45809173583984,29254100.0
2023-08-22,427.29093275792906,427.29093275792906,423.7945955855288,424.3563232421875,64994200.0,16.959999084472656,17.579999923706055,16.610000610351562,16.969999313354492,0.0,-0.0068,0.0107,177.0,178.5,150.0,153.0,387.0,83.56634828713551,84.14366275444208,83.40397816307234,84.09856414794922,21308700.0
2023-08-23,425.4216740348195,429.70253803409815,425.2764021975119,429.0826721191406,68441000.0,16.639999389648438,17.100000381469727,15.90999984741211,15.979999542236328,0.0,-0.0076,0.0107,159.0,165.0,151.5,153.0,637.0,85.06375098315446,86.19131922586791,85.00060743684773,86.18229675292969,38294700.0
2023-08-24,430.6904174605944,431.2037309919438,423.1069024037369,423.135986328125,88517300.0,15.56999969482422,17.31999969482422,15.479999542236328,17.200000762939453,0.0,-0.0075,0.0107,157.5,157.5,153.0,156.0,277.0,85.81246756916232,86.19133580199625,85.59597635192274,85.61402130126953,22300800.0
2023-08-25,424.8696216104319,427.4071349519244,421.30548118508113,426.1190185546875,102325100.0,17.209999084472656,17.360000610351562,15.449999809265137,15.68000030517578,0.0,-0.0078,0.0107,154.5,160.5,153.0,156.75,366.0,85.38849783048212,86.15524291875063,85.25318825440392,85.89364624023438,23865200.0
2023-08-28,428.3175185656564,429.4410033274448,426.1189926906175,428.8211669921875,61595400.0,16.239999771118164,16.280000686645508,15.0,15.079999923706056,0.0,-0.0078,0.0107,157.5,159.0,154.5,157.5,136.0,86.28151294501967,86.29053541687414,85.59594960880091,85.98383331298828,16037300.0
2023-08-29,428.714650312358,435.3005929585144,428.5306294576213,435.0197143554688,83081900.0,15.079999923706056,15.300000190734863,14.34000015258789,14.449999809265137,0.0,-0.0075,0.0107,160.5,160.5,154.5,160.5,261.0,85.66811944017456,87.0572842361482,85.64105890553382,86.87686920166016,28478100.0
2023-08-30,435.3587153203285,437.4507186105633,434.6516862480655,436.8114929199219,69053900.0,14.529999732971191,14.699999809265137,13.829999923706056,13.880000114440918,0.0,-0.0078,0.0107,160.5,178.5,157.5,166.5,471.0,86.74156064675606,86.95805179133221,86.48897961559958,86.78665924072266,17550100.0
2023-08-31,437.4313032327457,438.5741477826128,435.9882203614193,436.1722412109375,66084600.0,13.979999542236328,14.0,13.4399995803833,13.56999969482422,0.0,-0.0076,0.0107,168.0,180.0,168.0,177.0,124.0,87.08437170158939,87.54442157914181,86.98514512246764,87.17457580566406,26959700.0
2023-09-01,438.90351700653866,439.38777622934856,435.5233675326761,436.98583984375,58944100.0,13.5600004196167,13.5600004196167,13.020000457763672,13.09000015258789,0.0,-0.0069,0.0103,160.5,179.25,160.5,174.0,122.0,86.67605489967698,86.69414707167094,85.6084372798968,85.8165283203125,32469700.0
2023-09-04,438.90351700653866,439.38777622934856,435.5233675326761,436.98583984375,58944100.0,13.5600004196167,13.5600004196167,13.020000457763672,13.09000015258789,0.0,-0.0069,0.0103,160.5,179.25,160.5,174.0,122.0,86.67605489967698,86.69414707167094,85.6084372798968,85.8165283203125,32469700.0
2023-09-05,436.540311007373,436.8599090757818,435.0294246612231,435.0971984863281,55166200.0,14.149999618530272,14.470000267028809,13.699999809265137,14.010000228881836,0.0,-0.0067,0.0103,183.0,185.8500061035156,168.0,168.0,203.0,85.30080184367449,85.30985137964878,84.58604036272168,84.6131820678711,29435900.0
2023-09-06,434.2836040318296,434.39015641541886,429.8381085384193,432.1722412109375,70758500.0,14.270000457763672,15.300000190734863,14.130000114440918,14.449999809265137,0.0,-0.0071,0.0103,171.0,171.0,159.0,168.0,101.0,85.12889663377156,85.14699570603048,84.55890010753957,84.82128143310547,23636300.0
2023-09-07,429.1601559057676,431.5233430664757,428.81150348377855,430.8453979492188,70355400.0,14.8100004196167,15.6899995803833,14.399999618530272,14.399999618530272,0.0,-0.0067,0.0103,169.5,169.5,162.0,166.5,107.0,85.04745376165823,85.1107866957954,84.75793079092092,85.05650329589844,18091500.0
2023-09-08,430.8937860779607,433.03420324663375,430.5354390357885,431.4942626953125,61659700.0,14.220000267028809,14.869999885559082,13.579999923706056,13.84000015258789,0.0,-0.0072,0.0103,163.5,163.5,153.0,159.0,174.0,85.39126766888727,85.86174685209225,85.20126884970658,85.3822250366211,17052100.0
2023-09-11,434.1286516350834,434.64196517344953,432.41438481227607,434.3320617675781,60180100.0,14.170000076293944,14.329999923706056,13.739999771118164,13.800000190734863,0.0,-0.0068,0.0103,166.5,166.5,162.0,162.0,195.0,84.77604855460865,85.02938727042458,84.64034001388929,84.76700592041016,17061500.0
2023-09-12,432.8793228968955,434.4095690069945,431.3684365148808,431.9495239257813,67565400.0,14.020000457763672,14.420000076293944,13.710000038146973,14.229999542236328,0.0,-0.0071,0.0103,169.5,175.5,162.0,162.0,182.0,84.9479321507399,85.26459683095906,84.66745870579896,85.25555419921875,20034300.0
2023-09-13,432.1722769087327,433.6153598507793,431.06815175751416,432.4531555175781,60199300.0,14.420000076293944,14.68000030517578,13.40999984741211,13.479999542236328,0.0,-0.0071,0.0103,165.0,169.5,160.5,160.5,137.0,84.97508359600864,85.52698791743973,84.88460894882405,85.23746490478516,23332300.0
2023-09-14,434.9325174470925,436.8792191196856,433.62501183862486,436.181884765625,83430800.0,13.390000343322754,13.460000038146973,12.789999961853027,12.81999969482422,0.0,-0.0071,0.0103,163.5,166.5,162.0,165.0,145.0,84.99317024383627,85.23745244580577,84.50459893712517,84.6222152709961,27800600.0
2023-09-15,434.5908789178783,434.9213331435618,430.48931345860746,430.9266662597656,111848900.0,12.699999809265137,14.170000076293944,12.68000030517578,13.789999961853027,0.0,-0.0069,0.0103,163.5,187.5,157.5,187.5,1711.0,84.55888644219148,84.57698551152545,84.10650634765625,84.10650634765625,25642900.0
2023-09-18,430.6156740831818,432.4818018322225,430.13943555280594,431.1794128417969,55752200.0,14.399999618530272,14.75,13.859999656677246,14.0,0.0,-0.0073,0.0103,187.5,187.5,168.0,171.0,201.0,84.00700580922543,84.62224318699555,83.97986410036084,84.58605194091797,17963400.0
2023-09-19,430.2560299141037,430.8489254828746,427.5929384264587,430.2851867675781,66514600.0,14.109999656677246,14.880000114440918,13.859999656677246,14.109999656677246,0.0,-0.0071,0.0103,168.0,174.0,168.0,172.5,73.0,84.21509326283565,84.53175799811851,83.96176147460938,83.96176147460938,24941800.0
2023-09-20,431.54869078908297,431.96661554798703,426.1252791165085,426.3294067382813,82562600.0,14.18000030517578,15.149999618530272,13.56999969482422,15.140000343322754,0.0,-0.0077,0.0103,174.0,174.0,168.0,168.0,61.0,84.40509256137662,84.68556605660788,84.17890247740984,84.22413635253906,29451200.0
2023-09-21,423.47193386836017,423.7343455427682,419.12738484772433,419.2828979492188,104095800.0,15.489999771118164,17.540000915527344,15.100000381469728,17.540000915527344,0.0,-0.0063,0.0103,168.0,173.39999389648438,159.0,165.0,103.0,82.59555677989148,82.6679392501851,82.05270205823392,82.0617446899414,59958700.0
2023-09-22,420.31317519118926,421.9168615227911,417.9221944600517,418.3401489257813,100829700.0,17.309999465942383,17.40999984741211,15.93000030517578,17.200000762939453,0.0,-0.0066,0.0103,172.5,172.5,165.0,167.10000610351562,73.0,82.16129032552905,82.88510141201623,82.0346244208099,82.72224426269531,29524500.0
2023-09-25,417.1251866864549,420.13816022736,416.6878042505996,420.0993041992188,70874500.0,17.25,18.40999984741211,16.790000915527344,16.899999618530273,0.0,-0.0054,0.0103,163.5,172.5,154.5,159.0,436.0,81.12081141660705,81.46461784393576,80.6593817330758,80.6865234375,45587900.0
2023-09-26,417.0474533249522,417.7569763279254,413.09167201085535,413.9275512695313,96168400.0,18.030000686645508,19.5,17.170000076293945,18.940000534057617,0.0,-0.0048,0.0103,162.0,171.0,162.0,169.5,19.0,80.91271520298181,81.08462187162672,80.26128667208893,80.40605163574219,38104100.0
2023-09-27,415.1035938461481,415.66733259102807,410.4383190788538,414.0927734375,104705800.0,18.290000915527344,19.709999084472656,18.030000686645508,18.21999931335449,0.0,-0.0049,0.0103,167.10000610351562,178.5,163.5,165.0,263.0,81.01223717714512,81.0846196569948,79.70033061526925,79.98986053466797,47111200.0
2023-09-28,413.53877864718345,418.1748963964089,412.94588306815257,416.4934387207031,92258300.0,18.21999931335449,18.770000457763672,17.059999465942383,17.34000015258789,0.0,-0.0045,0.0103,170.25,172.5,158.85000610351562,159.0,158.0,79.2750948417094,80.27937926195166,78.8046156505975,80.23413848876953,60238000.0
2023-09-29,419.555013243988,419.729954349745,413.9566605710454,415.4826049804688,115111300.0,16.8700008392334,17.739999771118164,15.829999923706056,17.520000457763672,0.0,-0.0044,0.0103,162.0,163.5,159.0,163.5,92.0,80.7679579961791,80.96700638893199,79.73653169079965,80.24320220947266,49010100.0
2023-10-01,419.555013243988,419.729954349745,413.9566605710454,415.4826049804688,115111300.0,16.8700008392334,17.739999771118164,15.829999923706056,17.520000457763672,0.0,-0.0044,0.0102,162.0,163.5,159.0,163.5,92.0,80.7679579961791,80.96700638893199,79.73653169079965,80.24320220947266,49010100.0
2023-10-02,414.6467455474316,416.5711867855962,412.5473631951858,415.3173828125,83798600.0,17.309999465942383,18.549999237060547,16.93000030517578,17.610000610351562,0.0,-0.0043,0.0102,163.5,163.5,148.8000030517578,150.0,607.0,79.70768095492357,79.80752032619684,78.70021597180894,78.89989471435547,44704300.0
2023-10-03,413.1305182978698,415.3756848487803,408.3874727087479,409.7579040527344,103760600.0,17.809999465942383,20.479999542236328,17.520000457763672,19.780000686645508,0.0,-0.0034,0.0102,159.0,159.0,123.3000030517578,132.0,610.0,78.33716879808566,78.64576512447478,77.04834201787257,77.20263671875,71362600.0
2023-10-04,410.2244531415493,413.490139235064,408.7568223703676,412.7417602539063,87453000.0,20.71999931335449,20.8799991607666,18.299999237060547,18.57999992370605,0.0,-0.0032,0.0102,138.60000610351562,150.0,120.0,147.14999389648438,755.0,77.84705225017255,78.33717095288323,77.4840075145064,78.29179382324219,56281600.0
2023-10-05,412.4501575928168,413.4318210422045,409.34971346962845,412.5862426757813,70142700.0,18.670000076293945,19.57999992370605,18.26000022888184,18.489999771118164,0.0,-0.0031,0.0102,150.0,157.5,139.64999389648438,145.5,203.0,78.15567684027013,78.2282885835081,77.72909150454329,77.90154266357422,35758800.0
2023-10-06,410.1272800819624,419.0302053529861,408.795734309722,417.4848327636719,113273300.0,18.729999542236328,19.93000030517578,17.190000534057617,17.450000762939453,0.0,-0.003,0.0102,141.0,148.0500030517578,134.10000610351562,147.0,27.0,76.42208540233513,77.77445275596494,76.29501835126904,76.95758819580078,62787900.0
2023-10-09,410.1272800819624,419.0302053529861,408.795734309722,417.4848327636719,113273300.0,18.729999542236328,19.93000030517578,17.190000534057617,17.450000762939453,0.0,-0.003,0.0102,141.0,148.0500030517578,134.10000610351562,147.0,27.0,76.42208540233513,77.77445275596494,76.29501835126904,76.95758819580078,62787900.0
2023-10-10,420.7894114868797,424.94929081738496,420.3909147004576,422.3445129394531,78607300.0,17.700000762939453,17.860000610351562,16.510000228881836,17.030000686645508,0.0,-0.003,0.0102,140.25,142.5,135.0,135.0,115.0,77.91966466840667,79.11773031093672,77.62014652661551,78.65484619140625,54743900.0
2023-10-11,423.4136764375653,424.3272678309944,421.022695553038,424.0745849609375,62451700.0,16.950000762939453,17.780000686645508,16.09000015258789,16.09000015258789,0.0,-0.0041,0.0102,135.0,141.0,135.0,137.25,108.0,79.73494545422491,80.29767608642578,79.50803894642993,80.29767608642578,58517700.0
2023-10-12,424.6869009279122,425.0659400566885,419.1274329708011,421.4892272949219,81154200.0,16.079999923706055,18.07999992370605,15.4399995803833,16.690000534057617,0.0,-0.0036,0.0102,141.0,144.3000030517578,127.5,136.5,465.0,79.91645642303293,80.04352348418355,77.99228718689625,78.11935424804688,66986700.0
2023-10-13,422.9957010478843,424.2009202698343,417.8153020428582,419.3898315429688,95143100.0,16.530000686645508,20.780000686645508,16.5,19.31999969482422,0.0,-0.0041,0.0102,135.0,145.35000610351562,129.0,129.60000610351562,81.0,79.50801927618029,79.7167762585456,79.11773990234241,79.51709747314453,44183800.0
2023-10-16,421.644702543734,424.8715327429623,421.4017188780287,423.8023986816406,75433200.0,19.100000381469727,19.56999969482422,17.139999389648438,17.209999084472656,0.0,-0.0038,0.0102,139.5,141.75,127.5,129.4499969482422,153.0,78.22828681903931,78.39165977532132,77.96507444921626,78.23735809326172,38309800.0
2023-10-17,420.6630568894623,425.8434854722914,420.313174633327,423.782958984375,75324700.0,17.40999984741211,18.540000915527344,16.969999313354492,17.8799991607666,0.0,-0.0036,0.0102,127.5,145.5,127.5,133.9499969482422,171.0,77.04833814693626,77.71997916526189,76.69436470993803,77.37508392333984,52949100.0
2023-10-18,422.004296810028,422.96650259633606,417.0474242949097,418.135986328125,93559800.0,18.36000061035156,20.149999618530277,17.8799991607666,19.21999931335449,0.0,-0.0028,0.0102,133.9499969482422,141.14999389648438,133.9499969482422,141.14999389648438,41.0,76.58544888558725,76.89404520349433,76.10440840511224,76.69436645507812,63724600.0
2023-10-19,418.8553225729364,420.67283594068886,413.7818216257352,414.462158203125,121323000.0,19.729999542236328,21.399999618530277,18.549999237060547,21.399999618530277,0.0,-0.0016,0.0102,129.14999389648438,142.5,129.0,130.5,216.0,76.13164110479542,76.75790505270504,75.09694836237448,75.12417602539062,87696900.0
2023-10-20,414.024777439766,414.5690585294509,409.2622734133817,409.36920166015625,123919900.0,21.59000015258789,21.82999992370605,20.420000076293945,21.709999084472656,0.0,-0.0014,0.0102,157.5,157.5,129.14999389648438,133.0500030517578,243.0,75.32388237165098,75.82307945854161,75.12420353689471,75.55078887939453,52188800.0
2023-10-23,407.8334566048746,412.5376460937697,406.0742573805063,408.65960693359375,92035100.0,21.82999992370605,23.07999992370605,19.479999542236328,20.3700008392334,0.0,-0.0019,0.0102,129.0,135.0,120.0,129.0,405.0,75.16049921576004,77.02113509677099,74.80652566565726,76.45840454101562,70890400.0
2023-10-24,410.7882463707725,412.89735798428967,408.9318473023939,411.7407531738281,78564200.0,20.030000686645508,20.239999771118164,18.649999618530277,18.96999931335449,0.0,-0.0019,0.0102,129.0,130.5,123.75,130.5,81.0,76.6399150575353,77.46585083007812,76.32224052807672,77.46585083007812,46267700.0
2023-10-25,410.0494904510059,410.0786473016962,405.316144174292,405.8312683105469,94223200.0,19.38999938964844,21.239999771118164,18.86000061035156,20.190000534057617,0.0,-0.0013,0.0102,135.0,135.0,118.5,135.0,331.0,76.25870222703391,76.35854160009683,75.45091597198598,75.7413558959961,60737200.0
2023-10-26,404.7622182339897,405.6174958558433,400.0483290003127,400.9716491699219,115156800.0,21.780000686645508,21.959999084472656,20.21999931335449,20.68000030517578,0.0,-0.0016,0.0102,135.0,135.0,120.0,120.0,416.0,75.76861247200961,76.98482784283846,75.69600073877433,76.90314483642578,49704100.0
2023-10-27,402.5656138725483,402.9641106372074,397.7253686517892,399.1541137695313,107367700.0,20.38999938964844,22.06999969482422,19.71999931335449,21.270000457763672,0.0,-0.0015,0.0102,135.0,135.0,117.0,117.0,189.0,76.41298974995681,77.12093650134064,76.00455413787424,76.57636260986328,32362300.0
2023-10-30,401.9533043501809,404.9857358094935,400.65091543681416,403.9263305664063,86562700.0,21.1299991607666,21.15999984741211,19.549999237060547,19.75,0.0,-0.0015,0.0102,118.5,148.5,117.0,141.0,972.0,76.06810293732403,76.69436684698708,75.55075659770841,76.23147583007812,45026900.0
2023-10-31,404.4997771668724,406.7838296488316,402.5850646174548,406.4631042480469,79665200.0,19.86000061035156,19.86000061035156,17.969999313354492,18.13999938964844,0.0,-0.0019,0.0102,150.0,157.5,133.5,154.5,1869.0,76.5764002977796,76.93944512101919,75.83214733072064,75.859375,37269200.0
2023-11-01,407.4349966652151,411.6143035857107,406.9004148379302,410.7978820800781,98068100.0,18.020000457763672,18.420000076293945,16.6299991607666,16.8700008392334,0.0,-0.0018,0.0101,151.5,153.0,140.85000610351562,150.0,59.0,76.53878106842365,77.52238438589242,76.52056233194529,77.50416564941406,72308500.0
2023-11-02,414.6078535256142,418.8260758413125,414.5884255113766,418.6705627441406,94938900.0,16.59000015258789,16.6200008392334,15.579999923706056,15.65999984741211,0.0,-0.0031,0.0101,141.14999389648438,159.0,141.14999389648438,159.0,118.0,78.94312077214306,79.51688575930957,78.52418026507395,79.27098846435547,69739400.0
2023-11-03,420.9838084956757,424.0453968560964,420.8574522394109,422.49029541015625,100167800.0,15.699999809265137,15.829999923706056,14.90999984741211,14.90999984741211,0.0,-0.0026,0.0101,157.5,159.0,144.0,149.25,141.0,80.88301812791651,81.10160127382395,79.76280903589212,79.80834197998047,77692300.0
2023-11-06,423.2483314198519,423.9092397823002,421.5085603041799,423.462158203125,67831700.0,15.390000343322754,15.579999923706056,14.84000015258789,14.890000343322754,0.0,-0.0026,0.0101,150.0,150.0,139.5,139.5,183.0,79.298326287584,79.41672027695071,78.87027632450247,79.03421020507812,41341900.0
2023-11-07,423.462169040648,425.3088387646738,422.3152933833265,424.6673583984375,64256100.0,15.100000381469728,15.170000076293944,14.710000038146973,14.8100004196167,0.0,-0.0033,0.0101,147.0,150.0,142.5,146.5500030517578,111.0,79.79011998544438,80.60067993969955,79.77190125140991,80.199951171875,37834200.0
2023-11-08,425.2699926017036,425.7948456157836,422.66521486841896,424.9784240722656,61746000.0,14.90999984741211,15.09000015258789,14.300000190734863,14.449999809265137,0.0,-0.0044,0.0101,142.5,150.0,133.5,145.5,231.0,80.58248178256892,81.62072744896996,80.55515367689536,81.56607818603516,53893400.0
2023-11-09,426.1253308443145,426.1642165380997,421.2365004043783,421.6641540527344,83174400.0,14.609999656677246,15.56999969482422,14.130000114440918,15.289999961853027,0.0,-0.0041,0.0101,150.0,150.0,138.0,147.0,127.0,81.00141237974167,81.08337584137917,78.99777539819479,79.68994140625,88975100.0
2023-11-10,426.1253308443145,426.1642165380997,421.2365004043783,421.6641540527344,83174400.0,14.609999656677246,15.56999969482422,14.130000114440918,15.289999961853027,0.0,-0.0043,0.0101,150.0,150.0,138.0,147.0,127.0,81.00141237974167,81.08337584137917,78.99777539819479,79.68994140625,88975100.0
2023-11-13,426.9028884941221,428.943927633025,426.1156237608668,427.8359375,52236100.0,15.15999984741211,15.1899995803833,14.579999923706056,14.760000228881836,0.0,-0.0039,0.0101,140.25,142.5,132.0,139.5,109.0,79.43493302815601,80.0906685010554,79.14349581224643,79.95405578613281,25661500.0
2023-11-14,433.7938644872594,437.4288904558255,433.5703088478159,436.13623046875,97176900.0,14.829999923706056,14.859999656677246,13.90999984741211,14.15999984741211,0.0,-0.0036,0.0101,142.5,142.5,132.0,136.5,209.0,81.96678281565963,82.10339551003445,81.32015680725642,81.76641845703125,65666800.0
2023-11-15,437.4774950971813,438.7118710971311,436.2042630668601,437.0595703125,77327600.0,14.210000038146973,14.350000381469728,13.970000267028809,14.18000030517578,0.0,-0.0037,0.0101,121.5,132.0,118.5,120.0,3497.0,81.06517283684576,81.18356683261844,80.42764906748495,80.61890411376953,56205300.0
2023-11-16,436.6124527945321,437.91484157115,435.5433188253415,437.5941162109375,66665800.0,14.119999885559082,14.420000076293944,13.68000030517578,14.31999969482422,0.0,-0.0038,0.0101,130.5,131.6999969482422,120.0,128.39999389648438,851.0,81.3292826784476,81.93036892790951,81.28374278827717,81.62071990966797,49473900.0
2023-11-17,437.6038154016392,438.7507207474031,436.6804953481496,438.1383972167969,83133200.0,14.18000030517578,14.1899995803833,13.670000076293944,13.800000190734863,0.0,-0.0044,0.0101,127.5,129.0,123.0,127.5,1229.0,82.1125111580356,82.35840846799478,81.63892137442494,82.00321960449219,44091400.0
2023-11-20,437.885690142899,442.3565951941878,437.87596130543926,441.5110168457031,69936200.0,14.260000228881836,14.3100004196167,13.390000343322754,13.40999984741211,0.0,-0.0047,0.0101,127.5,130.5,125.25,130.5,1063.0,81.62072100699326,82.56789375829639,81.61161163915438,82.50413513183594,40477800.0
2023-11-21,440.4613270503416,441.3846768102291,439.27556561921335,440.5487976074219,49244600.0,13.449999809265137,14.3100004196167,13.130000114440918,13.350000381469728,0.0,-0.0045,0.0101,130.35000610351562,130.5,125.4000015258789,126.1500015258789,1053.0,82.42216488591296,82.6953903113081,81.86661161644442,82.46770477294922,27721000.0
2023-11-22,442.2108693090085,443.57157198394486,441.1514640241976,442.2497253417969,59394900.0,13.079999923706056,13.25,12.81999969482422,12.850000381469728,0.0,-0.0047,0.0101,127.5,130.5,123.0,127.5,1777.0,82.98681789720456,83.16896352740093,82.31286377897513,82.7591323852539,31197500.0
2023-11-23,442.2108693090085,443.57157198394486,441.1514640241976,442.2497253417969,59394900.0,13.079999923706056,13.25,12.81999969482422,12.850000381469728,0.0,-0.0047,0.0101,127.5,130.5,123.0,127.5,1777.0,82.98681789720456,83.16896352740093,82.31286377897513,82.7591323852539,31197500.0
2023-11-24,442.2983550934631,442.7162799185215,441.96790083682896,442.5218811035156,29737400.0,13.029999732971191,13.170000076293944,12.449999809265137,12.460000038146973,0.0,-0.0045,0.0101,129.0,147.0,129.0,142.5,1121.0,82.05787885703415,82.20360095852591,81.77555097090918,81.78466033935547,20199600.0
2023-11-27,441.8900963185872,442.70651789043535,441.33608643233896,441.7248840332031,50506000.0,13.140000343322754,13.279999732971191,12.640000343322754,12.6899995803833,0.0,-0.0045,0.0101,143.10000610351562,147.0,136.5,138.0,874.0,82.24002227819109,83.18718803821558,82.15805186817445,83.15076446533203,39804400.0
2023-11-28,441.3361115057573,443.4646509487185,440.7724024102266,442.1622619628906,62115000.0,12.779999732971191,14.300000190734863,12.5600004196167,12.6899995803833,0.0,-0.0039,0.0101,136.5,141.0,127.3499984741211,132.60000610351562,179.0,82.79555933985284,83.3602149382214,82.68626779738953,83.31468200683594,44989300.0
2023-11-29,444.3199186012006,445.4570951907533,441.45272918496346,441.8511962890625,63146000.0,12.710000038146973,13.100000381469728,12.479999542236328,12.979999542236328,0.0,-0.0037,0.0101,139.5,144.0,136.64999389648438,138.0,792.0,83.88844724058657,84.42578169216961,83.58790070915362,84.36203002929688,61647800.0
2023-11-30,442.6968096233848,443.9408848017652,440.6168552136203,443.5909729003906,79752700.0,13.06999969482422,13.390000343322754,12.81999969482422,12.920000076293944,0.0,-0.0036,0.0101,135.0,141.0,126.5999984741211,127.5,1503.0,83.76095797666785,84.052395191357,83.02325904695095,83.3875503540039,60520900.0
2023-12-01,442.9786509211559,446.7497621614447,442.385785013724,446.2152099609375,89183400.0,12.9399995803833,12.960000038146973,12.479999542236328,12.630000114440918,0.0,-0.0034,0.009,129.0,132.60000610351562,120.0,127.5,285.0,83.42318457805652,85.02203001574166,83.25873162564953,84.95807647705078,64172200.0
2023-12-04,442.813428053356,446.2346273092226,441.5887809150275,443.8728332519531,72430900.0,13.279999732971191,13.699999809265137,12.979999542236328,13.079999923706056,0.0,-0.0036,0.009,127.5,127.5,120.0,120.0,263.0,84.5012498175554,84.8118862197839,84.13579809686792,84.62002563476562,33766300.0
2023-12-05,442.482980993305,444.74757569096187,442.1039122401313,443.7853698730469,69793500.0,13.260000228881836,13.760000228881836,12.8100004196167,12.850000381469728,0.0,-0.0039,0.009,121.5,128.39999389648438,112.5,119.6999969482422,410.0,85.54280713431534,86.44730196981587,85.48799180019304,86.43816375732422,73588600.0
2023-12-06,445.93339430944985,445.9625511664237,441.5596877967964,441.9970703125,69124700.0,12.779999732971191,13.029999732971191,12.640000343322754,12.970000267028809,0.0,-0.0048,0.009,118.5,121.3499984741211,112.6500015258789,114.0,309.0,86.86755202614543,87.75377026217971,86.67569142407808,87.58931732177734,61606100.0
2023-12-07,444.0866984690036,446.0208390789402,443.48410368567227,445.3696594238281,66995400.0,13.170000076293944,13.279999732971191,12.949999809265137,13.0600004196167,0.0,-0.0044,0.009,117.5999984741211,120.0,113.25,115.9499969482422,271.0,86.95889258389329,87.7811570907572,86.84925499284117,87.08679962158203,47970200.0
2023-12-08,444.6212111977086,447.81888446185815,444.3782275382068,447.2843322753906,83194400.0,13.140000343322754,13.239999771118164,12.350000381469728,12.350000381469728,0.0,-0.0048,0.009,108.0,124.5,108.0,113.8499984741211,563.0,86.26456128925568,86.53865186484559,85.79861706933085,86.37419891357422,44809200.0
2023-12-11,446.78867090966605,449.1990796776143,446.5748440862102,449.0241088867188,65002200.0,13.050000190734863,13.140000343322754,12.609999656677246,12.630000114440918,0.0,-0.0048,0.009,118.1999969482422,127.5,107.4000015258789,108.1500015258789,503.0,85.88997602438906,86.28283545490486,85.45143250899896,86.19146728515625,33909700.0
2023-12-12,448.67421029484495,451.17208953676845,447.6731187626275,451.0748901367188,68327600.0,12.6899995803833,12.739999771118164,11.8100004196167,12.06999969482422,0.0,-0.0053,0.009,115.0500030517578,115.0500030517578,99.9000015258789,104.0999984741211,1735.0,86.017883208298,86.5203732904988,85.78947672445781,86.4472885131836,36996900.0
2023-12-13,451.4538906419632,457.54793953708713,451.0942795875064,457.2952270507813,93278000.0,12.199999809265137,12.460000038146973,11.81999969482422,12.1899995803833,0.0,-0.0042,0.009,104.6999969482422,111.5999984741211,102.9000015258789,108.0,1188.0,86.94977138963345,88.60343893547339,86.81272611660408,88.47552490234375,70828500.0
2023-12-14,459.2391168995005,460.4346071833905,456.0803293229431,458.7628784179688,119026000.0,11.960000038146973,12.739999771118164,11.84000015258789,12.479999542236328,0.0,-0.0045,0.009,105.0,120.0,102.0,104.4000015258789,2174.0,89.51218278200217,90.77704620361328,89.29220106208419,90.77704620361328,87798600.0
2023-12-15,458.1636814623305,459.3445120086127,456.1533807426548,458.0075378417969,141553700.0,12.119999885559082,12.539999961853027,12.010000228881836,12.279999732971191,0.0,-0.0053,0.009,104.6999969482422,110.8499984741211,104.6999969482422,108.0,231.0,90.456255109322,91.0611874026598,90.35543189495384,90.87787628173828,59941300.0
2023-12-18,459.617724843022,461.5694752957874,458.5540244200266,460.5838317871094,70375300.0,12.619999885559082,12.640000343322754,12.399999618530272,12.5600004196167,0.0,-0.0048,0.009,108.0,115.5,108.0,108.1500015258789,395.0,90.28210488912634,90.28210488912634,89.84214840772724,90.1537857055664,34746000.0
2023-12-19,461.1303131602408,463.4626692141181,461.052256247002,463.3845825195313,55761800.0,12.600000381469728,12.600000381469728,12.329999923706056,12.529999732971191,0.0,-0.0048,0.009,109.5,115.5,109.5,112.5,808.0,90.61206854582962,90.97869777360224,90.42875742837872,90.63956451416016,30018400.0
2023-12-20,462.5258193754007,464.4190197192671,456.5339609015259,456.9633483886719,102921000.0,12.630000114440918,13.93000030517578,12.289999961853027,13.670000076293944,0.0,-0.0048,0.009,109.5,113.25,96.3000030517578,99.3000030517578,1537.0,90.84120860925336,91.37282062624578,90.35542786688367,91.253662109375,51229400.0
2023-12-21,459.959260046536,461.5694780045962,457.5293402486141,461.2962341308594,86667500.0,13.399999618530272,14.489999771118164,13.34000015258789,13.649999618530272,0.0,-0.0044,0.009,96.3000030517578,100.0500030517578,96.0,96.0,783.0,91.41862745169676,91.51028299056996,90.51122572897428,90.67620849609376,65231200.0
2023-12-22,462.4282836410501,463.9116332478234,460.3204190717401,462.2233581542969,67160400.0,13.720000267028809,13.960000038146973,13.0,13.029999732971191,0.0,-0.0041,0.009,97.8000030517578,103.5,91.0500030517578,98.4000015258789,667.0,91.0886780459177,91.0886780459177,90.04378933343932,90.2637710571289,29244200.0
2023-12-25,462.4282836410501,463.9116332478234,460.3204190717401,462.2233581542969,67160400.0,13.720000267028809,13.960000038146973,13.0,13.029999732971191,0.0,-0.0041,0.009,97.8000030517578,103.5,91.0500030517578,98.4000015258789,667.0,91.0886780459177,91.0886780459177,90.04378933343932,90.2637710571289,29244200.0
2023-12-26,462.6331790630877,465.0826056476979,462.5550923668575,464.175048828125,55387000.0,13.770000457763672,13.800000190734863,12.960000038146973,12.989999771118164,0.0,-0.0037,0.009,103.3499984741211,103.5,87.0,92.8499984741211,1505.0,90.31875460275876,90.62122420008544,90.26376267337938,90.52040100097656,24019700.0
2023-12-27,463.9701191064298,465.1606880715421,463.4333996455085,465.0143127441406,68000300.0,13.020000457763672,13.039999961853027,12.369999885559082,12.43000030517578,0.0,-0.0041,0.009,96.5999984741211,100.8000030517578,95.0999984741211,97.5,907.0,91.45532122514004,92.14274848268666,91.19868283451548,92.12442016601562,45082800.0
2023-12-28,465.3753906024884,466.02921033768064,464.7703527169018,465.1899719238281,77158100.0,12.4399995803833,12.649999618530272,12.380000114440918,12.470000267028809,0.0,-0.0042,0.009,96.5999984741211,112.5,96.5999984741211,106.3499984741211,539.0,91.73944897782695,92.1794054678236,91.25366820301832,91.45531463623048,36213000.0
2023-12-29,464.9948179571429,465.5217989644832,461.8817733288709,463.8432922363281,122283100.0,12.550000190734863,13.1899995803833,12.359999656677246,12.449999809265137,0.0,-0.0035,0.009,106.5,120.0,103.6500015258789,117.1500015258789,3229.0,90.8595363679049,91.49197159090428,90.55707373300449,90.6303939819336,41616200.0
2024-01-01,464.9948179571429,465.5217989644832,461.8817733288709,463.8432922363281,122283100.0,12.550000190734863,13.1899995803833,12.359999656677246,12.449999809265137,0.0,-0.0035,0.0081,106.5,120.0,103.6500015258789,117.1500015258789,3229.0,90.8595363679049,91.49197159090428,90.55707373300449,90.6303939819336,41616200.0
2024-01-02,460.7692671751978,462.2428483505155,459.1395423842336,461.2474365234375,123623700.0,13.220000267028809,14.229999542236328,13.100000381469728,13.199999809265137,0.0,-0.0038,0.0081,123.0,127.5,120.0,122.25,179.0,90.03464330173942,90.41960089143808,89.82382919716821,90.10796356201172,47797400.0
2024-01-03,459.0810414524289,459.8227162609005,456.8755833757596,457.4806213378906,103585900.0,13.350000381469728,14.220000267028809,13.329999923706056,14.039999961853027,0.0,-0.0042,0.0081,121.5,127.0500030517578,112.5,124.5,227.0,89.25551994770237,90.60287799841343,89.04471291518801,90.48372650146484,58159500.0
2024-01-04,457.0023705654277,459.59820232067887,455.7825264951791,456.0069885253906,84232200.0,13.93000030517578,14.199999809265137,13.640000343322754,14.130000114440918,0.0,-0.0039,0.0081,113.8499984741211,127.5,113.8499984741211,120.0,283.0,89.29219781915363,89.49384422531975,88.97139989701216,89.10888671875,52604500.0
2024-01-05,456.2119732659371,459.0908175583114,455.1775477424715,456.6316223144531,86118900.0,14.239999771118164,14.579999923706056,13.289999961853027,13.350000381469728,0.0,-0.0035,0.0081,117.0,122.5500030517578,115.5,117.0,367.0,88.44894846438727,89.53050065278576,88.18314249514268,88.2564697265625,45894800.0
2024-01-08,457.1292574663028,463.29679648061466,457.0023889128876,463.1504211425781,74879100.0,14.0,14.18000030517578,13.020000457763672,13.079999923706056,0.0,-0.0035,0.0081,117.9000015258789,125.8499984741211,117.9000015258789,122.8499984741211,234.0,88.20147485253513,89.2555240492821,88.0731487054031,89.12720489501953,39485800.0
2024-01-09,460.4862655726299,463.4724415596584,459.9788211461516,462.4477844238281,65931400.0,13.199999809265137,13.449999809265137,12.739999771118164,12.760000228881836,0.0,-0.0034,0.0081,120.1500015258789,126.0,110.5500030517578,114.0,931.0,88.57727301468421,89.06305371488831,88.53144174403963,88.55894470214844,34374000.0
2024-01-10,462.7210460536215,465.9316842003945,462.4380338715852,465.0631408691406,67310600.0,12.859999656677246,12.949999809265137,12.670000076293944,12.6899995803833,0.0,-0.0033,0.0081,123.4499969482422,123.4499969482422,112.5,115.9499969482422,191.0,88.83391916735609,88.95307768437334,88.1006677225862,88.14649200439453,48227800.0
2024-01-11,466.0682912006048,466.5855039297226,460.8668888410367,464.8582153320313,77940700.0,12.640000343322754,13.3100004196167,12.350000381469728,12.4399995803833,0.0,-0.0028,0.0081,115.5,119.8499984741211,113.0999984741211,115.8000030517578,218.0,88.14651570384764,88.75145512647838,87.72489443635013,88.64146423339844,78858900.0
2024-01-12,466.312225160829,467.053899879707,463.7652050573389,465.1802062988281,58026400.0,12.65999984741211,13.079999923706056,12.470000267028809,12.699999809265137,0.0,-0.0018,0.0081,112.9499969482422,118.1999969482422,109.5,112.5,192.0,88.70557988461188,89.15469690461741,88.23812756174212,88.46726989746094,38883900.0
2024-01-15,466.312225160829,467.053899879707,463.7652050573389,465.1802062988281,58026400.0,12.65999984741211,13.079999923706056,12.470000267028809,12.699999809265137,0.0,-0.0018,0.0081,112.9499969482422,118.1999969482422,109.5,112.5,192.0,88.70557988461188,89.15469690461741,88.23812756174212,88.46726989746094,38883900.0
2024-01-16,463.79452868780845,465.1119365861264,461.6475910038012,463.4724731445313,85014900.0,14.119999885559082,14.350000381469728,13.520000457763672,13.84000015258789,0.0,-0.0015,0.0081,118.1999969482422,118.1999969482422,106.9499969482422,108.1500015258789,345.0,87.6423924280945,87.79820759026563,86.6249995574241,86.90913391113281,61716700.0
2024-01-17,460.437486104456,461.3840863262476,458.5345173779487,460.8961486816406,68843900.0,14.59000015258789,15.399999618530272,14.380000114440918,14.789999961853027,0.0,-0.0024,0.0081,107.8499984741211,112.5,105.0,108.75,81.0,86.70749262209809,87.07412190236664,86.30420670738738,86.77165222167969,55506800.0
2024-01-18,462.5746299698475,465.5510375259721,461.0229919189616,464.9947814941406,91856200.0,14.850000381469728,14.890000343322754,13.890000343322754,14.130000114440918,0.0,-0.002,0.0081,114.0,114.0,105.0,111.0,171.0,86.57917264990135,86.68916353086142,85.70843423580095,85.96507263183594,77339100.0
2024-01-19,466.1268212618448,471.07451607606174,465.0436139967293,470.79150390625,110834500.0,13.800000190734863,14.579999923706056,13.279999732971191,13.300000190734863,0.0,-0.0024,0.0081,117.0,117.0,105.0,105.1500015258789,503.0,85.89174965572404,86.31337089776217,85.47929606910714,86.24004364013672,47030900.0
2024-01-22,472.3333529498303,473.5141535727233,471.1330157633766,471.786865234375,75844900.0,13.770000457763672,13.84000015258789,13.170000076293944,13.1899995803833,0.0,-0.0026,0.0081,106.5,111.0,105.0,105.1500015258789,219.0,86.90911866266492,87.14742868779598,86.51499350270097,86.75330352783203,35756400.0
2024-01-23,472.333402154428,473.4068411336017,471.2404266096584,473.1628723144531,49945300.0,13.199999809265137,13.289999961853027,12.529999732971191,12.550000190734863,0.0,-0.0017,0.0081,109.5,109.5,100.5,101.25,837.0,86.05671216852086,86.14836772247413,85.6350910260394,86.06587982177734,35786700.0
2024-01-24,476.0417469073494,476.97857889434994,473.1824393105692,473.6801452636719,81765000.0,12.65999984741211,13.18000030517578,12.40999984741211,13.140000343322754,0.0,-0.0016,0.0081,102.0,102.0,93.0,97.9499969482422,455.0,86.62499163114617,86.65248759926382,85.33262518665018,85.561767578125,54574900.0
2024-01-25,475.8172833950849,476.5296831119091,473.680143807316,476.2564392089844,72525000.0,13.18000030517578,13.579999923706056,13.0600004196167,13.449999809265137,0.0,-0.0014,0.0081,97.5,97.5,88.5,88.6500015258789,431.0,86.15752848538735,86.35917488368042,85.7634033413245,86.12086486816406,57019400.0
2024-01-26,475.8270786456302,477.3201668036155,474.8024213969288,475.65142822265625,76641600.0,13.729999542236328,14.100000381469728,13.199999809265137,13.260000228881836,0.0,-0.0019,0.0081,100.5,101.8499984741211,93.1500015258789,94.9499969482422,115.0,86.09337366479375,86.22169283573685,85.69008084590378,85.95588684082031,29276900.0
2024-01-29,475.963636023537,479.5646180000114,475.4171482779632,479.418212890625,61322800.0,13.979999542236328,15.350000381469728,13.59000015258789,13.600000381469728,0.0,-0.0021,0.0081,99.0,100.5,93.75,97.5,124.0,86.44167707275642,87.22992749123614,86.26753360323494,86.94579315185547,38243600.0
2024-01-30,478.7253992976652,479.75982476451486,478.2862434868122,479.0474548339844,58618400.0,13.6899995803833,13.739999771118164,13.229999542236328,13.3100004196167,0.0,-0.003,0.0081,97.3499984741211,98.25,92.6999969482422,94.3499984741211,2059.0,87.51407218074911,87.84403081724248,86.83580561323744,87.73404693603516,40151400.0
2024-01-31,476.8321663361625,477.2810606184533,471.2111152901412,471.2306518554688,126011100.0,13.420000076293944,14.609999656677246,13.18000030517578,14.350000381469728,0.0,-0.0028,0.0081,96.0,99.0,90.1500015258789,92.4000015258789,217.0,88.19231115830847,88.82474629903261,87.99066476602717,88.5956039428711,80646700.0
2024-02-01,472.9384060014142,477.4274379067324,472.1284129026181,477.3981628417969,91891600.0,14.210000038146973,14.630000114440918,13.869999885559082,13.880000114440918,0.0,-0.0033,0.0074,90.0,98.25,90.0,94.5,135.0,89.57949119920595,90.72888933207,89.36800587136585,90.33349609375,84291200.0
2024-02-02,477.8373244708508,484.08292030102734,477.4957621668845,482.4239501953125,99228200.0,13.949999809265137,14.229999542236328,13.390000343322754,13.850000381469728,0.0,-0.0033,0.0074,94.5,97.1999969482422,90.0,91.9499969482422,374.0,88.52205858021873,88.84389572449243,87.98874308748108,88.3381576538086,63823300.0
2024-02-05,481.78966938702735,482.453257473618,478.4033807510974,480.6673889160156,75757100.0,14.369999885559082,14.529999732971191,13.579999923706056,13.670000076293944,0.0,-0.0029,0.0074,97.1999969482422,97.1999969482422,90.3000030517578,93.0,98.0,87.01404244129108,87.21633765539885,86.45313553503597,86.55428314208984,53827400.0
2024-02-06,481.6140031321535,482.39472129899326,480.1794651432731,482.06292724609375,55918600.0,13.56999969482422,13.779999732971191,12.979999542236328,13.0600004196167,0.0,-0.003,0.0074,96.75,96.75,91.6500015258789,91.6500015258789,163.0,86.6554383950234,87.49220376077773,86.62785395709669,87.40025329589844,33411500.0
2024-02-07,484.31713376491945,486.5030847840718,483.4095471530847,486.0834655761719,70556500.0,13.0600004196167,13.130000114440918,12.8100004196167,12.829999923706056,0.0,-0.0032,0.0074,93.0,95.25,91.5,94.5,571.0,86.95886186277818,87.56574742339468,86.91288313290023,86.97724914550781,40120200.0
2024-02-08,486.08349349833503,486.6787631370362,485.26376181906494,486.2981872558594,52343600.0,12.949999809265137,13.170000076293944,12.739999771118164,12.789999961853027,0.0,-0.0031,0.0074,91.5,94.5,90.1500015258789,90.5999984741211,539.0,86.45312517184445,86.71059624144485,86.12210497023972,86.47151947021484,50087700.0
2024-02-09,486.805622459753,489.5478296216965,486.46406015452993,489.1087036132813,63979400.0,12.789999961853027,13.010000228881836,12.6899995803833,12.93000030517578,0.0,-0.0031,0.0074,90.0,94.5,88.5,91.1999969482422,269.0,86.21406066324828,86.44394029928428,86.12211021190782,86.29681396484375,27951300.0
2024-02-12,489.0794006092278,491.3531767842972,488.1718140143117,488.89398193359375,56502300.0,13.479999542236328,13.9399995803833,13.34000015258789,13.93000030517578,0.0,-0.0029,0.0074,91.1999969482422,93.0,90.0,90.0,66.0,86.34278035890388,86.56346281365707,85.97497159073608,86.39794921875,27890300.0
2024-02-13,482.59961722906473,485.097855647228,478.8815346699486,482.1604614257813,113099200.0,13.960000038146973,17.940000534057617,13.43000030517578,15.850000381469728,0.0,-0.0033,0.0074,90.0,90.4499969482422,88.5,90.0,111.0,85.38650562682552,85.57040655762657,84.89916184636901,84.91754913330078,49768500.0
2024-02-14,484.8051183794454,487.03011296285007,482.47276202236384,486.5421752929688,68387800.0,15.380000114440918,15.470000267028809,14.220000267028809,14.380000114440918,0.0,-0.0029,0.0074,87.0,93.75,87.0,93.75,87.0,84.8715620145484,85.56120090302403,84.80719599890546,85.3497085571289,44191600.0
2024-02-15,487.2447879089923,490.0845886117762,486.7665887596598,489.899169921875,61683000.0,14.270000457763672,14.640000343322754,13.9399995803833,14.010000228881836,0.0,-0.0032,0.0074,93.0,95.4000015258789,91.1999969482422,95.4000015258789,77.0,86.03016936493577,86.1772957277989,85.51524112565701,85.79109954833984,49598500.0
2024-02-16,489.5966725621618,490.7384300384019,486.7178283814998,487.4595031738281,75532900.0,13.9399995803833,14.710000038146973,13.75,14.239999771118164,0.0,-0.0034,0.0074,95.4000015258789,95.8499984741211,90.4499969482422,95.8499984741211,25.0,85.03709155327549,85.37730897879939,84.9083524825111,85.2945556640625,33116800.0
2024-02-19,489.5966725621618,490.7384300384019,486.7178283814998,487.4595031738281,75532900.0,13.9399995803833,14.710000038146973,13.75,14.239999771118164,0.0,-0.0034,0.0074,95.4000015258789,95.8499984741211,90.4499969482422,95.8499984741211,25.0,85.03709155327549,85.37730897879939,84.9083524825111,85.2945556640625,33116800.0
2024-02-20,485.712680385879,486.386036759877,482.5215787127143,484.7758483886719,71736700.0,15.09000015258789,15.90999984741211,15.06999969482422,15.420000076293944,0.0,-0.0032,0.0074,96.0,96.0,84.0,84.1500015258789,799.0,85.32213130679702,85.6899401480215,85.2577652857355,85.36810302734375,24469300.0
2024-02-21,483.4681704173984,485.3711094473026,481.6530268123209,485.2149658203125,59293400.0,15.539999961853027,16.1200008392334,15.220000267028809,15.34000015258789,0.0,-0.0032,0.0074,87.75,97.8000030517578,84.0,90.75,763.0,85.35890363520964,85.42326964929062,84.60489874938848,84.76121520996094,36343100.0
2024-02-22,491.8508882985767,496.2227903053238,490.8847515615135,495.2566833496094,76402500.0,14.279999732971191,14.640000343322754,14.119999885559082,14.539999961853027,0.0,-0.0036,0.0074,84.1500015258789,90.0,84.1500015258789,88.3499984741211,125.0,84.89914408387499,85.2945373162073,84.84396820388184,85.17499542236328,45190700.0
2024-02-23,496.98399282076,497.8232610473495,494.8663601420095,495.5982666015625,61321800.0,14.3100004196167,14.3100004196167,13.640000343322754,13.75,0.0,-0.0041,0.0074,90.0,112.5,88.5,88.94999694824219,4947.0,85.28534513804716,86.43474332050063,85.28534513804716,86.3152084350586,38406700.0
2024-02-26,496.03738103257336,496.4765368105967,493.65624302388784,493.7831115722656,50386700.0,14.170000076293944,14.199999809265137,13.65999984741211,13.739999771118164,0.0,-0.0041,0.0074,93.0,93.0,87.0,88.80000305175781,546.0,86.43474523739572,86.4623296719272,85.68993744356632,86.0577392578125,27855000.0
2024-02-27,494.4759766991797,494.92487095326175,492.5730081429976,494.7004089355469,48854500.0,13.630000114440918,13.75,13.40999984741211,13.43000030517578,0.0,-0.0039,0.0074,88.6500015258789,92.0999984741211,88.5,88.6500015258789,109.0,85.73591523004289,85.94740760203432,85.3773035250156,85.45086669921875,30242000.0
2024-02-28,493.1390137498183,494.6321016510109,492.7779446820202,494.0466003417969,56506600.0,13.520000457763672,13.899999618530272,13.4399995803833,13.84000015258789,0.0,-0.0037,0.0074,92.0999984741211,92.0999984741211,82.94999694824219,86.0999984741211,1053.0,85.58880185938047,86.06694849426918,85.42328821357845,85.9933853149414,34574200.0
2024-02-29,495.8129543697353,497.4426493891131,493.15857245054144,495.82269287109375,83924800.0,14.140000343322754,14.149999618530272,13.300000190734863,13.399999618530272,0.0,-0.0039,0.0074,85.05000305175781,87.75,82.5,85.5,58.0,86.26922303195686,86.7105949866583,86.23244145111764,86.60025024414062,51038600.0
2024-03-01,496.70099741172936,500.906987591846,496.2911167013304,500.47760009765625,76844800.0,13.34000015258789,13.65999984741211,13.079999923706056,13.109999656677246,0.0,-0.0035,0.0074,85.94999694824219,90.0,84.0,84.75,439.0,86.18978319539713,87.17675921537177,85.79314757779538,87.13986206054688,45832800.0
2024-03-04,499.6774721331723,501.79510491460894,499.648167283273,499.94091796875,49799300.0,13.489999771118164,13.579999923706056,13.31999969482422,13.489999771118164,0.0,-0.0039,0.0074,88.5,88.5,83.4000015258789,85.94999694824219,287.0,86.42962151133017,86.85393535836448,86.41117644891804,86.78936004638672,23864200.0
2024-03-05,497.9305728239268,498.3794968768046,492.7291708996029,494.94439697265625,72855600.0,13.75,15.100000381469728,13.75,14.460000038146973,0.0,-0.0041,0.0074,85.05000305175781,87.75,85.05000305175781,87.75,106.0,87.84089662383624,88.25597731288576,87.60106862881881,88.02537536621094,37721900.0
2024-03-06,498.2331114057753,499.7164608888025,496.1545220794044,497.4524230957031,68382400.0,14.270000457763672,14.93000030517578,13.890000343322754,14.5,0.0,-0.0044,0.0074,85.5,88.5,84.0,88.5,329.0,88.08071961893096,88.70795720989231,88.00693234272198,88.54192352294922,40571600.0
2024-03-07,500.7606553023125,503.444312321391,497.5109739434722,502.3903503417969,58652100.0,14.979999542236328,14.979999542236328,14.25,14.4399995803833,0.0,-0.0041,0.0074,88.3499984741211,90.0,83.4000015258789,89.25,277.0,88.88319948612659,88.92009663568994,88.07148330796801,88.45889282226562,39075000.0
2024-03-08,503.02473305199794,505.7180990051288,498.7991760778728,499.37493896484375,86532500.0,14.220000267028809,15.529999732971191,13.970000267028809,14.739999771118164,0.0,-0.0039,0.0074,89.25,89.69999694824219,86.8499984741211,89.25,276.0,88.36666939927828,88.5972713475672,88.07149918696499,88.3021011352539,25023200.0
2024-03-11,498.1648377894375,499.53105726392937,496.2325939589306,498.9455261230469,62557200.0,15.510000228881836,16.040000915527344,15.130000114440918,15.220000267028809,0.0,-0.0041,0.0074,90.1500015258789,90.4499969482422,78.9000015258789,81.0,368.0,88.51425451169541,88.56037771815518,87.97003727001903,88.2559814453125,17787900.0
2024-03-12,501.0632151047511,504.8983981189664,498.53567171677753,504.3128967285156,73114400.0,14.970000267028809,15.199999809265137,13.8100004196167,13.84000015258789,0.0,-0.0042,0.0074,84.0,84.0,76.19999694824219,78.1500015258789,47.0,87.66563977614594,87.8224474160639,87.34279844766392,87.51805114746094,29566000.0
2024-03-13,504.6348509797468,504.8105013823562,502.078062515044,503.5223388671875,55104100.0,13.890000343322754,14.039999961853027,13.670000076293944,13.75,0.0,-0.0042,0.0074,81.0,81.0,72.0,78.75,404.0,87.16752141151397,87.3888972731949,86.90002235316912,87.0937271118164,38270100.0
2024-03-14,504.4982357008347,504.6544091071824,499.4725135393552,502.5270080566406,110171800.0,13.619999885559082,15.329999923706056,13.420000076293944,14.399999618530272,0.0,-0.0039,0.0074,78.1500015258789,78.75,67.94999694824219,74.8499984741211,745.0,86.45727263327485,86.4757176899208,85.6547754396441,85.75624084472656,58365600.0
2024-03-15,499.44831403821377,500.906906313764,497.4024012478183,499.0763244628906,107646300.0,14.329999923706056,15.529999732971191,14.140000343322754,14.40999984741211,0.0,-0.0041,0.0074,75.0,75.0,65.4000015258789,65.4000015258789,576.0,85.839261083789,85.95917859260778,85.59021409320283,85.72857666015625,34997700.0
2024-03-18,503.15838817484575,504.6071519631464,501.631295067572,502.04241943359375,88893300.0,14.75,14.850000381469728,14.260000228881836,14.329999923706056,0.0,-0.0039,0.0074,69.9000015258789,71.8499984741211,61.95000076293945,67.5,377.0,85.53487465817044,85.77469560876854,85.32271777696612,85.47030639648438,29519500.0
2024-03-19,501.3473983051708,505.1161675164121,500.339095105816,504.8323059082031,60755300.0,14.5,14.859999656677246,13.800000190734863,13.81999969482422,0.0,-0.0038,0.0074,67.5,67.5,58.34999847412109,63.0,574.0,85.64555289776396,86.03296243989115,85.49797132632074,85.71012115478516,26953100.0
2024-03-20,504.89109332775615,509.6387703610633,504.21564482581135,509.501708984375,69594600.0,13.829999923706056,14.170000076293944,13.010000228881836,13.039999961853027,0.0,-0.0032,0.0074,62.25,66.9000015258789,61.34999847412109,64.3499984741211,472.0,85.87616940356574,86.51263307186052,85.12902129724642,85.68246459960938,43460100.0
2024-03-21,512.350388103231,513.0551727931278,510.90156443882734,511.18548583984375,60256100.0,12.979999542236328,13.079999923706056,12.399999618530272,12.920000076293944,0.0,-0.0035,0.0074,58.20000076293945,62.400001525878906,58.20000076293945,58.95000076293945,754.0,86.03296940968762,86.18055803049967,85.53487540797894,85.86693572998047,34276600.0
2024-03-22,511.09725876770295,511.5867124011396,509.9812901440056,510.2162780761719,79070800.0,12.920000076293944,13.149999618530272,12.579999923706056,13.0600004196167,0.0,-0.0037,0.0074,60.150001525878906,63.0,55.5,61.20000076293945,588.0,86.88159389477366,86.9000389545159,86.5034033146331,86.6878890991211,30262300.0
2024-03-25,508.8360683316894,509.9618357712417,508.65007353074856,508.8067321777344,48512100.0,13.670000076293944,13.670000076293944,13.109999656677246,13.1899995803833,0.0,-0.0029,0.0074,59.09999847412109,61.20000076293945,58.34999847412109,60.75,178.0,86.43885806866378,86.47575523538734,86.06067442522347,86.25437927246094,24011800.0
2024-03-26,510.2358825265972,510.5785359636074,507.465617616324,507.866943359375,65463700.0,13.119999885559082,13.43000030517578,12.84000015258789,13.239999771118164,0.0,-0.0032,0.0074,58.34999847412109,60.75,57.0,59.84999847412109,273.0,86.25436541232311,86.58643282206059,86.04220849710768,86.49418640136719,34423000.0
2024-03-27,510.7057822180554,512.174143263585,508.53257680183424,512.1349487304688,82999800.0,13.130000114440918,13.34000015258789,12.65999984741211,12.779999732971191,0.0,-0.0034,0.0074,59.54999923706055,59.54999923706055,57.900001525878906,59.400001525878906,103.0,86.69711910922764,87.3520278930664,86.65100293531489,87.3520278930664,50157800.0
2024-03-28,512.1741097012416,513.5445440719409,511.7531867321709,512.0370483398438,96294900.0,12.93000030517578,13.100000381469728,12.84000015258789,13.010000228881836,0.0,-0.0039,0.0074,63.0,63.0,60.0,61.650001525878906,350.0,87.15829600373586,87.64717092734604,87.00148839378765,87.27821350097656,34540400.0
2024-03-29,512.1741097012416,513.5445440719409,511.7531867321709,512.0370483398438,96294900.0,12.93000030517578,13.100000381469728,12.84000015258789,13.010000228881836,0.0,-0.0039,0.0074,63.0,63.0,60.0,61.650001525878906,350.0,87.15829600373586,87.64717092734604,87.00148839378765,87.27821350097656,34540400.0
2024-04-01,512.7810279269447,513.3194149926431,509.9813076393445,511.1462097167969,62477500.0,13.609999656677246,14.149999618530272,13.550000190734863,13.649999618530272,0.0,-0.0039,0.0072,60.150001525878906,75.0,60.0,66.0,1367.0,86.33610596607522,86.34536253682242,85.5679729900357,85.6512680053711,48945400.0
2024-04-02,507.3088905453504,508.0332723605118,505.5860042023949,507.8962707519531,74230300.0,13.739999771118164,15.43000030517578,13.68000030517578,14.609999656677246,0.0,-0.0034,0.0072,64.5,75.0,60.29999923706055,71.8499984741211,38701.0,84.74431609887847,85.32735297299669,84.53145733237477,85.17928314208984,43086300.0
2024-04-03,506.7998374575912,509.9617485326801,506.750904044192,508.4541931152344,59155800.0,15.0,15.18000030517578,14.25,14.329999923706056,0.0,-0.0032,0.0072,75.0,86.25,75.0,78.0,12977.0,84.45741501022593,85.18852868126828,84.26306941068717,85.16075897216797,45494400.0
2024-04-04,512.4776415616462,512.8202352661735,501.9445879588344,502.248046875,96858100.0,14.289999961853027,16.920000076293945,13.739999771118164,16.350000381469727,0.0,-0.0034,0.0072,73.5,76.5,66.0,76.3499984741211,6824.0,85.72531538484749,85.84562964492656,85.1792976406905,85.77159118652344,47957400.0
2024-04-05,503.60867026854095,509.4625167939743,503.1681500346875,507.4949035644531,74546500.0,16.450000762939453,16.75,15.529999732971191,16.030000686645508,0.0,-0.0034,0.0072,78.1500015258789,87.75,67.94999694824219,82.5,4343.0,84.85539186027167,85.30886508127446,84.5684945867955,84.57775115966797,42495900.0
2024-04-08,508.1996997174732,509.2079430704707,506.9662670787009,507.7787170410156,48401800.0,16.239999771118164,16.5,15.109999656677246,15.1899995803833,0.0,-0.0036,0.0072,84.0,84.0,75.0,82.5,1387.0,84.42966817727779,84.7628270812563,84.3371165843277,84.5684814453125,37879800.0
2024-04-09,509.5212227680921,509.7659495801806,503.5009192916143,508.3661193847656,68049200.0,15.34000015258789,16.6299991607666,14.9399995803833,14.979999542236328,0.0,-0.0038,0.0072,80.69999694824219,81.44999694824219,75.44999694824219,78.0,2057.0,85.02196707075085,85.47544025016362,84.99419735468031,85.35513305664062,32522000.0
2024-04-10,502.6493028576708,505.2727672601493,501.2886671147105,503.27581787109375,82652800.0,15.239999771118164,16.6200008392334,14.59000015258789,15.800000190734863,0.0,-0.0042,0.0072,78.44999694824219,87.0,73.94999694824219,85.5,2242.0,84.40191103578239,84.49446264251931,83.33763816527066,83.49496459960938,74368900.0
2024-04-11,504.8029936767474,508.5228300890004,501.2789507067751,507.0740661621094,70099000.0,16.020000457763672,17.610000610351562,14.90999984741211,14.90999984741211,0.0,-0.0037,0.0072,85.5,85.5,75.44999694824219,78.9000015258789,1273.0,83.64302062514118,83.69855299213656,82.83787544100659,83.11550903320312,65751200.0
2024-04-12,503.52057224225,504.93999985889445,498.3421439610696,500.0748291015625,92561100.0,14.90999984741211,19.200000762939453,14.90999984741211,17.309999465942383,0.0,-0.0038,0.0072,77.69999694824219,83.55000305175781,77.69999694824219,79.5,621.0,83.88364756838473,84.17053775072411,83.55048158728938,83.55973815917969,47900100.0
2024-04-15,504.2645375653604,504.4309350820484,492.9581399821633,493.809814453125,92101400.0,16.940000534057617,19.459999084472656,16.260000228881836,19.229999542236328,0.0,-0.003,0.0072,79.05000305175781,80.8499984741211,72.1500015258789,74.69999694824219,673.0,82.5694871527873,82.60650637533321,81.92166134927616,82.26408386230469,55993100.0
2024-04-16,494.28947313511503,495.8165661909258,491.6170453505055,492.9092102050781,73484000.0,19.489999771118164,19.559999465942383,17.639999389648438,18.399999618530277,0.0,-0.003,0.0072,73.3499984741211,76.5,70.5,71.55000305175781,1003.0,81.48670612499768,81.97719849613122,81.24608469475844,81.71807098388672,45103200.0
2024-04-17,495.3760558913513,495.5424832864925,488.5922350793865,489.9920654296875,75910300.0,18.239999771118164,19.11000061035156,17.540000915527344,18.209999084472656,0.0,-0.0034,0.0072,71.55000305175781,73.5,69.75,72.0,564.0,82.24557297668102,82.71755215000556,81.86613126327316,82.62500762939453,57947000.0
2024-04-18,491.3919594558385,493.49660444266914,488.04408292123793,488.98382568359375,74548100.0,17.90999984741211,18.3700008392334,17.209999084472656,18.0,0.0,-0.0034,0.0072,68.69999694824219,74.0999984741211,68.69999694824219,72.5999984741211,229.0,82.58799946179418,82.61576211562354,81.98644940627534,82.20856475830078,43839500.0
2024-04-19,488.9055122549044,489.9039870442404,483.4431922557745,484.7157897949219,102212600.0,21.32999992370605,21.36000061035156,18.170000076293945,18.709999084472656,0.0,-0.0035,0.0072,72.0,75.0,72.0,73.80000305175781,193.0,82.7268156165465,82.7268156165465,82.28259905630506,82.50470733642578,44826800.0
2024-04-22,487.3294466640699,491.78349315664354,484.98007493251976,489.1795959472656,67961000.0,18.59000015258789,18.71999931335449,16.690000534057617,16.940000534057617,0.0,-0.0035,0.0072,70.5,75.1500015258789,69.0,70.3499984741211,466.0,82.0697437633245,82.47694817804235,82.04198110972014,82.36589050292969,24969000.0
2024-04-23,491.19613039401867,495.4152186955436,488.9935888497658,494.9844970703125,64633600.0,16.719999313354492,16.760000228881836,15.6899995803833,15.6899995803833,0.0,-0.0025,0.0072,70.3499984741211,72.5999984741211,70.3499984741211,72.5999984741211,31.0,82.11602027048725,82.86564016707358,81.94943728672415,82.3936538696289,27222700.0
2024-04-24,495.8752490698958,496.6681615443303,492.5176044066608,494.74951171875,55928100.0,15.760000228881836,16.3799991607666,15.579999923706056,15.970000267028809,0.0,-0.0024,0.0072,70.5,74.8499984741211,70.5,74.8499984741211,69.0,81.95868537772218,82.0234672558025,80.97770063516434,81.81061553955078,48986800.0
2024-04-25,488.6509678289955,493.6336026966789,486.9966120039557,492.87005615234375,69122400.0,16.25,17.549999237060547,15.270000457763672,15.369999885559082,0.0,-0.0026,0.0072,70.5,74.8499984741211,70.5,72.75,93.0,80.94066211043265,81.34786642452407,80.82960446276405,81.23680877685547,49282600.0
2024-04-26,495.6697730082035,499.1253149704082,495.03348916650594,497.53948974609375,64306100.0,15.489999771118164,16.059999465942383,14.920000076293944,15.029999732971191,0.0,-0.0029,0.0072,72.75,73.94999694824219,69.0,71.25,223.0,81.67177030143976,82.00493616157587,81.4866812950055,81.66251373291016,31589800.0
2024-04-29,499.33084917999474,499.976931619229,496.55075587636594,499.3014831542969,46415400.0,15.369999885559082,15.420000076293944,14.630000114440918,14.670000076293944,0.0,-0.0034,0.0072,72.0,75.1500015258789,67.6500015258789,69.0,695.0,82.0512348623655,82.3843937548677,81.88465188576693,82.34738159179688,39228600.0
2024-04-30,497.8331346702943,498.8120420500729,491.3919372558594,491.3919372558594,77483600.0,14.81999969482422,15.899999618530272,14.670000076293944,15.649999618530272,0.0,-0.0035,0.0072,69.0,72.0,64.5,66.75,277.0,81.82911676185681,82.11601397119857,81.53297004240656,81.64402770996094,41054700.0
2024-05-01,490.80459911500014,497.4709561479276,489.3264393749632,489.79632568359375,80242800.0,15.75,16.219999313354492,14.350000381469728,15.390000343322754,0.0,-0.0033,0.007,69.0,73.3499984741211,69.0,73.05000305175781,100.0,82.28298327519106,82.84949197591158,81.94865003917788,82.24583435058594,59679500.0
2024-05-02,493.516150718059,495.2194698771777,489.0131707855575,494.3775939941406,62550200.0,15.140000343322754,16.09000015258789,14.600000381469728,14.68000030517578,0.0,-0.0029,0.007,72.9000015258789,77.25,69.5999984741211,76.94999694824219,332.0,81.9207841984685,82.66374846602741,81.75361759253936,82.59873962402344,58925400.0
2024-05-03,500.3782914621552,501.73895716286734,497.83312634253,500.5055541992188,72756700.0,14.510000228881836,14.579999923706056,13.479999542236328,13.489999771118164,0.0,-0.0031,0.007,76.5,76.6500015258789,70.5,70.5,468.0,83.51814188885798,83.69459747438836,82.9051953825513,83.43455505371094,50066100.0
2024-05-06,502.9136379933652,505.7132986021477,502.4731177477603,505.6741638183594,47264700.0,13.979999542236328,14.020000457763672,13.4399995803833,13.489999771118164,0.0,-0.0033,0.007,72.9000015258789,72.9000015258789,68.25,68.25,461.0,83.46242115842425,83.81532524025951,83.276676574223,83.75960540771484,23868200.0
2024-05-07,506.6432715629709,507.6319775185714,505.5566987742017,506.2321472167969,52561300.0,13.520000457763672,13.640000343322754,13.15999984741211,13.229999542236328,0.0,-0.0035,0.007,66.5999984741211,70.5,66.44999694824219,67.80000305175781,222.0,84.41899669289872,84.73475191008444,84.14967231536424,84.27040100097656,30525800.0
2024-05-08,504.3918133863561,506.8194845079021,504.2743492835563,506.2810974121094,42047200.0,13.239999771118164,13.510000228881836,12.9399995803833,13.0,0.0,-0.0036,0.007,68.69999694824219,68.69999694824219,59.84999847412109,60.0,695.0,83.87104507280418,84.01035173959727,83.73174549144251,83.75960540771484,31171700.0
2024-05-09,506.4670513608274,509.2373756819589,505.81120021511913,509.19818115234375,43643700.0,13.079999923706056,13.289999961853027,12.68000030517578,12.6899995803833,0.0,-0.0035,0.007,63.0,63.75,56.25,59.25,1369.0,83.46242756099412,84.29825345500768,83.4159896400236,84.1682357788086,39606700.0
2024-05-10,510.8036679931926,511.6161778645498,508.63052224416674,509.8541564941406,52233200.0,12.770000457763672,12.960000038146973,12.5,12.550000190734863,0.0,-0.0037,0.007,60.0,66.0,60.0,65.25,507.0,83.8431762737068,83.93604501325268,83.5459920559016,83.69458770751953,21913800.0
2024-05-13,511.5377978533116,511.6454633171765,508.7772720891876,509.9225769042969,36716400.0,13.260000228881836,13.65999984741211,13.25,13.600000381469728,0.0,-0.0037,0.007,66.0,66.0,59.84999847412109,62.54999923706055,463.0,84.09396302199076,84.14968287073454,83.87106945614872,83.90821838378906,23157500.0
2024-05-14,510.1183975334321,512.7810566084371,509.5800104376199,512.26220703125,57535900.0,13.710000038146973,14.029999732971191,13.270000457763672,13.420000076293944,0.0,-0.0036,0.007,59.70000076293945,66.0,57.0,62.84999847412109,883.0,84.18680182151294,84.43754813700878,83.9731973349987,84.38182830810547,25746400.0
2024-05-15,514.7388946424787,518.8992510906287,514.1025809336553,518.6055908203125,59504900.0,13.729999542236328,13.9399995803833,12.380000114440918,12.449999809265137,0.0,-0.0037,0.007,63.0,70.3499984741211,60.150001525878906,70.3499984741211,631.0,85.3198421769039,85.68203533439927,85.0969486296507,85.53343963623047,65142900.0
2024-05-16,518.7034152838155,520.3088376274046,517.3916531865508,517.5385131835938,50244800.0,12.520000457763672,12.670000076293944,12.329999923706056,12.420000076293944,0.0,-0.004,0.007,67.80000305175781,69.0,63.29999923706055,66.0,713.0,85.80275611220225,85.83061603168139,85.38484314915068,85.4498519897461,37902400.0
2024-05-17,517.6559557052394,518.3510013823711,516.1973934194888,518.282470703125,59187600.0,12.279999732971191,12.479999542236328,11.90999984741211,11.989999771118164,0.0,-0.0041,0.007,60.29999923706055,66.0,60.29999923706055,63.59999847412109,279.0,85.10624469745594,85.25484040796078,84.82763128297606,84.87406921386719,24755000.0
2024-05-20,518.399983619737,520.3479997283454,518.0083967722392,518.879638671875,37764200.0,12.270000457763672,12.59000015258789,12.06999969482422,12.149999618530272,0.0,-0.0038,0.007,65.25,66.0,62.09999847412109,65.0999984741211,1016.0,84.58614972800119,84.80903614467985,84.52114089457693,84.62329864501953,17922800.0
2024-05-21,518.1161373062547,520.308880322423,517.9105452430766,520.1522216796875,33437000.0,12.300000190734863,12.5600004196167,11.84000015258789,11.859999656677246,0.0,-0.0041,0.007,66.0,72.30000305175781,64.3499984741211,69.1500015258789,1689.0,85.1898239721693,85.22696581105559,84.91121058249226,85.05979919433594,15334400.0
2024-05-22,519.457191149343,520.1717743707599,516.471476037249,518.6544799804688,48390000.0,12.050000190734863,12.8100004196167,11.779999732971191,12.289999961853027,0.0,-0.0043,0.007,66.0,67.5,60.45000076293945,63.0,855.0,84.76259952106584,85.23623936349126,84.75331760574313,85.16194152832031,38073700.0
2024-05-23,521.7185015997201,521.8261670726438,513.6522545564001,514.8661499023438,57211200.0,11.529999732971191,13.369999885559082,11.520000457763672,12.770000457763672,0.0,-0.0044,0.007,66.5999984741211,66.5999984741211,60.29999923706055,61.95000076293945,265.0,85.25481243426356,85.25481243426356,84.34468171963586,84.61400604248047,51294700.0
2024-05-24,516.7162769685657,519.0852760314796,515.7667654147743,518.2727661132812,41291100.0,12.859999656677246,12.890000343322754,11.890000343322754,11.93000030517578,0.0,-0.0047,0.007,61.79999923706055,88.5,60.29999923706055,67.6500015258789,1660.0,84.48399732848968,84.94834819248231,84.41898849094798,84.86476135253906,19164400.0
2024-05-27,516.7162769685657,519.0852760314796,515.7667654147743,518.2727661132812,41291100.0,12.859999656677246,12.890000343322754,11.890000343322754,11.93000030517578,0.0,-0.0047,0.007,61.79999923706055,88.5,60.29999923706055,67.6500015258789,1660.0,84.48399732848968,84.94834819248231,84.41898849094798,84.86476135253906,19164400.0
2024-05-28,519.0852065742038,519.3201347726647,515.9918259671035,518.6348876953125,36269600.0,12.510000228881836,13.4399995803833,12.359999656677246,12.920000076293944,0.0,-0.004,0.007,67.5,67.5,61.04999923706055,61.5,857.0,84.81832898179381,84.84618889945988,83.61101392309821,83.64816284179688,45973700.0
2024-05-29,514.5919884514224,516.187612149335,514.2885295747019,515.0031127929688,45190300.0,13.75,14.31999969482422,13.6899995803833,14.279999732971191,0.0,-0.0035,0.007,61.04999923706055,61.5,57.150001525878906,57.150001525878906,795.0,82.97022092701945,83.02594785681835,82.35728138269486,82.63589477539062,45508400.0
2024-05-30,513.4564467342078,514.1220964903868,510.333730235986,511.5867004394531,46377600.0,14.81999969482422,14.880000114440918,13.670000076293944,14.470000267028809,0.0,-0.0037,0.007,57.150001525878906,60.59999847412109,54.45000076293945,55.95000076293945,2514.0,83.21166863570464,83.5552908060976,83.0630800521776,83.43455505371094,29548600.0
2024-05-31,512.5461599640777,516.373661669616,507.4264335525969,516.2463989257812,90785800.0,14.5,14.869999885559082,12.84000015258789,12.920000076293944,0.0,-0.0038,0.007,58.04999923706055,58.5,52.5,57.59999847412109,1174.0,84.02893511872165,84.196101712486,83.81533060457703,84.00106811523438,41308800.0
2024-06-01,512.5461599640777,516.373661669616,507.4264335525969,516.2463989257812,90785800.0,14.5,14.869999885559082,12.84000015258789,12.920000076293944,0.0,-0.0038,0.0069,58.04999923706055,58.5,52.5,57.59999847412109,1174.0,84.02893511872165,84.196101712486,83.81533060457703,84.00106811523438,41308800.0
2024-06-03,517.8615342459523,518.145395840209,511.5769066615521,516.667236328125,46835700.0,13.079999923706056,14.3100004196167,13.0,13.109999656677246,0.0,-0.0041,0.0069,60.59999847412109,62.84999847412109,57.150001525878906,58.5,443.0,84.46513459186872,85.4249645356971,84.43717948432277,85.35973358154297,42272100.0
2024-06-04,515.3555890163468,517.9888521983294,513.8872279798754,517.244873046875,34632700.0,13.510000228881836,14.079999923706056,13.109999656677246,13.15999984741211,0.0,-0.0044,0.0069,57.0,59.70000076293945,55.5,57.0,547.0,85.91886730758358,86.47799796374444,85.72317442178394,86.35684967041016,42581500.0
2024-06-05,519.574631475195,523.4119312490825,517.5776224033007,523.392333984375,47610400.0,13.140000343322754,13.25,12.600000381469728,12.630000114440918,0.0,-0.0043,0.0069,57.0,60.0,55.5,55.650001525878906,855.0,86.66438468625617,86.99053955078125,86.09594030395124,86.99053955078125,43153900.0
2024-06-06,523.695948019033,524.1266697359112,521.4444725776239,523.3826904296875,30808500.0,12.75,12.979999542236328,12.539999961853027,12.579999923706056,0.0,-0.0044,0.0069,55.5,57.0,51.75,54.45000076293945,1055.0,86.58982466745779,87.06508291569767,86.53391444165621,86.86006927490234,22891900.0
2024-06-07,522.4037454552046,525.5656572802073,521.3073738449024,522.7463989257812,43224500.0,12.6899995803833,13.079999923706056,12.109999656677246,12.220000267028809,0.0,-0.0044,0.0069,55.5,57.0,49.5,55.95000076293945,1002.0,85.57407621823282,85.57407621823282,85.17336971539866,85.26655578613281,35240500.0
2024-06-10,521.9339007520192,524.6846284743783,521.3367815083941,524.361572265625,35686100.0,13.09000015258789,13.279999732971191,12.619999885559082,12.739999771118164,0.0,-0.004,0.0069,55.95000076293945,60.900001525878906,54.150001525878906,60.0,3631.0,84.80062693830187,84.85653716449438,84.47447210277531,84.6981201171875,20586500.0
2024-06-11,522.8049491689983,525.6829385821035,520.8275376052097,525.6242065429688,36383400.0,12.850000381469728,13.470000267028809,12.779999732971191,12.850000381469728,0.0,-0.0042,0.0069,60.0,67.5,60.0,63.0,2390.0,84.82857102748893,85.61134964066878,84.72606421969584,85.5740737915039,30329200.0
2024-06-12,530.2056082912144,532.6430781044711,528.9036447482033,529.9412841796875,63251300.0,13.100000381469728,13.149999618530272,11.9399995803833,12.039999961853027,0.0,-0.0044,0.0069,63.0,65.8499984741211,60.0,61.34999847412109,1219.0,86.68302437262467,87.19555855517771,86.18913167469717,86.21708679199219,42554600.0
2024-06-13,531.6936089856242,531.8698051580913,528.2087008298147,531.0083618164062,44760900.0,12.050000190734863,12.68000030517578,11.880000114440918,11.9399995803833,0.0,-0.0044,0.0069,62.400001525878906,63.0,57.0,62.54999923706055,1375.0,86.86937940932215,87.58691995485461,86.61776920465142,87.48441314697266,33093800.0
2024-06-14,529.4714728215465,531.3607570534568,528.4631694567662,531.3314208984375,40089900.0,12.220000267028809,13.449999809265137,12.119999885559082,12.65999984741211,0.0,-0.0047,0.0069,60.900001525878906,63.0,58.650001525878906,62.25,975.0,87.98765041295208,88.37903627166727,87.81991260069653,88.22061920166016,28776700.0
2024-06-17,530.6461064563005,536.9600707352853,530.1859889386527,535.5601806640625,55839500.0,13.06999969482422,13.289999961853027,12.5,12.75,0.0,-0.0047,0.0069,62.09999847412109,66.30000305175781,62.09999847412109,63.29999923706055,5226.0,87.14894264217304,87.41918723221436,86.92529464372709,87.34464263916016,31040200.0
2024-06-18,535.618874007655,537.0481001268946,535.1979510525092,536.9208374023438,41376400.0,12.699999809265137,12.739999771118164,12.239999771118164,12.300000190734863,0.0,-0.0047,0.0069,64.5,64.5,59.400001525878906,60.0,1251.0,87.4937398680698,88.15537023985854,87.34464357072953,88.14604949951172,26881000.0
2024-06-19,535.618874007655,537.0481001268946,535.1979510525092,536.9208374023438,41376400.0,12.699999809265137,12.739999771118164,12.239999771118164,12.300000190734863,0.0,-0.0047,0.0069,64.5,64.5,59.400001525878906,60.0,1251.0,87.4937398680698,88.15537023985854,87.34464357072953,88.14604949951172,26881000.0
2024-06-20,537.8508777255481,538.5165275797466,533.6807226924603,535.4623413085938,70328200.0,12.5,13.550000190734863,12.18000030517578,13.279999732971191,0.0,-0.0045,0.0069,61.20000076293945,62.09999847412109,58.5,59.25,648.0,87.04644064449582,87.59624344069782,86.98120257412457,87.55896759033203,30246300.0
2024-06-21,534.6363719686153,535.8639535905671,533.2811170627399,534.744384765625,64338600.0,13.220000267028809,13.779999732971191,12.989999771118164,13.199999809265137,0.0,-0.0045,0.0069,62.25,62.25,52.95000076293945,54.59999847412109,4501.0,87.81989143325104,88.04354653544577,87.21417130667962,87.55896759033203,22596400.0
2024-06-24,534.5677361214845,537.1407429637898,532.8883825199175,533.0062255859375,45528700.0,13.850000381469728,13.880000114440918,13.149999618530272,13.329999923706056,0.0,-0.0046,0.0069,55.95000076293945,57.29999923706055,40.650001525878906,45.59999847412109,4447.0,87.64283322641303,87.91307067871094,87.35394718591787,87.91307067871094,56939100.0
2024-06-25,534.2338154405055,535.4221363045356,532.7116258646143,535.0587768554688,37936200.0,13.479999542236328,13.520000457763672,12.84000015258789,12.84000015258789,0.0,-0.0042,0.0069,46.5,46.5,36.0,39.75,4475.0,87.66148066182717,88.10878378851956,87.63352554946677,88.06218719482422,22890200.0
2024-06-26,533.9391352589275,536.4433900198844,533.2909984741738,535.7265014648438,38550600.0,12.8100004196167,13.239999771118164,12.369999885559082,12.550000190734863,0.0,-0.0039,0.0069,38.84999847412109,46.34999847412109,37.79999923706055,42.150001525878906,1254.0,86.92530990709281,87.10236845467513,86.7668928432786,86.80416870117188,38489100.0
2024-06-27,535.588979563753,537.1504898569925,534.8426003010983,536.571044921875,35041500.0,12.6899995803833,12.770000457763672,12.210000038146973,12.239999771118164,0.0,-0.0041,0.0069,44.70000076293945,44.70000076293945,42.0,42.75,1433.0,87.1489486694336,87.32600719817134,87.0557625894398,87.1489486694336,23140800.0
2024-06-28,537.3468693543182,540.4109684989184,533.2124124479245,534.4595947265625,76144500.0,12.239999771118164,12.760000228881836,11.869999885559082,12.4399995803833,0.0,-0.0035,0.0069,44.09999847412109,44.09999847412109,41.09999847412109,41.25,993.0,87.34464927412644,87.38191801866374,85.5274887084961,85.5274887084961,55119600.0
2024-07-01,535.8444087668356,536.0899251442213,532.7901994178842,535.5596313476562,40297800.0,12.979999542236328,13.260000228881836,12.100000381469728,12.220000267028809,0.0,-0.0029,0.0072,42.0,46.04999923706055,41.09999847412109,43.650001525878906,2037.0,84.52813141596937,85.1451285119167,83.96722950381574,84.0513687133789,49735400.0
2024-07-02,533.9489922304165,539.1637573242188,533.8999009464727,539.1637573242188,40434800.0,12.670000076293944,12.880000114440918,11.850000381469728,12.029999732971191,0.0,-0.0031,0.0072,45.0,47.70000076293945,42.0,45.900001525878906,1117.0,84.77119558179082,84.8927220766905,84.21029364280403,84.70575714111328,34204700.0
2024-07-03,538.8495445221813,541.9332447091265,538.8102834790983,541.5698852539062,32789900.0,12.130000114440918,12.229999542236328,11.949999809265137,12.09000015258789,0.0,-0.0035,0.0072,45.150001525878906,49.5,45.150001525878906,47.400001525878906,841.0,85.22927649520129,85.90236176830258,85.15448765768868,85.81822967529297,35563300.0
2024-07-04,538.8495445221813,541.9332447091265,538.8102834790983,541.5698852539062,32789900.0,12.130000114440918,12.229999542236328,11.949999809265137,12.09000015258789,0.0,-0.0035,0.0072,45.150001525878906,49.5,45.150001525878906,47.400001525878906,841.0,85.22927649520129,85.90236176830258,85.15448765768868,85.81822967529297,35563300.0
2024-07-05,541.874286937383,545.0954305299725,541.2359204016998,544.6928100585938,41488400.0,12.369999885559082,12.609999656677246,11.84000015258789,12.479999542236328,0.0,-0.0032,0.0072,48.0,49.5,47.25,47.84999847412109,316.0,86.25760520234445,86.68763748758097,85.9117192816089,86.5287094116211,34895500.0
2024-07-08,545.4783931483458,546.273863702814,544.2508114321598,545.3212890625,36110500.0,12.90999984741211,12.90999984741211,12.3100004196167,12.369999885559082,0.0,-0.0034,0.0072,50.25,50.25,48.0,48.75,780.0,86.51000200324077,86.79979981121167,86.21085380822888,86.71566772460938,16095700.0
2024-07-09,546.283734729133,547.1872181563506,545.5570158893808,545.8516235351562,27289700.0,12.479999542236328,12.609999656677246,12.350000381469728,12.510000228881836,0.0,-0.0032,0.0072,48.75,49.20000076293945,45.0,46.20000076293945,974.0,86.44458073094836,86.6408961042746,85.88367864540805,86.3323974609375,30289800.0
2024-07-10,547.0791519482386,551.5966285839402,546.7845443312167,551.2529296875,38701200.0,12.510000228881836,12.920000076293944,12.390000343322754,12.850000381469728,0.0,-0.0034,0.0072,46.34999847412109,49.79999923706055,45.900001525878906,47.400001525878906,504.0,86.42587102737431,86.64088715629138,86.24825645018846,86.6034927368164,23572500.0
2024-07-11,551.370760432176,552.244812960266,545.8613883249984,546.4996948242188,53054200.0,12.880000114440918,13.329999923706056,12.229999542236328,12.920000076293944,0.0,-0.003,0.0072,49.5,51.59999847412109,48.0,50.400001525878906,1366.0,87.5757163648059,88.00574144186199,87.37940103390565,87.44483947753906,49761800.0
2024-07-12,547.6291782325719,553.5608321512885,547.1578059832891,549.9468383789062,53084400.0,12.869999885559082,12.890000343322754,12.109999656677246,12.460000038146973,0.0,-0.0027,0.0072,52.20000076293945,58.20000076293945,49.5,56.84999847412109,2535.0,87.43548397754068,87.81877136230469,87.25786229852761,87.81877136230469,27796500.0
2024-07-15,551.9503223190923,554.709924079379,549.5933410549901,551.4592895507812,40584300.0,12.779999732971191,13.260000228881836,12.75,13.119999885559082,0.0,-0.0021,0.0072,58.5,60.0,51.150001525878906,55.95000076293945,678.0,86.94001994520573,87.22047447535031,86.7343542407337,86.80914306640625,37918900.0
2024-07-16,552.7751306542716,555.024038775581,552.0189211375351,554.7294311523438,36475300.0,13.380000114440918,13.470000267028809,12.949999809265137,13.1899995803833,0.0,-0.0026,0.0072,56.400001525878906,59.400001525878906,51.75,58.95000076293945,1605.0,87.43549417401644,88.07118500580854,87.30461727914063,88.0337905883789,36383700.0
2024-07-17,548.7781042114635,550.4574575343235,546.627378702753,546.9514770507812,57119000.0,13.600000381469728,14.880000114440918,13.539999961853027,14.479999542236328,0.0,-0.0026,0.0072,58.5,64.19999694824219,57.0,61.5,2382.0,87.80005688045235,88.24878263495852,87.5850479541972,88.0524673461914,29036800.0
2024-07-18,548.4934101354552,549.4853058775749,540.5583041390183,542.748291015625,56270400.0,14.270000457763672,16.43000030517578,14.079999923706056,15.93000030517578,0.0,-0.0026,0.0072,64.19999694824219,64.5,60.0,60.0,2278.0,87.57570220100523,88.00572720851248,87.29524769807455,87.37938690185547,34553100.0
2024-07-19,542.5125813182824,544.1428435386215,538.0834565302354,539.1441040039062,65509100.0,16.440000534057617,17.190000534057617,10.619999885559082,16.520000457763672,0.0,-0.0024,0.0072,60.0,63.75,58.20000076293945,62.84999847412109,401.0,86.97740997846553,87.0895932113256,86.7717442843494,86.86522674560547,32164700.0
2024-07-22,543.0821438640331,545.3114514113106,541.1376736329704,544.7025756835938,43346700.0,16.790000915527344,16.889999389648438,14.75,14.90999984741211,0.0,-0.0024,0.0072,61.34999847412109,62.09999847412109,57.900001525878906,59.84999847412109,809.0,87.31396802724346,87.4261441477399,86.2856465065761,86.61283874511719,36160400.0
2024-07-23,544.5945249198012,546.7550807862475,543.3571728667828,543.8482055664062,34439600.0,15.210000038146973,15.350000381469728,13.899999618530272,14.720000267028809,0.0,-0.0015,0.0072,59.70000076293945,60.75,56.54999923706055,58.650001525878906,661.0,86.76242196694888,86.9680877275997,86.46327371479958,86.49131774902344,23498000.0
2024-07-24,539.0164803289134,539.3209182500651,530.6001714203044,531.5233154296875,74515300.0,15.350000381469728,18.459999084472656,15.18000030517578,18.040000915527344,0.0,-0.0009,0.0072,59.400001525878906,59.400001525878906,54.45000076293945,57.0,831.0,86.55674262879307,86.79980277436765,85.50972747663639,85.55646514892578,50757100.0
2024-07-25,531.6411814730034,537.6416477635469,527.8111616485469,528.75390625,61158300.0,18.40999984741211,19.36000061035156,16.420000076293945,18.459999084472656,0.0,-0.0014,0.0072,60.150001525878906,60.150001525878906,56.09999847412109,57.150001525878906,122.0,86.03323188496535,86.8091499654091,85.967793440365,86.2575912475586,44999100.0
2024-07-26,532.5544851999327,537.3764002236553,531.7786151263786,534.6757202148438,53763800.0,17.969999313354492,18.049999237060547,16.3700008392334,16.389999389648438,0.0,-0.0016,0.0072,56.400001525878906,61.5,55.5,57.59999847412109,1381.0,86.89329253036601,87.0802646319539,86.66893314071696,86.9306869506836,34423800.0
2024-07-29,536.227341129643,537.2388372702122,532.9864775250034,534.9899291992188,39515800.0,16.59000015258789,17.209999084472656,16.229999542236328,16.600000381469727,0.0,-0.0019,0.0072,61.5,61.5,54.75,56.54999923706055,635.0,87.56635783472565,87.5850586067421,87.14568318366781,87.39808654785156,25801300.0
2024-07-30,536.4630269208627,537.5236742807023,528.861850713122,532.2794189453125,46853600.0,16.639999389648438,18.31999969482422,16.260000228881836,17.690000534057617,0.0,-0.002,0.0072,60.0,69.1500015258789,57.29999923706055,64.19999694824219,10703.0,87.6411595517379,87.9216141152058,87.22048483879189,87.7346420288086,28169800.0
2024-07-31,539.1342609978949,543.5732159258974,537.7594053591405,540.9314575195312,65663400.0,16.65999984741211,16.770000457763672,15.710000038146973,16.360000610351562,0.0,-0.002,0.0072,64.6500015258789,66.0,57.29999923706055,60.29999923706055,2286.0,88.37033391568653,88.66013173775079,88.09922973635781,88.63208770751953,47445300.0
2024-08-01,542.6599675904316,544.9187063649712,529.7556118911635,533.2714233398438,76428700.0,16.200000762939453,19.479999542236328,15.949999809265137,18.59000015258789,0.0,-0.0017,0.0073,64.5,64.5,54.150001525878906,55.5,1671.0,89.23707944498716,89.95930913676128,89.21832348495565,89.39653015136719,77254200.0
2024-08-02,526.1415750127649,527.3593266038325,519.1197829332602,523.3427124023438,82789100.0,20.520000457763672,29.65999984741211,20.01000022888184,23.38999938964844,0.0,-0.0008,0.0073,55.04999923706055,60.0,54.0,58.79999923706055,1209.0,90.98166173928462,92.26666304311364,90.87848608647924,92.18224334716795,91912900.0
2024-08-05,502.46402760588046,514.1898925589088,501.1185726401647,508.10107421875,146267400.0,23.38999938964844,65.7300033569336,23.38999938964844,38.56999969482422,0.0,-0.0011,0.0073,47.84999847412109,54.0,42.0,53.09999847412109,2832.0,93.5047702204352,93.73925905565063,91.82582930156896,92.66999053955078,90686300.0
2024-08-06,509.9079571187549,520.2491343271334,508.58219283381527,512.7854614257812,84826300.0,33.709999084472656,34.77000045776367,24.020000457763672,27.709999084472656,0.0,-0.0009,0.0073,55.79999923706055,55.79999923706055,52.5,52.5,749.0,92.06031444334089,92.30418482586968,90.59709930419922,90.59709930419922,61316900.0
2024-08-07,518.9920917478671,522.0561910508441,508.7589866968387,509.3580322265625,70698300.0,24.770000457763672,29.76000022888184,21.96999931335449,27.850000381469727,0.0,-0.0004,0.0073,52.5,59.84999847412109,52.5,53.84999847412109,2067.0,89.99679383010125,90.46577140536188,89.57471687477866,89.95928192138672,51337100.0
2024-08-08,514.5138248770706,521.7614718670237,512.4810023749844,521.1329956054688,63276600.0,28.34000015258789,29.46999931335449,23.36000061035156,23.790000915527344,0.0,-0.0005,0.0073,54.75,58.34999847412109,54.59999847412109,54.59999847412109,371.0,89.21831084997423,89.48093718941492,88.95567735450251,89.40589904785156,37815800.0
2024-08-09,520.3080694804698,524.9237888690128,519.0804877250338,523.4310302734375,45619600.0,23.780000686645508,24.520000457763672,20.26000022888184,20.3700008392334,0.0,-0.0011,0.0073,54.75,57.29999923706055,54.75,54.75,839.0,90.52208652923088,90.5502240490234,90.1281397840383,90.28759765625,32141800.0
2024-08-12,524.6292597384992,526.1219586169184,521.4277164507776,523.7061157226562,42542100.0,20.790000915527344,21.190000534057617,18.88999938964844,20.709999084472656,0.0,-0.0011,0.0073,55.34999847412109,55.34999847412109,51.45000076293945,52.20000076293945,859.0,90.07185179022358,90.81283738099772,89.9311570554634,90.6158676147461,24261400.0
2024-08-13,526.9075349868316,532.5544105776438,526.6620186567962,532.3186645507812,52333100.0,20.059999465942383,20.790000915527344,17.950000762939453,18.1200008392334,0.0,-0.0008,0.0073,52.20000076293945,52.20000076293945,49.5,49.5,1083.0,91.2630563268384,91.31933135661926,90.96291090795512,91.24429321289062,30366900.0
2024-08-14,533.1141640625877,535.1863675555963,530.4331447737245,533.998046875,42446900.0,18.40999984741211,18.489999771118164,16.1200008392334,16.190000534057617,0.0,-0.0011,0.0073,51.0,52.95000076293945,48.0,52.95000076293945,1914.0,91.49755823339292,92.06971163802616,91.46003915616735,91.81645965576172,31334100.0
2024-08-15,539.644959128727,543.4357173403401,539.036083351339,543.1509399414062,60846800.0,16.270000457763672,16.68000030517578,14.770000457763672,15.229999542236328,0.0,-0.0016,0.0073,52.650001525878906,54.0,51.0,52.5,4578.0,90.42827044579302,91.07545471191406,90.2406750993566,91.07545471191406,38723700.0
2024-08-16,541.5305297582873,545.066001447727,541.3734256554437,544.3687133789062,44430700.0,15.289999961853027,15.760000228881836,14.649999618530272,14.800000190734863,0.0,-0.0017,0.0073,53.54999923706055,54.0,51.29999923706055,52.79999923706055,1901.0,91.39436340332033,91.48815749870836,90.991042352724,91.39436340332033,28541000.0
2024-08-19,544.7810639108773,549.5735473632812,543.9266718963368,549.5735473632812,39121800.0,15.9399995803833,16.06999969482422,14.460000038146973,14.649999618530272,0.0,-0.002,0.0073,50.25,54.0,49.95000076293945,53.25,1797.0,91.37561944340176,92.06971163802616,91.3662450411196,91.81645965576172,25322100.0
2024-08-20,549.1218730431605,550.7815659083177,547.3345068852593,548.679931640625,33732300.0,14.890000343322754,15.93000030517578,14.779999732971191,15.880000114440918,0.0,-0.0017,0.0073,53.25,53.25,48.150001525878906,51.150001525878906,1009.0,92.21975939285254,92.72625608382508,92.0321712062837,92.54804229736328,25239300.0
2024-08-21,549.7308200651719,552.0288197515467,544.7811716197107,550.5655517578125,41514600.0,16.25,17.170000076293945,15.920000076293944,16.270000457763672,0.0,-0.0013,0.0073,50.400001525878906,54.0,49.5,52.20000076293945,1629.0,92.54804216010864,93.04515729420632,92.11658360681574,92.60432434082033,29230000.0
2024-08-22,552.4707674692565,553.079643286425,545.0266941664444,546.2444458007812,56121500.0,16.270000457763672,18.059999465942383,15.760000228881836,17.549999237060547,0.0,-0.0013,0.0073,49.79999923706055,53.400001525878906,49.79999923706055,52.04999923706055,545.0,92.13534893466772,92.20100551705136,91.38498185939976,91.68512725830078,33453800.0
2024-08-23,549.4951156938582,552.9912663344013,547.2952387130678,552.0484619140625,50639400.0,17.1200008392334,17.209999084472656,15.609999656677246,15.859999656677246,0.0,-0.0009,0.0073,51.29999923706055,52.95000076293945,49.650001525878906,51.900001525878906,1152.0,92.0978503051634,92.54806492541856,91.88211739743488,92.28543853759766,32005100.0
2024-08-26,553.0795725146759,553.7964610598141,549.0236377073744,550.732421875,35788600.0,16.270000457763672,16.670000076293945,15.8100004196167,16.149999618530273,0.0,-0.0009,0.0073,50.70000076293945,52.34999847412109,49.95000076293945,51.0,549.0,92.5667967781079,92.57617117734078,91.99464355958447,92.05091857910156,23198700.0
2024-08-27,549.4557648759409,551.9796801643517,548.3067651332959,551.4886474609375,32693900.0,16.209999084472656,16.809999465942383,15.369999885559082,15.43000030517578,0.0,0.0,0.0073,51.0,51.900001525878906,48.75,48.75,915.0,91.44125781126216,91.99465514498226,91.36622682780028,91.8914794921875,21507700.0
2024-08-28,551.1449533002178,551.5770644805714,545.085566530633,548.287109375,41066000.0,15.510000228881836,17.889999389648438,15.460000038146973,17.110000610351562,0.0,0.0001,0.0073,47.84999847412109,48.45000076293945,45.0,46.79999923706055,1156.0,91.92899931488256,92.1072059525988,91.66637298053791,91.77892303466795,18501400.0
2024-08-29,550.2611126158587,553.570668523791,547.1872428351764,548.3362426757812,38715200.0,16.540000915527344,16.56999969482422,15.1899995803833,15.649999618530272,0.0,0.0,0.0073,46.04999923706055,51.75,45.150001525878906,48.45000076293945,1651.0,91.32871352138388,91.58195831311428,91.10359908869984,91.4787826538086,24988200.0
2024-08-30,550.7128944546577,554.0813719563913,547.1479918630939,553.5706787109375,62700100.0,15.670000076293944,16.040000915527344,14.779999732971191,15.0,0.0,0.0,0.0073,49.34999847412109,50.70000076293945,45.0,46.79999923706055,1519.0,91.6194803314088,91.91024420460322,90.48455519858209,90.50331115722656,42896200.0
2024-09-01,550.7128944546577,554.0813719563913,547.1479918630939,553.5706787109375,62700100.0,15.670000076293944,16.040000915527344,14.779999732971191,15.0,0.0,0.0,0.0074,49.34999847412109,50.70000076293945,45.0,46.79999923706055,1519.0,91.6194803314088,91.91024420460322,90.48455519858209,90.50331115722656,42896200.0
2024-09-02,550.7128944546577,554.0813719563913,547.1479918630939,553.5706787109375,62700100.0,15.670000076293944,16.040000915527344,14.779999732971191,15.0,0.0,0.0,0.0074,49.34999847412109,50.70000076293945,45.0,46.79999923706055,1519.0,91.6194803314088,91.91024420460322,90.48455519858209,90.50331115722656,42896200.0
2024-09-03,550.4181945160806,550.7521231432277,539.6547955357257,542.1787109375,60600100.0,15.760000228881836,21.989999771118164,15.710000038146973,20.71999931335449,0.0,-0.0004,0.0074,47.400001525878906,48.0,43.650001525878906,44.84999847412109,2081.0,91.80471909820292,92.2752230003943,91.67297857993488,91.98351287841795,48947900.0
2024-09-04,540.3323596896321,544.4864768786748,539.6056409316967,541.0689086914062,47224900.0,23.200000762939453,23.309999465942383,19.34000015258789,21.31999969482422,0.0,0.0001,0.0074,46.5,47.70000076293945,44.400001525878906,45.900001525878906,600.0,92.105838443093,93.18799882033204,92.03996818600818,93.16918182373048,40885200.0
2024-09-05,541.0100021233877,543.8677859554409,537.2879360362771,539.7529296875,44264300.0,20.75,21.530000686645508,19.209999084472656,19.899999618530277,0.0,-0.0002,0.0074,45.150001525878906,49.5,45.0,45.150001525878906,690.0,93.47970915631176,93.79965553385846,92.95274709837558,93.6961441040039,47450900.0
2024-09-06,540.0770882862281,541.7072905965744,529.7654008260863,530.6688842773438,68493800.0,21.979999542236328,23.76000022888184,18.82999992370605,22.3799991607666,0.0,0.0006,0.0074,44.400001525878906,48.59999847412109,44.09999847412109,46.650001525878906,527.0,93.6773245227484,94.83476003654104,93.3385611579019,93.68672943115234,57406400.0
2024-09-09,534.8819667353457,537.8870845889743,532.9472666463545,536.6103515625,40445800.0,21.31999969482422,21.40999984741211,19.290000915527344,19.450000762939453,0.0,0.0002,0.0074,45.59999847412109,47.400001525878906,45.0,45.150001525878906,511.0,93.53617087847093,94.19487342535312,93.3103310308712,94.09136199951172,26961400.0
2024-09-10,538.5254119078065,539.3012819984793,533.6347450012723,538.9476928710938,36394600.0,19.86000061035156,20.739999771118164,18.899999618530277,19.07999992370605,0.0,0.0006,0.0074,45.150001525878906,47.84999847412109,45.150001525878906,45.150001525878906,757.0,93.97845776366306,94.95710680167365,93.93140449883438,94.75008392333984,31703400.0
2024-09-11,538.8592992301786,545.3998284478084,530.2760571886295,544.4766845703125,75248600.0,19.40999984741211,21.40999984741211,17.549999237060547,17.690000534057617,0.0,0.0003,0.0074,45.150001525878906,45.150001525878906,43.04999923706055,43.650001525878906,502.0,94.56188115578652,95.26763707552476,94.43014062511436,94.6748046875,39497100.0
2024-09-12,545.0560839490253,549.3673650982907,542.826776487141,549.0629272460938,51819600.0,17.6200008392334,18.59000015258789,16.889999389648438,17.06999969482422,0.0,0.0004,0.0074,44.84999847412109,47.84999847412109,44.84999847412109,46.34999847412109,965.0,94.43953627684944,94.61833004277958,93.8090628213221,94.23251342773438,41618700.0
2024-09-13,549.6718645218532,552.9323289489466,549.4165179190511,551.9306030273438,39310500.0,17.030000686645508,17.18000030517578,16.229999542236328,16.559999465942383,0.0,0.0009,0.0074,45.0,51.0,45.0,48.150001525878906,2356.0,94.5336336022814,94.6747861945216,94.11958791286196,94.48658752441406,25722100.0
2024-09-16,551.6654196124157,553.0108444429941,549.8584528057411,552.7457275390625,36656100.0,17.15999984741211,17.690000534057617,16.90999984741211,17.139999389648438,0.0,0.0007,0.0074,48.150001525878906,52.20000076293945,45.150001525878906,50.84999847412109,865.0,94.6936080720819,95.38995898188465,94.48659239601778,95.3523178100586,30866300.0
2024-09-17,554.9651191583721,556.4186166721934,550.7324197918623,552.9715576171875,49321000.0,17.15999984741211,18.07999992370605,16.670000076293945,17.610000610351562,0.0,0.0006,0.0074,50.84999847412109,54.0,49.95000076293945,53.400001525878906,1256.0,95.4840749368326,95.64404456043982,94.797135995283,94.8912353515625,31699400.0
2024-09-18,553.6294811628125,558.490716373018,550.7716975212177,551.3314819335938,59044900.0,17.579999923706055,19.38999938964844,17.110000610351562,18.229999542236328,0.0,0.0009,0.0074,52.20000076293945,57.0,52.20000076293945,54.0,1435.0,94.3266069838812,94.78770591204004,93.66790448553824,93.71495056152344,48897000.0
2024-09-19,560.769175792154,562.6056333019461,557.8917313519955,560.7396850585938,75315500.0,17.209999084472656,17.270000457763672,16.209999084472656,16.329999923706055,0.0,0.0014,0.0074,57.0,57.0,52.79999923706055,54.0,609.0,93.084480222562,93.45147265224784,92.94332763130151,93.40442657470705,39979800.0
2024-09-20,559.3665303523799,560.8145656669737,556.7363296850394,559.7703857421875,77503100.0,16.350000381469727,16.68000030517578,15.8100004196167,16.149999618530273,0.0,0.0018,0.0074,54.0,59.70000076293945,48.45000076293945,59.09999847412109,3994.0,93.15037118586235,93.39503525315848,92.89630220855835,93.04685974121094,37067600.0
2024-09-23,560.844157105768,561.8193743965802,559.6226102686882,561.169189453125,44116900.0,16.709999084472656,16.950000762939453,15.75,15.890000343322754,0.0,0.0018,0.0074,60.29999923706055,60.29999923706055,54.75,56.09999847412109,897.0,92.68925831953516,93.24444941568058,92.23757146527058,92.84922790527344,35703900.0
2024-09-24,561.9671923274129,562.8340656448994,559.130163310981,562.7749633789062,46805700.0,15.869999885559082,16.670000076293945,15.270000457763672,15.390000343322754,0.0,0.0025,0.0074,54.75,58.5,52.5,53.09999847412109,1153.0,92.21875735919475,93.0562536629072,92.07760476410763,92.83041381835938,31005400.0
2024-09-25,562.6172518383486,563.3560600605995,560.4204878396197,561.5336303710938,38428600.0,15.81999969482422,15.81999969482422,15.170000076293944,15.40999984741211,0.0,0.0026,0.0074,54.150001525878906,57.0,51.150001525878906,54.59999847412109,426.0,92.46341041778147,92.51986857739588,92.02113568928635,92.05877685546876,36738200.0
2024-09-26,565.8089271560161,566.1340196278296,561.3957983542562,563.7599487304688,48336000.0,15.0600004196167,15.829999923706056,14.899999618530272,15.369999885559082,0.0,0.0019,0.0074,54.59999847412109,56.25,51.150001525878906,54.45000076293945,546.0,92.2846501268965,92.4540318464598,91.6729935185112,92.27523803710938,33332300.0
2024-09-27,564.8337142422162,565.651285439919,561.908002221962,562.9423217773438,42100900.0,15.640000343322754,16.969999313354492,15.199999809265137,16.959999084472656,0.0,0.002,0.0074,51.0,56.54999923706055,51.0,55.34999847412109,1078.0,92.72689787134824,92.9339207101363,92.41636361316615,92.755126953125,28317600.0
2024-09-30,561.9079952356186,565.8089245059994,559.6029471264981,565.1981811523438,63557400.0,17.010000228881836,17.790000915527344,16.469999313354492,16.729999542236328,0.0,0.0015,0.0074,55.34999847412109,55.34999847412109,52.5,53.84999847412109,386.0,92.82101129803462,92.88688155862202,92.10584334071424,92.3128662109375,34175500.0
2024-10-01,564.8435880512217,565.4937128909536,557.5539888818164,560.1348876953125,72668800.0,16.959999084472656,20.729999542236328,16.610000610351562,19.26000022888184,0.0,0.0013,0.0068,52.5,55.34999847412109,52.5,54.0,317.0,93.27201485440916,93.77235951522358,92.88495142848402,92.97935485839844,45254200.0
2024-10-02,559.2385345053339,561.3958572731079,556.8349422897517,560.371337890625,38097800.0,19.649999618530277,20.36000061035156,18.57999992370605,18.899999618530277,0.0,0.0016,0.0068,54.0,54.75,52.5,52.95000076293945,232.0,91.91259089226138,92.26189153793116,91.62937337387822,92.19580841064452,35810800.0
2024-10-03,558.8936443913503,561.2972362765911,557.0515539848665,559.3468017578125,40846500.0,19.6299991607666,20.75,19.15999984741211,20.489999771118164,0.0,0.0015,0.0068,52.95000076293945,57.0,52.95000076293945,53.25,495.0,91.89372132542783,92.05421512082638,91.3272933959961,91.3272933959961,39677800.0
2024-10-04,563.8092058002762,564.804143911743,559.6226255139783,564.4298095703125,42939100.0,20.479999542236328,20.479999542236328,18.479999542236328,19.209999084472656,0.0,0.0005,0.0068,54.29999923706055,56.84999847412109,54.0,54.150001525878906,399.0,90.1000191078389,90.59092131108495,90.0622562918168,90.20386505126952,56954100.0
2024-10-07,562.7748592374886,563.425044167477,558.1745633665616,559.3270874023438,49964700.0,20.76000022888184,23.030000686645508,20.649999618530277,22.63999938964844,0.0,0.0004,0.0068,52.95000076293945,54.75,52.5,53.84999847412109,464.0,89.66576343186364,89.93953126164035,89.45807153132584,89.52415466308594,42606600.0
2024-10-08,561.9079798048728,565.2178864241666,561.0313063853904,564.616943359375,37398700.0,22.920000076293945,23.13999938964844,21.13999938964844,21.420000076293945,0.0,0.0006,0.0068,52.650001525878906,53.84999847412109,52.5,52.79999923706055,186.0,89.10878110769296,89.71297186826091,89.06157577849902,89.67520904541016,33709600.0
2024-10-09,564.6070601630827,569.0892114172115,564.0061772469245,568.5277099609375,37912200.0,21.979999542236328,22.01000022888184,20.709999084472656,20.86000061035156,0.0,0.0007,0.0068,52.79999923706055,53.09999847412109,49.5,50.09999847412109,368.0,89.3730971594986,89.59967405475834,88.95772058989708,89.1654052734375,35807700.0
2024-10-10,567.1781623643931,568.9611504574567,565.9172341469683,567.5327758789062,44138100.0,20.90999984741211,21.38999938964844,20.63999938964844,20.93000030517578,0.0,0.0011,0.0068,51.0,52.5,48.900001525878906,49.5,457.0,88.62728701770344,88.82553637515467,88.18359019056201,88.81610107421875,53667400.0
2024-10-11,567.4539823983677,571.6701437051296,567.3160570940822,570.9313354492188,42268000.0,20.8700008392334,21.15999984741211,20.13999938964844,20.459999084472656,0.0,0.0013,0.0068,48.75,51.75,48.75,49.5,656.0,88.24968226389966,88.80666758146437,88.19303443993743,88.45736694335938,27406400.0
2024-10-14,567.4539823983677,571.6701437051296,567.3160570940822,570.9313354492188,42268000.0,20.8700008392334,21.15999984741211,20.13999938964844,20.459999084472656,0.0,0.0013,0.0068,48.75,51.75,48.75,49.5,656.0,88.24968226389966,88.80666758146437,88.19303443993743,88.45736694335938,27406400.0
2024-10-15,575.8666396343095,576.1720113378304,569.9068710302905,571.12841796875,54203600.0,19.61000061035156,20.88999938964844,19.440000534057617,20.63999938964844,0.0,0.0008,0.0068,49.650001525878906,51.75,49.5,51.75,283.0,89.1748593371565,89.68464661379011,89.0898983923117,89.59968566894531,46429100.0
2024-10-16,571.1283629185417,574.1328378005626,570.3205920106161,573.6107177734375,30725400.0,20.770000457763672,21.01000022888184,19.450000762939453,19.57999992370605,0.0,0.0009,0.0068,50.25,51.45000076293945,47.09999847412109,51.45000076293945,615.0,90.05282055959913,90.26995496742568,89.81680834360216,89.977294921875,32281500.0
2024-10-17,577.1668473429936,577.3737353042621,573.4728059770134,573.6599731445312,34393700.0,19.549999237060547,19.649999618530277,18.8799991607666,19.11000061035156,0.0,0.0013,0.0068,51.0,51.45000076293945,49.5,50.70000076293945,334.0,89.01436259796115,89.15597135907247,88.42904974654408,88.5517807006836,43427200.0
2024-10-18,575.3543785050263,576.6546883722069,573.8866222523045,575.8666381835938,37416800.0,19.299999237060547,19.31999969482422,17.989999771118164,18.030000686645508,0.0,0.0013,0.0068,49.20000076293945,50.70000076293945,46.650001525878906,50.70000076293945,202.0,88.7877803060471,89.00490746676425,88.60840875391746,88.61785125732422,25258600.0
2024-10-21,575.1375866701346,576.1226643625554,571.936084169767,574.9208984375,36439000.0,18.780000686645508,19.34000015258789,18.36000061035156,18.3700008392334,0.0,0.0017,0.0068,45.45000076293945,50.70000076293945,45.45000076293945,48.150001525878906,605.0,87.81542577896141,87.88150891406379,87.06963348388672,87.06963348388672,49504700.0
2024-10-22,572.379393899403,575.7779240387921,571.7194086656112,574.6155395507812,34183800.0,18.790000915527344,19.440000534057617,18.049999237060547,18.200000762939453,0.0,0.0017,0.0068,47.84999847412109,49.5,42.0,48.29999923706055,1719.0,87.46611697459431,87.56996291192654,86.93744478385203,87.15457916259766,32096900.0
2024-10-23,572.5862132138965,573.0295101570803,565.8482560008526,569.364990234375,49314600.0,18.209999084472656,20.46999931335449,18.18000030517578,19.239999771118164,0.0,0.0017,0.0068,48.150001525878906,49.5,45.150001525878906,46.5,443.0,86.70142947186055,87.20178133483023,86.5315076196505,86.91856384277344,33354200.0
2024-10-24,571.325322360671,571.4041454083431,567.9662339927139,570.5963745117188,34979900.0,18.8700008392334,20.239999771118164,18.6299991607666,19.07999992370605,0.0,0.0014,0.0068,45.29999923706055,48.29999923706055,43.650001525878906,44.400001525878906,449.0,87.06961419350934,87.79652851858671,86.81471701278615,87.47555541992188,32507400.0
2024-10-25,572.832526139626,575.7385172942365,569.4537169426869,570.3993530273438,47268200.0,19.21999931335449,20.51000022888184,18.229999542236328,20.32999992370605,0.0,0.0014,0.0068,40.5,43.20000076293945,38.400001525878906,39.45000076293945,7757.0,87.78712043963078,87.83432577383718,86.87139169519953,86.98468017578125,28667100.0
2024-10-28,573.8865445500035,574.0146094523058,571.8572870300009,572.1626586914062,30174700.0,19.11000061035156,19.8799991607666,18.90999984741211,19.799999237060547,0.0,0.0016,0.0068,44.25,44.25,39.0,39.900001525878906,8671.0,87.10737025094065,87.1262552583239,86.30493029763255,86.7486343383789,33156500.0
2024-10-29,571.1972307374274,574.2115658329249,569.7984373596124,573.088623046875,42899700.0,19.75,20.530000686645508,19.059999465942383,19.34000015258789,0.0,0.0017,0.0068,38.0,45.900001525878906,37.20000076293945,44.20000076293945,17990.0,86.06893101997659,86.90913391143134,85.88956663807886,86.88081359863281,46545200.0
2024-10-30,572.615787609554,574.6155241758808,570.645632233565,571.3549194335938,41435800.0,19.32999992370605,20.440000534057617,19.299999237060547,20.350000381469727,0.0,0.0014,0.0068,44.900001525878906,45.0,33.0,33.400001525878906,21260.0,87.6454993843463,88.07032572523356,87.00355302504617,87.1357192993164,41951100.0
2024-10-31,566.9712611742847,567.0402238212235,559.9575134707092,560.154541015625,60182500.0,21.440000534057617,23.420000076293945,21.1200008392334,23.15999984741211,0.0,0.0012,0.0068,33.099998474121094,35.0,30.1299991607666,33.29999923706055,16880.0,87.04128580258187,87.73988701470698,86.72975521070971,87.27729797363281,52173800.0
2024-11-01,562.7945884035815,566.9614477579651,562.1050220014198,562.5187377929688,45667500.0,22.959999084472656,23.09000015258789,21.15999984741211,21.8799991607666,0.0,0.0016,0.0064,36.70000076293945,39.0,32.20000076293945,37.29999923706055,19290.0,87.3919162474123,87.638192181079,86.00895380694831,86.04683685302734,80402000.0
2024-11-04,562.6566805623088,563.9569903576214,559.4157965332372,561.30712890625,38217000.0,22.5,23.06999969482422,21.729999542236328,21.979999542236328,0.0,0.0014,0.0064,34.79999923706055,39.5,34.79999923706055,39.20000076293945,10360.0,87.41086982034884,87.68556891668898,86.7951654476438,87.38245391845703,49747600.0
2024-11-05,562.2231544057043,568.1336197386994,562.0064662031886,568.09423828125,39478300.0,21.979999542236328,22.059999465942383,20.200000762939453,20.489999771118164,0.0,0.0007,0.0064,39.79999923706055,40.5,38.0,38.09999847412109,2730.0,87.17405202751502,87.9981492316941,86.76674061305835,87.84658813476562,46986000.0
2024-11-06,580.4077666623799,583.0970094221752,576.6546231997903,582.2202758789062,68182000.0,16.059999465942383,16.81999969482422,15.4399995803833,16.270000457763672,0.0,0.0015,0.0064,39.0,44.36000061035156,37.59999847412109,42.20000076293945,3980.0,84.91016338955833,85.93317914770509,84.82491568979499,85.44061279296875,98895700.0
2024-11-07,584.2299524251648,587.7466873497708,584.1511293671531,586.72216796875,47233200.0,15.859999656677246,15.859999656677246,15.130000114440918,15.199999809265137,0.0,0.001,0.0064,43.5,46.09999847412109,41.400001525878906,44.70000076293945,2610.0,85.96158821720108,86.78568538358695,85.86686614938019,86.510986328125,56221400.0
2024-11-08,587.2737347167168,590.6919854789882,587.2737347167168,589.2636108398438,46444900.0,15.130000114440918,15.329999923706056,14.65999984741211,14.9399995803833,0.0,0.0004,0.0064,44.0,44.54999923706055,43.20000076293945,43.5,1960.0,87.145643734406,87.71398344382929,86.99408262424964,87.60978698730469,56756200.0
2024-11-11,587.2737347167168,590.6919854789882,587.2737347167168,589.2636108398438,46444900.0,15.130000114440918,15.329999923706056,14.65999984741211,14.9399995803833,0.0,0.0004,0.0064,44.0,44.54999923706055,43.20000076293945,43.5,1960.0,87.145643734406,87.71398344382929,86.99408262424964,87.60978698730469,56756200.0
2024-11-12,589.7463270131273,590.3472099973874,585.5006444102133,587.992919921875,43006100.0,15.09000015258789,15.369999885559082,14.6899995803833,14.710000038146973,0.0,0.0009,0.0064,42.09999847412109,42.7599983215332,40.91999816894531,42.29999923706055,470.0,86.54888655660396,87.0035554251784,85.73426367134076,85.87635040283203,57908400.0
2024-11-13,588.4558712273305,590.2881013518266,586.0818603831444,588.278564453125,47388600.0,15.09000015258789,15.260000228881836,13.770000457763672,14.020000457763672,0.0,0.0017,0.0064,42.79999923706055,42.810001373291016,38.70000076293945,38.70000076293945,2540.0,86.6909680114994,86.70991676376791,84.98594887574136,85.06172943115234,49009100.0
2024-11-14,588.4066394793019,588.8893179492193,583.8063432948493,584.495849609375,38904100.0,14.170000076293944,14.31999969482422,13.59000015258789,14.3100004196167,0.0,0.0009,0.0064,38.20000076293945,38.400001525878906,35.20000076293945,35.20000076293945,1840.0,85.7816022676867,86.22680388944686,85.5069032409234,85.55426788330078,53328300.0
2024-11-15,580.9200070517927,581.3928852443048,575.1474660138925,577.00927734375,75988800.0,15.020000457763672,17.549999237060547,14.5600004196167,16.139999389648438,0.0,0.0012,0.0064,36.29999923706055,36.29999923706055,32.099998474121094,32.099998474121094,1590.0,85.17538896965841,85.86687385780479,84.78702628867958,85.32695007324219,73722400.0
2024-11-18,577.4722820828334,580.6935057455166,576.6054689287176,579.37353515625,37001700.0,16.600000381469727,17.0,15.350000381469728,15.579999923706056,0.0,0.0013,0.0064,31.5,31.899999618530277,30.5,31.100000381469727,940.0,84.92911703619015,85.810038891847,84.70177537005465,85.47850799560547,36010600.0
2024-11-19,575.9847825359503,582.2202808592402,575.3149369393851,581.4913330078125,49412000.0,15.4399995803833,17.93000030517578,15.369999885559082,16.350000381469727,0.0,0.0012,0.0064,32.849998474121094,33.0,30.1200008392334,30.81999969482422,1250.0,86.0279011731293,86.26470997477595,85.83845702254439,85.91423034667969,29585100.0
2024-11-20,581.5701499836966,581.9740053669792,575.9059534750936,581.6883544921875,50032600.0,16.190000534057617,18.790000915527344,16.040000915527344,17.15999984741211,0.0,0.001,0.0064,29.600000381469727,31.5,29.600000381469727,30.100000381469727,980.0,85.3932584397512,86.037378692842,85.35536816288334,85.63954162597656,27755400.0
2024-11-21,584.5451050737219,586.2394097822103,578.6838809961135,584.81103515625,46750300.0,17.100000381469727,17.989999771118164,15.729999542236328,16.8700008392334,0.0,0.0009,0.0064,29.799999237060547,32.599998474121094,28.0,31.799999237060547,2940.0,85.67743102050007,86.0563265904048,85.25117802112719,85.57323455810547,28365700.0
2024-11-22,584.8011664791351,587.2540603121174,584.2988273861976,586.6235961914062,38226400.0,16.670000076293945,17.559999465942383,15.239999771118164,15.239999771118164,0.0,0.0004,0.0064,31.209999084472656,34.93000030517578,30.5,34.400001525878906,820.0,85.73426867655093,85.91423846857067,85.39326339179635,85.62059783935547,21547500.0
2024-11-25,590.5737592167452,591.8937295695996,586.3182166457023,588.6134643554688,42441400.0,15.229999542236328,15.720000267028809,14.539999961853027,14.600000381469728,0.0,0.0006,0.0064,35.099998474121094,36.5,32.900001525878906,35.900001525878906,1460.0,87.33508693380453,87.88448511182575,87.13616839903783,87.83712768554688,56858000.0
2024-11-26,589.8644599979293,592.3567352073538,589.1453725834567,591.6868896484375,45621300.0,14.949999809265137,15.029999732971191,13.880000114440918,14.100000381469728,0.0,0.0009,0.0064,35.849998474121094,39.20000076293945,35.0,36.0,1460.0,87.29721334065657,87.56243808241135,86.96567518663089,87.49613189697266,31122200.0
2024-11-27,591.4997854868443,591.8839201005825,588.3672455728715,589.8941040039062,34000200.0,14.279999732971191,15.130000114440918,13.960000038146973,14.100000381469728,0.0,0.0006,0.0064,37.29999923706055,61.09999847412109,37.29999923706055,53.900001525878906,71460.0,88.13076422745732,88.4528207278656,87.78028460039737,88.10234832763672,39442200.0
2024-11-28,591.4997854868443,591.8839201005825,588.3672455728715,589.8941040039062,34000200.0,14.279999732971191,15.130000114440918,13.960000038146973,14.100000381469728,0.0,0.0006,0.0064,37.29999923706055,61.09999847412109,37.29999923706055,53.900001525878906,71460.0,88.13076422745732,88.4528207278656,87.78028460039737,88.10234832763672,39442200.0
2024-11-29,590.7117045866185,594.3466439350991,590.4359140778026,593.55859375,30177400.0,14.0,14.149999618530272,13.489999771118164,13.510000228881836,0.0,0.0005,0.0064,54.09999847412109,58.59999847412109,50.59000015258789,56.400001525878906,6650.0,88.83171885524243,89.03063738664095,88.50966234540613,89.0116958618164,31905700.0
2024-12-01,590.7117045866185,594.3466439350991,590.4359140778026,593.55859375,30177400.0,14.0,14.149999618530272,13.489999771118164,13.510000228881836,0.0,0.0005,0.006,54.09999847412109,58.59999847412109,50.59000015258789,56.400001525878906,6650.0,88.83171885524243,89.03063738664095,88.50966234540613,89.0116958618164,31905700.0
2024-12-02,593.9722515940274,595.3021425181648,593.4797127608734,594.6224365234375,31746000.0,14.079999923706056,14.100000381469728,13.300000190734863,13.34000015258789,0.0,0.0002,0.006,60.79999923706055,62.400001525878906,48.5,49.5,28390.0,88.65525124299705,89.49171588102388,88.3986132984561,89.22557067871094,39406000.0
2024-12-03,594.3860548690404,595.1445238224464,593.3517352966707,594.8982543945312,26906600.0,13.380000114440918,13.770000457763672,13.1899995803833,13.300000190734863,0.0,0.0006,0.006,50.0,54.5,47.95000076293945,53.5,8880.0,89.28260008380576,89.3776509061728,88.38910639934709,88.45564270019531,32768900.0
2024-12-04,596.5926087018526,598.8385545797807,595.9227630847732,598.59228515625,42787600.0,13.15999984741211,13.609999656677246,12.890000343322754,13.449999809265137,0.0,0.0006,0.006,55.0,61.130001068115234,52.79999923706055,60.5,9650.0,88.02791852433376,89.52974631329539,87.96138221732475,89.40617370605469,35851100.0
2024-12-05,598.592255379496,599.4000262634194,597.2525642119798,597.607177734375,28762200.0,13.460000038146973,13.699999809265137,13.260000228881836,13.539999961853027,0.0,0.0002,0.006,60.79999923706055,63.0,57.5099983215332,59.5,6640.0,89.08297803429566,89.7198264272723,89.02594899967441,89.58675384521484,23695800.0
2024-12-06,598.3756383425828,599.9813199050982,597.9619225172376,598.7401123046875,31241500.0,13.619999885559082,13.739999771118164,12.699999809265137,12.770000457763672,0.0,0.0005,0.006,58.70000076293945,60.79999923706055,57.52000045776367,59.79999923706055,5370.0,90.03351524861888,90.15708059434364,89.36814497832181,89.71984100341797,31761500.0
2024-12-09,598.6218315882949,598.7892779517493,595.0657157488416,595.65673828125,34742700.0,13.359999656677246,14.229999542236328,13.350000381469728,14.1899995803833,0.0,0.0007,0.006,61.0,62.400001525878906,59.29999923706055,60.5,1830.0,89.33963014811751,89.3871591858008,88.84536151501094,88.89288330078125,30509600.0
2024-12-10,596.3364664061719,596.7600425908593,593.1448243638806,593.8048095703125,37234500.0,14.300000190734863,14.539999961853027,13.859999656677246,14.18000030517578,0.0,0.0007,0.006,62.20000076293945,63.630001068115234,60.900001525878906,61.5,2740.0,88.4176188577475,88.68377130684297,88.31306803192234,88.47465515136719,28706500.0
2024-12-11,596.7403405101395,599.3507600891794,596.4644899210008,598.395263671875,28677700.0,14.420000076293944,14.43000030517578,13.520000457763672,13.579999923706056,0.0,0.0011,0.006,61.5,65.0,61.5,64.5,3960.0,88.4651639967761,88.67428019031655,87.55266290380197,87.6382064819336,38748400.0
2024-12-12,597.5284365007215,598.0997382660831,595.31201171875,595.31201171875,31543800.0,13.729999542236328,13.949999809265137,13.390000343322754,13.920000076293944,0.0,0.0014,0.006,65.5,66.04000091552734,63.45000076293945,65.69999694824219,3960.0,87.10589878454996,87.21045686066672,86.49756484273212,86.5736083984375,45368400.0
2024-12-13,597.3511703289549,598.0702578450652,593.8147147595496,595.19384765625,35904700.0,13.56999969482422,14.25,13.239999771118164,13.8100004196167,0.0,0.0015,0.006,67.9000015258789,69.68000030517578,62.09999847412109,64.5999984741211,2810.0,86.30745447907616,86.35497625765277,85.62307705074839,85.68961334228516,39486000.0
2024-12-16,596.9571007701239,598.7105679786196,596.1789110129041,597.7352905273438,43695200.0,14.369999885559082,14.6899995803833,13.989999771118164,14.6899995803833,0.0,0.0014,0.006,64.5999984741211,64.5999984741211,61.29999923706055,61.29999923706055,4020.0,86.06983877427695,86.13637507736603,85.5945773945226,85.9462661743164,23482300.0
2024-12-17,595.1740992873428,596.1394561956839,593.8935102993782,595.2725830078125,55773500.0,14.979999542236328,15.9399995803833,14.779999732971191,15.869999885559082,0.0,0.0015,0.006,60.79999923706055,60.79999923706055,57.5,60.20000076293945,2410.0,86.04129205208348,86.48803877982378,85.98426302366082,86.15535736083984,23839900.0
2024-12-18,594.9671989364094,597.3609304879477,577.1471773446116,577.5313720703125,108248700.0,15.56999969482422,28.31999969482422,14.81999969482422,27.6200008392334,0.0,0.0015,0.006,61.0,62.41999816894531,57.5,57.5,3710.0,85.85097806613257,86.23266664853472,85.05897553166635,85.07806396484375,61328400.0
2024-12-19,582.5355221203287,584.1510639445604,577.1077344863745,577.35400390625,85919500.0,21.61000061035156,24.1200008392334,20.15999984741211,24.09000015258789,0.0,0.0025,0.006,57.59999847412109,60.400001525878906,53.16999816894531,53.16999816894531,2580.0,84.03796225551405,84.34331166358261,83.50360261142008,83.78986358642578,99083300.0
2024-12-20,575.0175026728227,588.8352196171104,574.1674387147792,584.2886352539062,125716700.0,24.13999938964844,26.51000022888184,17.81999969482422,18.36000061035156,0.0,0.0022,0.006,53.0,56.70000076293945,51.400001525878906,56.5,10840.0,84.47691214155259,84.83951961406302,84.24790187688104,84.26698303222656,45542400.0
2024-12-23,584.0315939956688,588.3903808785561,580.839043366224,587.7874755859375,57635800.0,18.09000015258789,20.020000457763672,16.739999771118164,16.780000686645508,0.0,0.0029,0.006,54.29999923706055,58.0,54.29999923706055,55.95000076293945,2010.0,84.1238439380883,84.19063889224547,83.43680596384087,83.49405670166016,32764600.0
2024-12-24,589.1416302251183,594.3603751171399,588.5584517113257,594.32080078125,33160100.0,16.969999313354492,17.040000915527344,14.270000457763672,14.270000457763672,0.0,0.003,0.006,55.0,57.5,54.400001525878906,56.59999847412109,1750.0,83.05512721445454,83.86621097660586,82.99787646986417,83.84712982177734,22377600.0
2024-12-25,589.1416302251183,594.3603751171399,588.5584517113257,594.32080078125,33160100.0,16.969999313354492,17.040000915527344,14.270000457763672,14.270000457763672,0.0,0.003,0.006,55.0,57.5,54.400001525878906,56.59999847412109,1750.0,83.05512721445454,83.86621097660586,82.99787646986417,83.84712982177734,22377600.0
2024-12-26,592.5416816588521,595.4870738828115,591.1381803052061,594.3603515625,41219100.0,14.989999771118164,15.93000030517578,14.550000190734863,14.729999542236328,0.0,0.0028,0.006,56.59999847412109,62.79999923706055,56.29999923706055,57.20000076293945,5470.0,83.21732693485312,83.93299022869957,83.20778271917285,83.79940032958984,19981800.0
2024-12-27,590.6044241129971,590.8416891446476,583.9031498920888,588.1038208007812,64969300.0,15.380000114440918,18.450000762939453,15.289999961853027,15.949999809265137,0.0,0.0031,0.006,55.0,59.0,55.0,58.5,1680.0,83.47498845731691,83.76124947078358,83.0742113902954,83.11238098144531,27262300.0
2024-12-30,581.066451827259,584.8717412480703,577.6268027117767,581.392578125,56578800.0,17.209999084472656,19.21999931335449,16.440000534057617,17.399999618530273,0.0,0.0031,0.006,58.20000076293945,60.0,55.79999923706055,55.900001525878906,2490.0,83.80895984481919,84.00934473006457,83.6562814864771,83.78033447265625,48519600.0
2024-12-31,583.0629680945224,583.7845361057068,577.6366994322016,579.2774658203125,57052700.0,17.389999389648438,17.809999465942383,16.68000030517578,17.350000381469727,0.0,0.0033,0.006,55.900001525878906,59.400001525878906,51.84999847412109,54.0,6260.0,84.09521807072987,84.23835220692479,83.26505318498756,83.33184814453125,31917300.0
2025-01-01,583.0629680945224,583.7845361057068,577.6366994322016,579.2774658203125,57052700.0,17.389999389648438,17.809999465942383,16.68000030517578,17.350000381469727,0.0,0.0033,0.0062,55.900001525878906,59.400001525878906,51.84999847412109,54.0,6260.0,84.09521807072987,84.23835220692479,83.26505318498756,83.33184814453125,31917300.0
2025-01-02,582.5490544849214,584.268848917565,573.7622248829753,577.8541870117188,50204000.0,17.209999084472656,19.5,16.959999084472656,17.93000030517578,0.0,0.0032,0.0062,54.59999847412109,54.900001525878906,52.20000076293945,52.79999923706055,300.0,83.7803253469659,84.08567475028536,83.21733306203383,83.56085205078125,27841300.0
2025-01-03,580.7106042287589,585.7217039617416,579.623335665357,585.0792846679688,37888500.0,17.65999984741211,17.940000534057617,16.110000610351562,16.1299991607666,0.0,0.0032,0.0062,55.119998931884766,58.0,52.34000015258789,57.0,1570.0,83.70399992369641,83.85667101037892,83.18872135594569,83.29368591308594,21962200.0
2025-01-06,589.3491785436146,592.7393596690575,586.7101255067332,588.44970703125,47679400.0,16.770000457763672,16.8700008392334,15.710000038146973,16.040000915527344,0.0,0.0034,0.0062,57.0,58.09999847412109,55.0,55.41999816894531,680.0,83.06466580913789,83.23642531138718,82.70205837099809,82.9215316772461,30231500.0
2025-01-07,590.4858054370367,590.8119920606497,579.9693484070148,581.7978515625,60393100.0,16.479999542236328,18.899999618530277,15.789999961853027,17.81999969482422,0.0,0.0037,0.0062,55.79999923706055,57.70000076293945,54.68999862670898,57.70000076293945,2110.0,82.63525753582292,82.79747280971362,81.86234347072875,81.98638916015625,41757200.0
2025-01-08,581.8670792861259,583.7252632975457,578.4077031433151,582.6478881835938,47304700.0,17.90999984741211,19.5,17.3700008392334,17.700000762939453,0.0,0.0039,0.0062,58.20000076293945,59.900001525878906,58.20000076293945,58.5,1110.0,81.5569947434612,82.2535696453372,81.43294177291327,82.09135437011719,44590800.0
2025-01-09,581.8670792861259,583.7252632975457,578.4077031433151,582.6478881835938,47304700.0,17.90999984741211,19.5,17.3700008392334,17.700000762939453,0.0,0.0041,0.0062,58.20000076293945,59.900001525878906,58.20000076293945,58.5,1110.0,81.5569947434612,82.2535696453372,81.43294177291327,82.09135437011719,44590800.0
2025-01-10,579.0797727939155,579.148967552338,571.8348342474784,573.7523193359375,73105000.0,18.290000915527344,20.309999465942383,18.049999237060547,19.540000915527344,0.0,0.0037,0.0062,58.400001525878906,58.400001525878906,55.59999847412109,58.400001525878906,420.0,81.3756953334733,81.9195992050743,81.26119385320212,81.54745483398438,47115800.0
2025-01-13,569.0871420731995,574.9977137931114,568.6719735158341,574.6419067382812,47910100.0,21.18000030517578,22.040000915527344,19.149999618530277,19.190000534057617,0.0,0.0039,0.0062,57.0,57.900001525878906,56.59999847412109,57.900001525878906,180.0,81.61425731081715,81.73831029934695,81.14669256971817,81.51883697509766,33258900.0
2025-01-14,577.5773521941201,578.209938228887,571.637100270467,575.4325561523438,48420600.0,18.790000915527344,19.65999984741211,18.239999771118164,18.709999084472656,0.0,0.0041,0.0062,54.5,57.400001525878906,54.5,56.70000076293945,370.0,81.32798028393277,81.45202596792349,81.00354247026728,81.3852310180664,33412900.0
2025-01-15,583.4780831774012,587.0461675916275,582.3611942103539,585.899658203125,56900200.0,19.07999992370605,19.13999938964844,15.960000038146973,16.1200008392334,0.0,0.0039,0.0062,57.5,57.5,56.0,56.45000076293945,750.0,82.73069820696197,82.99788536392684,82.44443717322949,82.78795623779297,54120700.0
2025-01-16,587.2735525674167,587.4514560986999,584.0711683508569,584.77294921875,43319700.0,15.869999885559082,16.600000381469727,15.640000343322754,16.600000381469727,0.0,0.0038,0.0062,55.20000076293945,57.810001373291016,55.20000076293945,57.400001525878906,570.0,82.67343378021245,83.39864138322608,82.32991477247464,83.05512237548828,34651100.0
2025-01-17,590.0311830207747,592.4032903303786,588.6968161028142,590.6439819335938,58070600.0,16.190000534057617,16.229999542236328,15.529999732971191,15.970000267028809,0.0,0.0034,0.0062,57.900001525878906,58.0,54.0,56.29999923706055,940.0,83.4272676939935,83.47498149897983,83.0551233114346,83.19825744628906,29875600.0
2025-01-20,590.0311830207747,592.4032903303786,588.6968161028142,590.6439819335938,58070600.0,16.190000534057617,16.229999542236328,15.529999732971191,15.970000267028809,0.0,0.0034,0.0062,57.900001525878906,58.0,54.0,56.29999923706055,940.0,83.4272676939935,83.47498149897983,83.0551233114346,83.19825744628906,29875600.0
2025-01-21,593.6980955549004,596.0603696579795,591.7213092581105,596.0504760742188,42532900.0,16.290000915527344,16.290000915527344,14.93000030517578,15.0600004196167,0.0,0.0028,0.0062,58.0,58.7599983215332,56.09999847412109,56.09999847412109,2190.0,83.86619623428608,84.13337603554841,83.6180975844981,83.94253540039062,30548600.0
2025-01-22,598.887139322545,600.7651103716523,598.3336415912388,599.401123046875,48196000.0,14.890000343322754,15.289999961853027,14.59000015258789,15.100000381469728,0.0,0.0031,0.0062,55.5,57.5,46.09999847412109,46.09999847412109,1320.0,83.84712006198514,83.9520846015862,83.32229736397981,83.50360107421875,25278400.0
2025-01-23,598.7685038038958,602.6726684570312,598.4917851169366,602.6726684570312,41152100.0,15.279999732971191,15.390000343322754,14.59000015258789,15.020000457763672,0.0,0.0036,0.0062,46.09999847412109,49.20000076293945,42.0,49.20000076293945,3840.0,82.67343260991197,83.00740739601152,82.56846806569435,82.854736328125,31949000.0
2025-01-24,602.7319999441287,603.6907726306447,599.7569270310084,600.913330078125,34604700.0,15.020000457763672,15.15999984741211,14.579999923706056,14.850000381469728,0.0,0.0036,0.0062,49.09999847412109,49.900001525878906,47.77999877929688,48.95000076293945,440.0,82.74977400445249,83.28413367655101,82.63526524038657,83.22688293457031,21110400.0
2025-01-27,587.9061375768574,592.7295010606359,587.7381276298589,592.4132080078125,70361100.0,18.82999992370605,22.51000022888184,17.56999969482422,17.899999618530273,0.0,0.0036,0.0062,47.93000030517578,47.93000030517578,47.93000030517578,47.93000030517578,90.0,84.12384069345828,84.38147628381215,83.82802823922536,84.209716796875,42864200.0
2025-01-28,593.6487213775014,598.3435890966371,590.3178411060637,597.5034790039062,44433300.0,18.290000915527344,18.38999938964844,16.25,16.40999984741211,0.0,0.0036,0.0062,47.66999816894531,51.95000076293945,47.66999816894531,51.95000076293945,710.0,83.81849138237573,84.1620103864104,83.64673916046273,84.15247344970703,25519100.0
2025-01-29,596.7126333153398,597.1179082556828,592.2648645148614,594.8248291015625,37177400.0,16.420000076293945,18.07999992370605,16.170000076293945,16.559999465942383,0.0,0.0034,0.0062,53.0,53.0,52.0,52.0,760.0,84.38148263025286,84.56278634679586,83.618105457539,83.980712890625,25342800.0
2025-01-30,596.9499128814751,599.5592247930683,593.747468592595,598.017333984375,39281300.0,15.93000030517578,16.420000076293945,15.31999969482422,15.84000015258789,0.0,0.0034,0.0062,53.29999923706055,53.29999923706055,51.0,52.060001373291016,510.0,84.3623954936898,84.64865645307661,84.13337799005585,84.29559326171875,25094900.0
2025-01-31,600.4488437325783,602.880312619884,594.0736957955036,594.8347778320312,66566900.0,15.449999809265137,17.09000015258789,14.899999618530272,16.43000030517578,0.0,0.0036,0.0062,50.20000076293945,52.400001525878906,48.0,52.400001525878906,500.0,84.33376736491999,84.6009544668109,83.42726335812854,83.74215698242188,48790100.0
2025-02-01,600.4488437325783,602.880312619884,594.0736957955036,594.8347778320312,66566900.0,15.449999809265137,17.09000015258789,14.899999618530272,16.43000030517578,0.0,0.0036,0.006,50.20000076293945,52.400001525878906,48.0,52.400001525878906,500.0,84.33376736491999,84.6009544668109,83.42726335812854,83.74215698242188,48790100.0
2025-02-03,585.7909458950113,593.3224968021361,583.6362560871698,590.831787109375,65857200.0,20.36000061035156,20.420000076293945,17.65999984741211,18.6200008392334,0.0,0.0028,0.006,54.900001525878906,55.0,50.09999847412109,50.09999847412109,330.0,84.82618796848662,85.32414836672483,84.07924371809003,84.42398834228516,70657200.0
2025-02-04,590.8911228856247,595.3092115270962,590.3475186916722,594.7952880859375,33457800.0,18.780000686645508,19.11000061035156,16.780000686645508,17.209999084472656,0.0,0.0031,0.006,54.29999923706055,54.29999923706055,52.5,52.5,330.0,83.83985100059319,84.70170538725822,83.77281771927304,84.68255615234375,33414000.0
2025-02-05,593.668444292325,597.35513123978,591.6323569254649,597.2068481445312,30653100.0,17.540000915527344,17.75,15.770000457763672,15.770000457763672,0.0,0.0026,0.006,52.400001525878906,52.959999084472656,52.400001525878906,52.95000076293945,350.0,85.65930945005499,86.35837692444893,85.60185445158469,86.0806655883789,48331200.0
2025-02-06,598.9563451128535,599.4110276717307,595.6353586638426,599.2825317382812,35771500.0,15.880000114440918,16.149999618530273,14.989999771118164,15.5,0.0,0.0024,0.006,53.0,53.0,53.0,53.0,260.0,86.05195192720461,86.32966330793356,85.75509131259888,86.04237365722656,22509900.0
2025-02-07,599.8460202341735,601.0716182655565,593.0853835644062,593.7970581054688,50788500.0,15.380000114440918,16.65999984741211,14.789999961853027,16.540000915527344,0.0,0.002,0.006,53.400001525878906,53.400001525878906,53.400001525878906,53.400001525878906,90.0,85.4582262305425,85.65932607028552,85.17094387637228,85.48695373535156,31171200.0
2025-02-10,597.0191605249602,598.4720695404235,595.7440947156747,597.82958984375,26048700.0,16.579999923706055,16.610000610351562,15.699999809265137,15.8100004196167,0.0,0.0023,0.006,52.43999862670898,54.0,52.20000076293945,52.20000076293945,280.0,85.47737742425727,85.735932257445,85.08474873354805,85.2283935546875,22736100.0
2025-02-11,595.5562660424524,598.8278448766438,595.4376636934635,598.2842407226562,30056700.0,16.1299991607666,16.420000076293945,15.75,16.020000457763672,0.0,0.0025,0.006,52.5,52.54999923706055,51.310001373291016,51.310001373291016,100.0,84.77831693907545,84.92196177221287,84.63467210593805,84.68255615234375,21513000.0
2025-02-12,592.2452442399068,597.5331239679138,591.5632504880516,596.35693359375,45076100.0,15.90999984741211,17.18000030517578,15.640000343322754,15.890000343322754,0.0,0.0026,0.006,52.09999847412109,52.400001525878906,51.59999847412109,51.59999847412109,1760.0,83.59085649278315,83.88771708576904,83.1790785866678,83.53340148925781,48536200.0
2025-02-13,597.4638293989674,602.8604773307252,596.1987176270893,602.6528930664062,40921300.0,15.970000267028809,16.329999923706055,14.979999542236328,15.100000381469728,0.0,0.0021,0.006,51.02999877929688,53.900001525878906,51.0,51.400001525878906,270.0,84.35694272297177,85.12304346563134,84.33779349214045,84.92194366455078,42718100.0
2025-02-14,602.8604957096632,603.8982964094444,602.0005985304107,602.623291015625,26910400.0,15.079999923706056,15.420000076293944,14.739999771118164,14.770000457763672,0.0,0.0021,0.006,53.0,53.0,51.209999084472656,51.29999923706055,160.0,85.59228120998415,85.87957083136448,85.34330466460501,85.37203216552734,27460700.0
2025-02-17,602.8604957096632,603.8982964094444,602.0005985304107,602.623291015625,26910400.0,15.079999923706056,15.420000076293944,14.739999771118164,14.770000457763672,0.0,0.0021,0.006,53.0,53.0,51.209999084472656,51.29999923706055,160.0,85.59228120998415,85.87957083136448,85.34330466460501,85.37203216552734,27460700.0
2025-02-18,603.7896117473091,604.3925170898438,601.3186288745633,604.3925170898438,26749000.0,15.56999969482422,16.030000686645508,15.350000381469728,15.350000381469728,0.0,0.0026,0.006,51.0,51.09999847412109,51.0,51.09999847412109,100.0,84.7878952304839,85.07517759074986,84.3090839906276,84.36653900146484,29429200.0
2025-02-19,602.9988995994843,606.1123017730542,602.4849158656623,605.8157958984375,31011100.0,15.140000343322754,15.960000038146973,15.050000190734863,15.270000457763672,0.0,0.0025,0.006,51.0,54.400001525878906,50.29999923706055,51.25,970.0,84.22288655444412,84.70169775101533,84.16543154880087,84.47187042236328,20584300.0
2025-02-20,604.4419808070575,604.5803703391965,599.974484380483,603.2954711914062,36554000.0,15.609999656677246,16.6299991607666,15.119999885559082,15.65999984741211,0.0,0.0022,0.006,51.0,51.0,50.09999847412109,50.09999847412109,140.0,84.70169775869046,84.99856566872526,84.70169775869046,84.78788757324219,27913400.0
2025-02-21,603.0779110877393,603.216300601011,592.5119863702242,592.9765625,76519800.0,15.630000114440918,19.030000686645508,15.279999732971191,18.209999084472656,0.0,0.0023,0.006,50.09999847412109,51.5,50.0,50.0,180.0,85.10391479654004,86.11899231564783,85.05603074877537,85.81255340576172,46912300.0
2025-02-24,595.0324276294365,596.0307143030876,589.5665848823073,590.2782592773438,50737200.0,18.07999992370605,20.239999771118164,17.309999465942383,18.979999542236328,0.0,0.0027,0.006,51.0,51.0,47.5,47.5,460.0,85.5444140740437,86.24347436184026,85.47738079567856,86.06153106689453,26218000.0
2025-02-25,590.2190314712642,590.9504327968516,582.7171004383193,587.3427734375,58266500.0,19.09000015258789,21.479999542236328,18.850000381469727,19.43000030517578,0.0,0.0023,0.006,47.5,49.34999847412109,47.5,47.5,220.0,87.11490265614536,87.62244131116096,86.95210861700421,87.54582977294922,50125100.0
2025-02-26,589.0130409225576,592.620699550235,584.9902741209554,587.63916015625,43321600.0,18.959999084472656,20.059999465942383,17.829999923706055,19.100000381469727,0.0,0.002,0.006,47.5,49.20000076293945,47.5,47.59999847412109,60.0,87.54584077487388,88.15871854543165,87.33516267135478,88.06295776367188,32220200.0
2025-02-27,589.9223642338113,591.0788275306367,577.864017357305,578.2593383789062,74196700.0,18.25,21.46999931335449,17.670000076293945,21.1299991607666,0.0,0.0022,0.006,47.59999847412109,49.400001525878906,47.5,47.5,360.0,87.44049072265625,87.90015264578643,87.27769668353702,87.44049072265625,53373600.0
2025-02-28,578.7635029554216,587.8171578604871,575.6797210871997,587.283447265625,88744100.0,21.209999084472656,22.399999618530277,19.049999237060547,19.6299991607666,0.0,0.0025,0.006,47.5,49.7599983215332,46.0,48.400001525878906,580.0,87.95760830883354,88.5609150441155,87.59371445875377,88.51303100585938,49388600.0
2025-03-01,578.7635029554216,587.8171578604871,575.6797210871997,587.283447265625,88744100.0,21.209999084472656,22.399999618530277,19.049999237060547,19.6299991607666,0.0,0.0025,0.0064,47.5,49.7599983215332,46.0,48.400001525878906,580.0,87.95760830883354,88.5609150441155,87.59371445875377,88.51303100585938,49388600.0
2025-03-03,589.2601945949107,590.4067643806418,573.1691862018861,576.9942626953125,74249200.0,19.82999992370605,24.309999465942383,19.25,22.780000686645508,0.0,0.002,0.0064,45.0,46.59999847412109,42.0,42.0,780.0,87.811767391614,89.06059017977067,87.77334106026056,88.92610168457031,42904200.0
2025-03-04,572.9814465763258,578.5955127414016,565.608011549554,570.1644897460938,109648200.0,22.959999084472656,26.350000381469727,21.709999084472656,23.51000022888184,0.0,0.0026,0.0064,45.0,45.5,39.5,42.5099983215332,13850.0,88.8012231218562,89.13744436560224,87.67727306551454,87.83097839355469,56722000.0
2025-03-05,569.9964212260836,578.0913631561872,566.4283366011412,576.29248046875,71230500.0,23.030000686645508,24.84000015258789,21.3700008392334,21.93000030517578,0.0,0.0029,0.0064,42.29999923706055,42.29999923706055,31.600000381469727,32.900001525878906,3420.0,87.95586282217717,88.18642082563056,87.04326121133063,87.12971496582031,50215900.0
2025-03-06,568.8004912077067,573.4360576617548,563.5027182107181,566.0626831054688,80094900.0,22.600000381469727,25.920000076293945,22.38999938964844,24.8700008392334,0.0,0.0033,0.0064,31.899999618530277,32.5,27.5,30.600000381469727,1590.0,86.91838251524028,87.22578586236185,86.19790523332344,86.8415298461914,42827500.0
2025-03-07,564.2736590980126,570.6883208259039,559.0648080255879,569.2353515625,81158800.0,24.850000381469727,26.559999465942383,23.09000015258789,23.3700008392334,0.0,0.0033,0.0064,33.29999923706055,36.0,29.149999618530277,35.58000183105469,1630.0,87.55240449413449,87.57162132720273,86.44767112309107,86.56295013427734,36903600.0
2025-03-10,561.0021324297065,562.9294509409499,549.1414138289008,554.073486328125,99326600.0,24.700000762939453,29.559999465942383,24.68000030517578,27.86000061035156,0.0,0.0033,0.0064,31.0,33.20000076293945,27.0,30.0,5750.0,87.49476793249767,88.02311357233278,87.3314614981345,87.46595001220703,41440800.0
2025-03-11,552.907117228081,557.473488465779,545.612771416854,549.4674682617188,88102100.0,27.940000534057617,29.56999969482422,26.18000030517578,26.920000076293945,0.0,0.0034,0.0064,28.100000381469727,33.5,28.0,29.100000381469727,1840.0,87.38909228728525,87.88861997795507,86.59176233631955,86.8415298461914,40555700.0
2025-03-12,555.6449248680879,556.574016783005,547.2633707942651,552.3832397460938,69588200.0,26.8799991607666,26.90999984741211,23.88999938964844,24.229999542236328,0.0,0.0031,0.0064,29.299999237060547,29.71999931335449,27.200000762939453,27.700000762939453,700.0,86.45727292872468,86.8223121092905,86.24593175558043,86.32278442382812,32734600.0
2025-03-13,552.00772273254,552.6205217060727,543.2999808309211,545.019775390625,74079400.0,24.920000076293945,26.1299991607666,23.459999084472656,24.65999984741211,0.0,0.0033,0.0064,27.700000762939453,29.100000381469727,25.799999237060547,27.100000381469727,830.0,86.0538073101638,87.13932376382537,85.86167563977646,87.0816879272461,38675400.0
2025-03-14,549.655280917059,557.2857071377122,545.0889095501292,556.2775268554688,62660300.0,24.350000381469727,24.36000061035156,21.479999542236328,21.770000457763672,0.0,0.0029,0.0064,28.0,28.0,26.399999618530277,26.5,2040.0,86.46688456741605,86.85114059390312,86.32278764134912,86.6205825805664,24658000.0
2025-03-17,556.2577597204585,563.097483760462,555.8228643209595,560.5671997070312,49008700.0,22.88999938964844,22.950000762939453,20.31999969482422,20.51000022888184,0.0,0.0025,0.0064,26.5,27.0,25.299999237060547,25.5,850.0,87.22578654628035,87.5908257335138,86.8223136951472,87.05287170410156,26700300.0
2025-03-18,558.244456671408,558.4619345411708,552.571089463648,554.5083618164062,66041400.0,20.82999992370605,22.56999969482422,20.40999984741211,21.700000762939453,0.0,0.0025,0.0064,25.200000762939453,27.100000381469727,24.5,24.5,1310.0,86.59176554156748,87.43712294517472,86.57255603813117,87.13932800292969,23654700.0
2025-03-19,556.2972851708735,564.3230320254004,555.1112014285828,560.54736328125,66556000.0,21.84000015258789,22.100000381469727,19.420000076293945,19.899999618530277,0.0,0.0026,0.0064,23.899999618530277,24.700000762939453,21.5,23.200000762939453,2780.0,87.11050215051635,87.62924664494751,86.82230832169677,87.5908203125,31378700.0
2025-03-20,556.7914890984629,563.9474453254734,556.0699211298971,558.9263916015625,62958200.0,19.520000457763672,21.170000076293945,19.299999237060547,19.799999237060547,0.0,0.0029,0.0064,24.299999237060547,24.299999237060547,21.0,21.799999237060547,2060.0,88.57067042433164,88.6090967586387,87.57161504864332,87.6484603881836,35645800.0
2025-03-21,554.4514053360011,560.0129560782987,553.2121973894178,559.1107788085938,83763000.0,20.020000457763672,21.13999938964844,19.149999618530277,19.280000686645508,0.0,0.0031,0.0064,20.899999618530277,21.299999237060547,19.200000762939453,20.5,1190.0,87.73492056354324,87.84059114952426,87.0528696270763,87.12971496582031,29192100.0
2025-03-24,565.8719462913679,570.1844265679264,565.2771506364932,569.1236572265625,58766800.0,19.1299991607666,19.13999938964844,17.459999084472656,17.479999542236328,0.0,0.003,0.0064,20.399999618530277,20.799999237060547,19.5,20.600000381469727,2090.0,86.6494097443499,86.70705291837092,86.16909149226575,86.23633575439453,27985600.0
2025-03-25,570.3330467188074,571.4334488408351,568.7369614238087,570.49169921875,38355700.0,17.579999923706055,17.770000457763672,17.020000457763672,17.149999618530273,0.0,0.0035,0.0064,20.5,21.049999237060547,20.0,20.200000762939453,1660.0,86.04420707472742,86.53413371945089,85.98657123266861,86.22673034667969,22333800.0
2025-03-26,570.2240858480267,571.3542581528293,562.293154038674,563.6810913085938,51848300.0,17.229999542236328,19.06999969482422,16.969999313354492,18.32999992370605,0.0,0.0037,0.0064,21.299999237060547,21.299999237060547,19.75,20.299999237060547,1770.0,85.87128379921135,86.07301655571045,85.58308995902762,85.65994262695312,25095600.0
2025-03-27,562.2832555151155,565.971170433539,560.0626041917773,562.1841430664062,42164200.0,18.36000061035156,19.280000686645508,17.950000762939453,18.690000534057617,0.0,0.0041,0.0064,20.299999237060547,21.200000762939453,20.06999969482422,20.06999969482422,1660.0,85.35254359918304,85.52545844621996,85.1412024162408,85.41018676757812,23674500.0
2025-03-28,560.6475137101825,561.3811152230641,550.2777985606353,550.8626708984375,71662700.0,19.07999992370605,22.18000030517578,18.920000076293945,21.649999618530277,0.0,0.0038,0.0064,20.0,20.5,19.700000762939453,19.700000762939453,510.0,86.34199883595144,86.7838907098919,86.2747545796795,86.59176635742188,39869400.0
2025-03-31,545.0830251203251,555.869096797962,542.1485586831927,554.5604858398438,95328200.0,24.11000061035156,24.799999237060547,21.670000076293945,22.280000686645508,0.0,0.0034,0.0064,20.399999618530277,20.5,18.299999237060547,18.299999237060547,830.0,87.63886324756936,87.74452651032922,86.80310692917483,87.44673156738281,38824300.0
2025-04-01,552.6372621541935,558.0798545049701,548.8997911229003,556.1268310546875,54609600.0,22.059999465942383,23.520000457763672,21.57999992370605,21.770000457763672,0.0,0.003,0.0073,19.309999465942383,19.309999465942383,11.600000381469728,14.0,13090.0,87.97312660584,88.6094289151777,87.93456216084233,88.20450592041016,39800100.0
2025-04-02,550.2579079318416,562.5211054527999,550.019989677278,559.6461791992188,76014500.0,22.299999237060547,23.65999984741211,20.68000030517578,21.51000022888184,0.0,0.0029,0.0073,14.0,15.199999809265137,13.0,14.399999618530272,5470.0,89.05289818048536,89.05289818048536,87.40430697305572,88.14665222167969,43488400.0
2025-04-03,540.4037717910755,543.2390654249921,532.06640625,532.06640625,125986000.0,26.3799991607666,30.020000457763672,24.93000030517578,30.020000457763672,0.0,0.0035,0.0073,14.800000190734863,14.800000190734863,12.0,13.399999618530272,1760.0,89.19750489783135,89.39997004664683,88.54192412878483,88.55156707763672,57467400.0
2025-04-04,519.1488461365848,521.3298644038904,500.69953122991006,500.9176330566406,217965100.0,30.1200008392334,45.61000061035156,29.989999771118164,45.310001373291016,0.0,0.0033,0.0073,13.699999809265137,13.699999809265137,11.600000381469728,12.5,3710.0,90.28693729747964,90.7111314603846,89.48674165352635,89.51566314697266,92794200.0
2025-04-07,484.966562158496,518.6531751879934,477.64034947944,500.0254211425781,256611400.0,60.130001068115234,60.130001068115234,38.58000183105469,46.97999954223633,0.0,0.0042,0.0073,12.699999809265137,12.800000190734863,11.399999618530272,12.029999732971191,1620.0,88.58049275687611,88.8793653420967,86.5751932703478,86.81621551513672,124987600.0
2025-04-08,517.3544574544211,520.4475157965463,484.93679417196097,492.193603515625,165816600.0,44.040000915527344,57.52000045776367,36.47999954223633,52.33000183105469,0.0,0.0055,0.0073,12.0,12.0,8.699999809265137,11.050000190734863,3120.0,86.0738721230241,86.96083231377152,85.05194004913754,85.1772689819336,73861900.0
2025-04-09,489.17988772825765,543.8834838867188,488.7932402716448,543.8834838867188,241867300.0,50.97999954223633,57.959999084472656,31.899999618530277,33.619998931884766,0.0,0.0043,0.0073,11.100000381469728,11.100000381469728,10.199999809265137,10.600000381469728,600.0,84.13604813269717,85.71716094122073,82.80560789203298,85.67859649658203,131353500.0
2025-04-10,527.5754008869551,528.8939350431352,504.92270453590345,520.0509643554688,162331200.0,34.439998626708984,54.869998931884766,34.439998626708984,40.720001220703125,0.0,0.0056,0.0073,10.699999809265137,11.0,7.110000133514404,7.900000095367432,20660.0,84.5891713509219,85.01337288747455,83.24908815726593,83.31657409667969,78592000.0
2025-04-11,518.4945124649533,531.7986316335475,515.5798930426869,529.3301391601562,97866300.0,40.79999923706055,46.119998931884766,36.84999847412109,37.560001373291016,0.0,0.0052,0.0073,7.900000095367432,8.699999809265137,7.199999809265137,8.100000381469727,7050.0,82.78632393721794,84.16497148243786,81.94756387082589,83.76969146728516,94814100.0
2025-04-14,539.3528832417228,539.580938661594,529.2508571038156,534.4654541015625,68034000.0,34.7599983215332,35.16999816894531,29.75,30.88999938964844,0.0,0.0054,0.0073,8.300000190734863,9.630000114440918,8.100000381469727,8.600000381469727,3720.0,84.26138126069453,84.56024650118104,83.70220786750039,84.367431640625,37596400.0
2025-04-15,535.0107183382963,538.5399805011373,532.1754247962592,532.968505859375,56892900.0,30.01000022888184,31.450000762939453,28.290000915527344,30.1200008392334,0.0,0.0051,0.0073,8.430000305175781,8.899999618530273,8.199999809265137,8.869999885559082,1180.0,84.02035245972029,85.02300583839053,83.91430208805416,84.66629028320312,22553900.0
2025-04-16,527.0896882471153,533.2460954669957,515.7980102587055,521.1216430664062,83484800.0,33.2400016784668,34.959999084472656,29.479999542236328,32.63999938964844,0.0,0.0052,0.0073,8.899999618530273,8.899999618530273,8.199999809265137,8.789999961853027,1890.0,84.64702226869923,85.32188166740505,84.32887111413115,85.13870239257812,35607300.0
2025-04-17,523.0845951885916,526.5840872057769,519.3867572764926,521.8651733398438,79868100.0,30.790000915527344,32.54999923706055,29.56999969482422,29.649999618530277,0.0,0.0053,0.0073,8.600000381469727,9.869999885559082,8.100000381469727,9.350000381469728,1980.0,84.87839090866974,85.0326413137968,84.09748122331713,84.38670349121094,31758400.0
2025-04-18,523.0845951885916,526.5840872057769,519.3867572764926,521.8651733398438,79868100.0,30.790000915527344,32.54999923706055,29.56999969482422,29.649999618530277,0.0,0.0053,0.0073,8.600000381469727,9.869999885559082,8.100000381469727,9.350000381469728,1980.0,84.87839090866974,85.0326413137968,84.09748122331713,84.38670349121094,31758400.0
2025-04-21,516.6605370453387,517.1959136790683,504.070200683649,509.44342041015625,69368100.0,32.75,35.75,31.790000915527344,33.81999969482422,0.0,0.0067,0.0073,9.5,11.600000381469728,8.380000114440918,8.5,4190.0,83.49011120620268,83.94323424171037,82.89238069588684,82.91165924072266,39343200.0
2025-04-22,515.6493363944684,524.7302260402327,514.7075262081219,522.6979370117188,75948100.0,32.61000061035156,32.68000030517578,30.07999992370605,30.56999969482422,0.0,0.0065,0.0073,8.4399995803833,8.4399995803833,7.800000190734863,8.0,1880.0,83.70219923685092,83.89501407752556,83.29728365818536,83.3744125366211,32552100.0
2025-04-23,535.7641184612734,540.7209502963145,529.2706808590098,530.79736328125,90590700.0,28.75,30.290000915527344,27.11000061035156,28.450000762939453,0.0,0.0059,0.0073,8.100000381469727,9.890000343322754,7.949999809265137,8.300000190734863,12520.0,85.68821857513568,85.86175487092916,84.03962744280483,84.18424224853516,44082200.0
2025-04-24,532.086198348384,542.7037553366079,530.8272040401201,541.9701538085938,64150400.0,28.690000534057617,29.65999984741211,26.36000061035156,26.46999931335449,0.0,0.0055,0.0073,8.0,9.0,8.0,8.699999809265137,4460.0,84.86875495771072,85.17726314881803,84.60845415960146,85.07121276855469,24190800.0
2025-04-25,541.9304442378503,546.2924199116221,538.9959780328687,545.885986328125,61119600.0,26.21999931335449,27.200000762939453,24.84000015258789,24.84000015258789,0.0,0.0055,0.0073,8.25,8.979999542236328,8.25,8.59000015258789,300.0,85.70751129642834,85.90996909840533,85.41828166193828,85.69786834716797,22513900.0
2025-04-28,546.6295538469604,548.770878725811,540.3145544882295,546.0941772460938,47613800.0,25.75,26.93000030517578,24.700000762939453,25.149999618530277,0.0,0.0056,0.0073,9.0,9.0,8.300000190734863,8.40999984741211,2730.0,85.47612345155004,86.31487606792,85.42791606548569,86.23774719238281,20130500.0
2025-04-29,544.1709145104755,550.6544896169489,543.8140371215516,549.5342407226562,47775100.0,24.76000022888184,25.989999771118164,23.76000022888184,24.170000076293945,0.0,0.0054,0.0073,8.510000228881836,8.979999542236328,8.0,8.930000305175781,1760.0,86.11241984961866,86.97045837815833,86.09314130809156,86.9608154296875,22129500.0
2025-04-30,542.8425243498715,551.7152660165827,536.8447695388113,549.7523193359375,93101500.0,24.350000381469727,28.170000076293945,24.229999542236328,24.700000762939453,0.0,0.0057,0.0073,8.399999618530273,8.779999732971191,8.199999809265137,8.5,910.0,86.55591481605647,86.81622298184907,86.1220776802899,86.25704956054688,42630600.0
2025-05-01,555.5319356264844,559.2000030839217,553.0435965011045,553.6483154296875,63186100.0,23.940000534057617,25.18000030517578,23.299999237060547,24.600000381469727,0.0,0.0055,0.0075,8.109999656677246,9.0,7.599999904632568,8.600000381469727,2340.0,86.37123174240176,86.39058122314368,85.44230163470434,85.8196792602539,29932800.0
2025-05-02,559.8543184862792,563.4728299899488,557.52463168794,561.8668212890625,60717300.0,23.6299991607666,24.31999969482422,22.34000015258789,22.68000030517578,0.0,0.005,0.0075,9.0,9.0,8.850000381469727,8.850000381469727,520.0,84.87139783522,85.21974757117933,84.70690139948385,84.89075469970703,32090400.0
2025-05-05,557.7130106117388,561.7578025218996,556.850526672483,558.6448974609375,38659200.0,24.25,24.6299991607666,22.809999465942383,23.63999938964844,0.0,0.0053,0.0075,10.199999809265137,10.199999809265137,8.720000267028809,8.899999618530273,520.0,84.52303605104846,84.58109925375231,84.0198683833198,84.41659545898438,22862800.0
2025-05-06,553.1130409863903,558.486229861133,552.151444635027,553.9755249023438,48264700.0,23.96999931335449,25.11000061035156,23.899999618530277,24.76000022888184,0.0,0.0052,0.0075,8.6899995803833,9.100000381469728,8.420000076293945,9.100000381469728,1160.0,83.99084935296038,84.69721984863281,83.8360239726878,84.69721984863281,21095200.0
2025-05-07,555.3139314189718,558.9522292842823,551.239369394788,556.3052978515625,55588000.0,24.559999465942383,25.6200008392334,23.290000915527344,23.549999237060547,0.0,0.0048,0.0075,8.720000267028809,8.720000267028809,8.399999618530273,8.399999618530273,380.0,85.07459392628525,85.35520937943085,84.97783175890265,85.05524444580078,23161600.0
2025-05-08,560.3599572530266,565.3861923682981,556.850541835946,560.1815185546875,65130800.0,22.84000015258789,23.61000061035156,21.8799991607666,22.479999542236328,0.0,0.0047,0.0075,8.399999618530273,8.789999961853027,8.199999809265137,8.199999809265137,840.0,85.17135507537662,85.21006141836293,84.07792857031389,84.1069564819336,25483700.0
2025-05-09,561.5892516710271,562.6004648206437,557.9013974918248,559.4677734375,37603400.0,22.399999618530277,22.81999969482422,21.82999992370605,21.899999618530277,0.0,0.0049,0.0075,8.210000038146973,8.399999618530273,7.519999980926514,7.949999809265137,2940.0,84.18436516691152,84.48433008269896,84.10695248461808,84.23274993896484,17007900.0
2025-05-12,576.4498296839446,577.9666494201874,572.0580835025086,577.9567260742188,78993600.0,19.84000015258789,20.440000534057617,18.13999938964844,18.38999938964844,0.0,0.0047,0.0075,8.399999618530273,10.0,7.900000095367432,9.0600004196167,4800.0,83.58442785319808,83.97148388172408,83.40058196107,83.44895935058594,32115000.0
2025-05-13,578.3730584556538,583.9941496422729,577.8080328415324,581.7734985351562,67947200.0,18.690000534057617,18.850000381469727,17.649999618530273,18.21999931335449,0.0,0.0047,0.0075,9.0,13.399999618530272,8.5,13.0,36670.0,83.34252119826667,83.4973465672019,82.73291291866403,83.11029052734375,53912200.0
2025-05-14,582.7351003798474,583.8949821637985,580.4846792150129,582.5170288085938,66283500.0,18.100000381469727,18.81999969482422,18.059999465942383,18.6200008392334,0.0,0.0048,0.0075,12.300000190734863,12.5,10.220000267028809,10.329999923706056,7060.0,82.97481499478273,83.09093401165165,82.44261206223264,82.55873107910156,42119800.0
2025-05-15,580.5045239452851,585.8677897044162,580.0484736048338,585.3622436523438,71268100.0,19.190000534057617,19.3799991607666,17.770000457763672,17.829999923706055,0.0,0.0049,0.0075,10.5,11.0,10.0,10.399999618530272,2650.0,82.85869202000045,83.52636341576529,82.7135524839463,83.28445434570312,59448000.0
2025-05-16,586.1454032115668,589.3673441171694,584.1924403834937,589.0699462890625,76052100.0,17.959999084472656,17.959999084472656,17.149999618530273,17.239999771118164,0.0,0.0045,0.0075,10.199999809265137,11.5,9.140000343322754,10.199999809265137,289210.0,84.0585791409116,84.07792862117643,83.41025712359895,83.50702667236328,31778200.0
2025-05-19,583.0225710566098,590.3983396880136,583.0225710566098,589.7142944335938,68168500.0,19.84000015258789,19.920000076293945,17.920000076293945,18.13999938964844,0.0,0.0049,0.0075,12.300000190734863,13.0,8.979999542236328,8.979999542236328,1028740.0,82.16199388631036,83.33283281097344,82.08458121794955,83.26509857177734,49361900.0
2025-05-20,587.9695461543464,588.9212192076606,584.5096264657933,587.7315673828125,60614500.0,18.459999084472656,18.68000030517578,17.700000762939453,18.09000015258789,0.0,0.0051,0.0075,9.010000228881836,9.020000457763672,7.170000076293945,7.409999847412109,61530.0,82.6651840209961,82.82968044928704,82.30715586899777,82.6651840209961,35493100.0
2025-05-21,583.3596614167781,587.4639329373288,576.7968205254032,577.8278198242188,95197700.0,18.770000457763672,21.049999237060547,17.770000457763672,20.8700008392334,0.0,0.0058,0.0075,7.599999904632568,8.180000305175781,5.5,6.0,39250.0,81.93943938171256,82.30713850546606,81.04921578790167,81.2524185180664,77053100.0
2025-05-22,577.6295673689441,581.5554004178355,576.3903592673228,578.055908203125,70860400.0,20.6200008392334,22.06999969482422,19.63999938964844,20.280000686645508,0.0,0.0054,0.0075,6.190000057220459,6.449999809265137,5.5,6.199999809265137,178550.0,80.81698895004094,81.69754161839758,80.60411514313876,81.67819213867188,61747900.0
2025-05-23,571.0071868542327,576.7868697784111,570.6304627900578,574.1101684570312,76029000.0,20.13999938964844,25.530000686645508,19.82999992370605,22.290000915527344,0.0,0.0051,0.0075,5.889999866485596,6.099999904632568,5.5,5.599999904632568,74560.0,82.02652582308514,82.0749105910298,81.58141401141471,81.81365203857422,47139200.0
2025-05-26,571.0071868542327,576.7868697784111,570.6304627900578,574.1101684570312,76029000.0,20.13999938964844,25.530000686645508,19.82999992370605,22.290000915527344,0.0,0.0051,0.0075,5.889999866485596,6.099999904632568,5.5,5.599999904632568,74560.0,82.02652582308514,82.0749105910298,81.58141401141471,81.81365203857422,47139200.0
2025-05-27,581.0101669642168,586.2049176986301,573.4361124467979,586.0463256835938,72588500.0,20.6299991607666,21.01000022888184,18.950000762939453,18.959999084472656,0.0,0.0051,0.0075,5.900000095367432,6.0,5.199999809265137,5.800000190734863,29210.0,82.58776068770686,83.24575369854978,82.39423637142107,82.9554672241211,56773400.0
2025-05-28,586.452712017421,587.6522871583933,581.9221602554891,582.65576171875,68445500.0,19.209999084472656,19.43000030517578,18.68000030517578,19.309999465942383,0.0,0.0051,0.0075,5.889999866485596,5.889999866485596,5.199999809265137,5.360000133514404,14500.0,82.64582739931966,82.77161747200095,82.22006502642945,82.59744262695312,34806800.0
2025-05-29,587.9397721452495,588.0785779673218,581.0101304856973,584.9557495117188,69973300.0,18.25,20.200000762939453,18.11000061035156,19.18000030517578,0.0,0.0051,0.0075,5.480000019073486,5.550000190734863,5.110000133514404,5.300000190734863,12990.0,82.99417088415639,83.4683180361386,82.86838080969083,83.36187744140625,38933200.0
2025-05-30,583.8454023131852,586.026420478472,578.2045251191539,584.3014526367188,90601200.0,19.61000061035156,20.549999237060547,18.56999969482422,18.56999969482422,0.0,0.0052,0.0075,5.300000190734863,5.650000095367432,5.230000019073486,5.46999979019165,8960.0,83.30380999977024,83.6715165383157,83.10060725174856,83.48766326904297,49042100.0
2025-06-01,583.8454023131852,586.026420478472,578.2045251191539,584.3014526367188,90601200.0,19.61000061035156,20.549999237060547,18.56999969482422,18.56999969482422,0.0,0.0052,0.0069,5.300000190734863,5.650000095367432,5.230000019073486,5.46999979019165,8960.0,83.30380999977024,83.6715165383157,83.10060725174856,83.48766326904297,49042100.0
2025-06-02,582.6856189346104,587.6721612666921,580.0089171212081,587.5928955078125,61630500.0,19.809999465942383,20.450000762939453,18.36000061035156,18.36000061035156,0.0,0.0052,0.0069,5.809999942779541,6.849999904632568,5.340000152587891,6.360000133514404,49490.0,82.83692880288753,83.01175202136905,82.35130957487901,82.7106704711914,46213100.0
2025-06-03,587.2259796444896,591.9250465362925,586.740159298439,590.943603515625,63606200.0,18.82999992370605,19.209999084472656,17.639999389648438,17.690000534057617,0.0,0.005,0.0069,6.110000133514404,6.800000190734863,6.03000020980835,6.690000057220459,15890.0,82.98262770312856,83.27399483486157,82.44844351334108,82.56499481201172,33731300.0
2025-06-04,591.8061707239787,592.7876138828078,590.3488304970734,590.7850341796875,57314200.0,17.68000030517578,18.06999969482422,17.40999984741211,17.610000610351562,0.0,0.005,0.0069,6.679999828338623,6.679999828338623,6.199999809265137,6.210000038146973,7360.0,83.32256226391722,84.15782807156748,83.1865894496451,83.90530395507812,57441500.0
2025-06-05,592.4702844558809,593.8284515327539,585.9470768439928,587.9298095703125,92278700.0,17.68000030517578,18.799999237060547,17.079999923706055,18.479999542236328,0.0,0.0048,0.0069,6.760000228881836,6.78000020980835,6.119999885559082,6.199999809265137,8340.0,84.1869654175766,84.42977507701701,83.74019653340177,83.96357727050781,37664700.0
2025-06-06,593.4913881340742,595.6426968087642,591.7069406984755,593.96728515625,66588700.0,18.15999984741211,18.350000381469727,16.649999618530273,16.770000457763672,0.0,0.0047,0.0069,6.150000095367432,6.699999809265137,6.150000095367432,6.53000020980835,165890.0,83.32254993833682,83.45852273249503,82.82721623963965,82.89520263671875,38130100.0
2025-06-09,594.5422573867003,596.0590770966814,593.322896017802,594.5026245117188,53016400.0,17.690000534057617,17.719999313354492,16.81999969482422,17.15999984741211,0.0,0.0048,0.0069,7.210000038146973,7.900000095367432,6.699999809265137,7.489999771118164,42870.0,82.59412335526139,83.17686497627516,82.59412335526139,82.98262023925781,26560800.0
2025-06-10,595.0379370041686,598.2598779419187,593.9177485918233,597.873291015625,66247000.0,17.5,17.989999771118164,16.68000030517578,16.950000762939453,0.0,0.0046,0.0069,7.159999847412109,8.25,6.909999847412109,7.510000228881836,41120.0,83.62363153665662,83.7013323933458,83.06031144060248,83.40995788574219,24857000.0
2025-06-11,598.9736747077318,599.8361586452579,594.0961689044454,596.1680908203125,73658200.0,17.040000915527344,18.09000015258789,16.229999542236328,17.260000228881836,0.0,0.0047,0.0069,7.699999809265137,8.0,6.789999961853027,7.860000133514404,19750.0,83.34198033433674,83.91501495078785,83.24485795814772,83.66249084472656,36334800.0
2025-06-12,594.8297748594797,598.5374755859375,594.3440149953893,598.5374755859375,64129000.0,17.8700008392334,18.8700008392334,17.43000030517578,18.020000457763672,0.0,0.0046,0.0069,7.300000190734863,7.800000190734863,6.900000095367432,6.900000095367432,10110.0,84.39091907003576,84.69200065667357,84.10925899448718,84.6628646850586,43017800.0
2025-06-13,593.3328138188501,596.6538671866508,590.338867810054,591.8457641601562,89506000.0,21.76000022888184,22.0,18.8799991607666,20.81999969482422,0.0,0.0045,0.0069,6.760000228881836,6.900000095367432,6.179999828338623,6.599999904632568,10720.0,84.23552756406539,84.38120742700455,83.31284644232981,83.84703063964844,49374000.0
2025-06-16,595.2164614851225,599.2314836456252,595.0379622706928,597.4767456054688,79984100.0,19.780000686645508,20.21999931335449,18.670000076293945,19.11000061035156,0.0,0.0049,0.0069,6.599999904632568,6.900000095367432,6.119999885559082,6.519999980926514,19890.0,83.60422292441967,83.94415496242145,83.0020523071289,83.0020523071289,36496600.0
2025-06-17,595.0280706090336,596.5547531382241,591.6078443016146,592.3712158203125,82209400.0,20.530000686645508,21.790000915527344,19.549999237060547,21.600000381469727,0.0,0.0045,0.0069,6.21999979019165,6.599999904632568,6.199999809265137,6.5,13590.0,83.5265114844879,84.1675324549877,83.2837018580795,84.01213073730469,34521600.0
2025-06-18,593.2733488854554,596.0293161899417,591.3203254879343,592.281982421875,76605000.0,20.899999618530277,21.57999992370605,19.59000015258789,20.13999938964844,0.0,0.0044,0.0069,6.329999923706055,7.960000038146973,6.329999923706055,7.699999809265137,19410.0,84.38121002135098,84.58516924569916,83.86645472990615,84.15782928466797,38589000.0
2025-06-19,593.2733488854554,596.0293161899417,591.3203254879343,592.281982421875,76605000.0,20.899999618530277,21.57999992370605,19.59000015258789,20.13999938964844,0.0,0.0044,0.0069,6.329999923706055,7.960000038146973,6.329999923706055,7.699999809265137,19410.0,84.38121002135098,84.58516924569916,83.86645472990615,84.15782928466797,38589000.0
2025-06-20,594.9675856083323,596.0414436168163,589.4790454395113,590.8909912109375,94051400.0,20.739999771118164,21.06999969482422,19.11000061035156,20.6200008392334,0.0,0.0048,0.0069,7.599999904632568,8.0,6.690000057220459,6.690000057220459,23180.0,83.66248651401996,84.29379304151306,83.47794882183962,84.0024185180664,26001900.0
2025-06-23,591.6465733053511,597.1152078061239,588.5145735944315,596.7274780273438,87426000.0,21.149999618530277,22.51000022888184,19.81999969482422,19.82999992370605,0.0,0.005,0.0069,6.880000114440918,7.360000133514404,6.699999809265137,6.889999866485596,4290.0,84.42977765910392,84.92511145430055,84.27437591552734,84.27437591552734,36851800.0
2025-06-24,600.8836010096178,604.3834856367664,599.9688039561656,603.3196411132812,67735300.0,18.190000534057617,18.71999931335449,17.329999923706055,17.479999542236328,0.0,0.0055,0.0069,6.889999866485596,8.5,6.889999866485596,7.489999771118164,22000.0,83.98299363310446,85.07077600234243,83.94414320420859,84.88624572753906,32959100.0
2025-06-25,604.4431877891288,605.1392079707367,602.086708265907,603.65771484375,62114800.0,17.280000686645508,17.510000228881836,16.68000030517578,16.760000228881836,0.0,0.0055,0.0069,7.260000228881836,7.829999923706055,7.110000133514404,7.360000133514404,6230.0,84.60459846024573,84.99309539794922,84.30351685325785,84.99309539794922,26345300.0
2025-06-26,605.517034479532,608.8181084243395,604.9005750782753,608.380615234375,78548400.0,16.670000076293945,16.780000686645508,16.110000610351562,16.59000015258789,0.0,0.0056,0.0069,7.489999771118164,7.699999809265137,6.909999847412109,7.159999847412109,5510.0,85.0707789528112,85.42042541503906,84.69199652039133,85.42042541503906,30467500.0
2025-06-27,609.3848675360332,612.8748603878714,607.3465704310272,611.4032592773438,86258400.0,16.309999465942383,17.290000915527344,16.1200008392334,16.31999969482422,0.0,0.0056,0.0069,7.300000190734863,7.300000190734863,6.699999809265137,6.920000076293945,5230.0,85.05135673796619,85.62439131685464,84.73084624858596,84.87653350830078,74993500.0
2025-06-30,613.8591865146053,615.6886593072754,611.5325044540273,614.3264770507812,92502500.0,17.190000534057617,17.43000030517578,16.549999237060547,16.729999542236328,0.0,0.0052,0.0069,7.0,7.099999904632568,6.670000076293945,6.800000190734863,2770.0,85.33302478623385,85.89634495788906,85.09021513396479,85.71180725097656,53695200.0
2025-07-01,612.8450033281383,615.3009489521946,612.0098276707645,614.127685546875,70030100.0,16.979999542236328,17.479999542236328,16.510000228881836,16.829999923706055,0.0,0.0048,0.0065,7.099999904632568,7.099999904632568,6.71999979019165,6.71999979019165,1740.0,85.91456570595324,86.09004112326942,85.45638691847697,85.92431640625,38960600.0
2025-07-02,613.7200271324969,616.9514932068568,613.0936150077308,616.9117431640625,66510400.0,16.75,17.3700008392334,16.540000915527344,16.639999389648438,0.0,0.0052,0.0065,6.690000057220459,6.989999771118164,6.199999809265137,6.889999866485596,2200.0,84.99821477843581,85.38815360366168,84.91047333643554,85.37841033935547,39382200.0
2025-07-03,618.9003311484321,622.7085065821568,618.8804257837007,621.7738647460938,51065800.0,16.649999618530273,16.829999923706055,16.139999389648438,16.3799991607666,0.0,0.0047,0.0065,6.800000190734863,7.099999904632568,6.800000190734863,6.800000190734863,2120.0,84.97869893270105,85.09568502295113,84.66674346297258,84.78372955322266,26729100.0
2025-07-04,618.9003311484321,622.7085065821568,618.8804257837007,621.7738647460938,51065800.0,16.649999618530273,16.829999923706055,16.139999389648438,16.3799991607666,0.0,0.0047,0.0065,6.800000190734863,7.099999904632568,6.800000190734863,6.800000190734863,2120.0,84.97869893270105,85.09568502295113,84.66674346297258,84.78372955322266,26729100.0
2025-07-07,619.8050287830624,620.4712515380828,614.3463473867639,617.1403198242188,74814500.0,17.829999923706055,18.5,17.510000228881836,17.790000915527344,0.0,0.005,0.0065,7.199999809265137,7.199999809265137,6.579999923706055,6.75,4470.0,84.36454798511464,84.38404195016744,83.76013094199513,83.97460174560547,38314700.0
2025-07-08,617.8065573856337,618.5622329876766,615.9870371559156,616.8023681640625,59024600.0,17.40999984741211,17.440000534057617,16.540000915527344,16.809999465942383,0.0,0.0052,0.0065,7.050000190734863,7.199999809265137,6.800000190734863,7.050000190734863,4850.0,83.41891983320738,83.87710604673047,83.29219048296682,83.86735534667969,31407000.0
2025-07-09,619.2184771119485,621.1573080723725,617.3690382262929,620.5010986328125,66113300.0,16.760000228881836,16.760000228881836,15.760000228881836,15.9399995803833,0.0,0.0048,0.0065,7.050000190734863,7.539999961853027,7.0,7.449999809265137,6380.0,84.02334764001913,84.74474334716797,84.01359693871004,84.74474334716797,29821900.0
2025-07-10,620.6402811009391,623.2950374474425,619.4570650879599,622.2510375976562,57529000.0,16.229999542236328,16.239999771118164,15.699999809265137,15.779999732971191,0.0,0.0049,0.0065,7.599999904632568,7.960000038146973,7.400000095367432,7.699999809265137,3870.0,84.64724864176983,84.87146268213601,84.31579177489134,84.80322265625,24525500.0
2025-07-11,619.1886732139827,621.2965785748338,617.9856123550688,620.0636596679688,63670200.0,16.40999984741211,17.239999771118164,15.979999542236328,16.399999618530273,0.0,0.0053,0.0065,7.699999809265137,7.699999809265137,6.71999979019165,7.0,13480.0,84.06234156233315,84.1013294916874,83.48716919668034,83.6333999633789,40764800.0
2025-07-14,619.6062115300674,621.5948059142781,618.2539819137044,621.246826171875,51898500.0,17.729999542236328,17.850000381469727,16.90999984741211,17.200000762939453,0.0,0.0053,0.0065,7.0,7.03000020980835,5.5,5.5,363860.0,83.38968385690629,83.72113331710916,83.17521305907822,83.45792388916016,24609500.0
2025-07-15,623.9413645164026,624.2793915612978,618.5124802515571,618.592041015625,74317300.0,16.889999389648438,17.389999389648438,16.559999465942383,17.3799991607666,0.0,0.0055,0.0065,7.269999980926514,7.340000152587891,5.949999809265137,6.96999979019165,1894580.0,83.73088448653255,83.75038588877456,82.76577332851348,82.87300872802734,40455000.0
2025-07-16,620.1829130237127,621.1672575214722,614.5253596449445,620.66015625,88987500.0,17.65999984741211,19.479999542236328,16.690000534057617,17.15999984741211,0.0,0.0058,0.0065,6.46999979019165,6.800000190734863,5.889999866485596,5.900000095367432,88180.0,83.13621336293942,83.50666560811614,82.07361756780796,82.98998260498047,65987700.0
2025-07-17,620.8391784397268,624.8163671275224,620.6204015046147,624.4583740234375,68885700.0,17.15999984741211,17.3700008392334,16.479999542236328,16.520000457763672,0.0,0.0056,0.0065,5.670000076293945,6.400000095367432,5.550000190734863,6.199999809265137,36940.0,83.07772489639481,83.34093431336642,82.85350340685164,82.97048950195312,31875500.0
2025-07-18,625.7111996075373,625.8802131347736,622.8874296174818,624.0010375976562,65621600.0,16.43000030517578,16.809999465942383,16.280000686645508,16.40999984741211,0.0,0.0056,0.0065,6.010000228881836,6.989999771118164,5.940000057220459,6.800000190734863,32410.0,83.28244750462574,83.31169216988465,82.96074131156632,83.09722137451172,27534900.0
2025-07-21,625.1842651367188,627.9384270926762,624.7567246264017,625.1842651367188,63375000.0,16.8700008392334,16.989999771118164,16.299999237060547,16.649999618530273,0.0,0.0053,0.0065,6.699999809265137,6.900000095367432,6.5,6.849999904632568,22890.0,84.0525903048936,84.33530113527817,83.79912414013403,83.83811950683594,40019500.0
2025-07-22,625.5123643014988,626.1387764125508,622.6189860590433,625.2737426757812,60046300.0,16.75,17.479999542236328,16.43000030517578,16.5,0.0,0.0052,0.0065,6.849999904632568,7.800000190734863,6.599999904632568,7.409999847412109,21300.0,84.00385442345619,84.58877011970056,83.94536508511374,84.34505462646484,35190300.0
2025-07-23,627.9483363497261,630.5932006835938,626.138708302101,630.5932006835938,70511000.0,16.229999542236328,16.31999969482422,15.31999969482422,15.369999885559082,0.0,0.0052,0.0065,7.170000076293945,7.75,6.900000095367432,7.559999942779541,9270.0,83.88686404318405,84.03308736863966,83.63339788305174,83.87711334228516,31008500.0
2025-07-24,630.9809681636451,632.5221773472229,630.3744614468128,630.802001953125,71307100.0,15.390000343322754,15.539999961853027,14.949999809265137,15.390000343322754,0.0,0.0052,0.0065,7.599999904632568,7.599999904632568,6.75,7.5,7240.0,83.39942369089566,84.07207322472058,83.36042832931666,83.73087310791016,25164800.0
2025-07-25,631.4682494008442,633.9440397736063,631.2196750953526,633.4667358398438,56865400.0,15.329999923706056,15.390000343322754,14.920000076293944,14.93000030517578,0.0,0.0049,0.0065,7.099999904632568,7.869999885559082,6.840000152587891,7.699999809265137,7210.0,83.64314867952893,84.26705966087097,83.56515794745978,84.25730895996094,27196200.0
2025-07-28,633.8445768779104,634.4013808975731,631.9156378299562,633.3076782226562,54917100.0,15.149999618530272,15.539999961853027,15.0,15.029999732971191,0.0,0.0051,0.0065,7.309999942779541,7.599999904632568,6.929999828338623,7.380000114440918,3120.0,83.8283739333272,84.03309404283016,83.67239989458473,83.71139526367188,26812500.0
2025-07-29,634.7096125224674,635.0277949185313,630.722531607152,631.6372680664062,60556300.0,14.949999809265137,16.1200008392334,14.699999809265137,15.979999542236328,0.0,0.0048,0.0065,7.480000019073486,7.480000019073486,6.940000057220459,6.980000019073486,3070.0,84.062350621092,85.14444056101613,84.03309851451542,85.12494659423828,47828300.0
2025-07-30,632.2934318863223,634.0434045947875,627.9384054781906,630.841796875,80418900.0,15.869999885559082,17.270000457763672,15.4399995803833,15.479999542236328,0.0,0.0044,0.0065,7.130000114440918,7.130000114440918,6.349999904632568,6.409999847412109,6640.0,84.58875664744465,84.77398277283737,84.38403655824476,84.68624877929688,40670900.0
2025-07-31,635.8132594113927,636.200989166749,627.1728149946817,628.475341796875,103385200.0,14.989999771118164,17.170000076293945,14.739999771118164,16.719999313354492,0.0,0.0043,0.0065,6.800000190734863,7.099999904632568,6.139999866485596,6.519999980926514,7200.0,84.93971308362214,85.21268065811486,84.65700224538767,84.73499298095703,49814100.0
2025-08-01,622.7282752516747,622.7680859762785,615.7582427178595,618.1743774414062,140103600.0,17.399999618530273,21.899999618530277,17.389999389648438,20.3799991607666,0.0,0.0054,0.0065,6.340000152587891,6.519999980926514,6.25,6.309999942779541,1790.0,85.68518593276917,86.04726627790967,85.64604150631864,85.93962097167969,63434500.0
2025-08-04,622.1019219542782,627.6202593639928,622.0124691896333,627.570556640625,73218000.0,19.559999465942383,19.57999992370605,17.479999542236328,17.520000457763672,0.0,0.0053,0.0065,6.5,6.5,6.110000133514404,6.230000019073486,1990.0,86.07663453579569,86.26256872042578,85.77327452174615,86.17449188232422,36425200.0
2025-08-05,628.187016594973,629.0023475949919,623.464104816374,624.3887939453125,68051400.0,17.209999084472656,18.940000534057617,17.110000610351562,17.850000381469727,0.0,0.005,0.0065,6.320000171661377,6.630000114440918,6.170000076293945,6.28000020980835,1850.0,85.96898736803233,86.5561389006274,85.90048648033017,86.43871307373047,28586100.0
2025-08-06,625.462617040701,629.8275961427472,624.5478806448895,629.17138671875,64357500.0,17.219999313354492,17.8799991607666,16.559999465942383,16.770000457763672,0.0,0.0053,0.0065,6.420000076293945,6.78000020980835,6.28000020980835,6.619999885559082,1380.0,85.95918945188699,86.16469955726129,85.0588900416325,85.93962097167969,42589300.0
2025-08-07,632.6116453260242,633.3474155493337,625.5223013845391,628.6444091796875,74205800.0,16.40999984741211,17.639999389648438,15.979999542236328,16.56999969482422,0.0,0.0051,0.0065,6.599999904632568,7.010000228881836,6.320000171661377,6.320000171661377,7040.0,86.03750144065762,86.36043744618652,85.71456543512873,85.79285430908203,29213100.0
2025-08-08,630.4440623273716,634.0136158764692,630.125879949944,633.5462646484375,64051600.0,16.479999542236328,16.520000457763672,15.149999618530272,15.149999618530272,0.0,0.0051,0.0065,6.510000228881836,6.769999980926514,6.119999885559082,6.119999885559082,3800.0,85.48949088573426,85.51884734580025,85.28398819923461,85.42098999023438,21596300.0
2025-08-11,633.824713555593,635.3062066703783,631.0406328520911,632.29345703125,58742300.0,15.8100004196167,16.360000610351562,15.520000457763672,16.25,0.0,0.0051,0.0065,6.099999904632568,6.659999847412109,6.0,6.159999847412109,1690.0,85.6656267236644,85.7928405238693,85.41119165721783,85.51883697509766,20100900.0
2025-08-12,634.6499095494731,639.1839021511607,633.1584638161933,639.0248413085938,64730800.0,16.09000015258789,16.559999465942383,14.65999984741211,14.729999542236328,0.0,0.0057,0.0065,6.159999847412109,6.159999847412109,5.440000057220459,5.710000038146973,9390.0,85.03932427144763,85.10782515341005,84.69681986163548,85.08824920654297,41052300.0
2025-08-13,641.2321859855442,642.5049155421342,639.0149226306152,641.2123413085938,60092800.0,14.619999885559082,14.8100004196167,14.300000190734863,14.489999771118164,0.0,0.0057,0.0065,5.699999809265137,6.25,5.699999809265137,6.0,7050.0,85.56778312901373,85.92985610548132,85.55799515326008,85.79285430908203,30817500.0
2025-08-14,639.1242567818475,641.9381347685223,638.6768716045066,641.27197265625,59327500.0,14.65999984741211,15.390000343322754,14.56999969482422,14.829999923706056,0.0,0.0055,0.0065,6.0,6.0,5.610000133514404,5.980000019073486,4590.0,85.63626719924767,85.63626719924767,85.02953974439157,85.15675354003906,33397400.0
2025-08-15,642.3060144753327,642.4054806038605,638.8558324502803,639.7705688476562,68592500.0,14.43000030517578,15.18000030517578,14.399999618530272,15.09000015258789,0.0,0.0058,0.0065,6.0,6.079999923706055,5.71999979019165,5.75,5470.0,84.80447627907546,84.92190211151379,84.40325144214539,84.55004119873047,36343600.0
2025-08-18,639.1939154739885,640.3274289037191,638.5178006265407,639.6314086914062,43804900.0,15.729999542236328,15.949999809265137,14.949999809265137,14.989999771118164,0.0,0.0057,0.0065,5.900000095367432,6.170000076293945,5.730000019073486,6.159999847412109,3480.0,84.64790150031178,84.68704593450231,84.14881929692928,84.3053970336914,26777500.0
2025-08-19,639.4523760102862,640.4367204754008,634.8388226855677,636.1612548828125,69750700.0,15.229999542236328,15.90999984741211,14.760000228881836,15.56999969482422,0.0,0.0055,0.0065,6.159999847412109,6.329999923706055,5.71999979019165,5.920000076293945,7770.0,84.5989555946467,84.89253507122103,84.5989555946467,84.794677734375,28780600.0
2025-08-20,635.7536294439067,636.0120957287904,629.3404006137462,634.470947265625,88890300.0,15.949999809265137,17.190000534057617,15.56999969482422,15.6899995803833,0.0,0.0055,0.0065,6.059999942779541,6.199999809265137,5.710000038146973,6.0,2470.0,84.73595899923399,85.10782733889597,84.7066025442157,84.98060607910156,25912500.0
2025-08-21,632.6514763962614,634.3317804706619,630.195530658508,631.9255981445312,54805800.0,15.720000267028809,17.239999771118164,15.649999618530272,16.600000381469727,0.0,0.0054,0.0065,6.099999904632568,6.199999809265137,5.809999942779541,5.980000019073486,2220.0,84.70661200339667,84.82404530261998,84.26625019687444,84.55982971191406,28643900.0
2025-08-22,634.1230118894028,642.8131599802851,633.6159105915494,641.6299438476562,84083200.0,16.809999465942383,16.829999923706055,14.210000038146973,14.220000267028809,0.0,0.0058,0.0065,5.75,7.800000190734863,5.75,7.349999904632568,399000.0,84.97082844745364,85.43076616773796,84.86318313138554,85.18611907958984,49871900.0
2025-08-25,640.3671451910226,641.6100166878209,638.686780499868,638.8060913085938,51274300.0,15.050000190734863,15.1899995803833,14.239999771118164,14.789999961853027,0.0,0.0055,0.0065,7.400000095367432,7.400000095367432,6.46999979019165,6.599999904632568,73580.0,84.87297402615344,85.18612201111799,84.79468516340307,84.94147491455078,27011900.0
2025-08-26,638.5376929659955,641.8288143683822,637.9112808564007,641.4807739257812,51581600.0,15.75,15.75,14.619999885559082,14.619999885559082,0.0,0.0065,0.0065,6.550000190734863,7.300000190734863,6.550000190734863,6.860000133514404,18500.0,84.6576808628147,84.93168440823555,84.37388934333264,84.89253997802734,30259300.0
2025-08-27,640.8941330732226,643.6781530071313,640.7449642231398,642.9423828125,48341100.0,14.65999984741211,15.229999542236328,14.65999984741211,14.850000381469728,0.0,0.0065,0.0065,6.78000020980835,6.78000020980835,6.21999979019165,6.21999979019165,11060.0,84.26623915616294,84.80446570787048,84.15859384582143,84.794677734375,38142800.0
2025-08-28,643.548887361664,645.7761033013204,641.6597591604225,645.2192993164062,61519500.0,14.420000076293944,14.6899995803833,14.119999885559082,14.43000030517578,0.0,0.006,0.0065,6.699999809265137,6.699999809265137,6.03000020980835,6.179999828338623,1193990.0,84.92189675944083,85.3916224577019,84.80447093440308,85.35247802734375,32205900.0
2025-08-29,643.777581165663,644.1455269630451,639.472317969575,641.3713989257812,74522200.0,14.3100004196167,15.970000267028809,14.3100004196167,15.359999656677246,0.0,0.0064,0.0065,11.350000381469728,13.100000381469728,8.8100004196167,10.699999809265137,10527470.0,84.90232814844107,85.0001854911696,84.5891801720878,84.7457504272461,41686400.0
2025-09-01,643.777581165663,644.1455269630451,639.472317969575,641.3713989257812,74522200.0,14.3100004196167,15.970000267028809,14.3100004196167,15.359999656677246,0.0,0.0064,0.0062,11.350000381469728,13.100000381469728,8.8100004196167,10.699999809265137,10527470.0,84.90232814844107,85.0001854911696,84.5891801720878,84.7457504272461,41686400.0
2025-09-02,633.8644906037873,636.8374296419402,631.2991867317828,636.6187133789062,81983500.0,16.649999618530273,19.3799991607666,16.549999237060547,17.170000076293945,0.0,0.0062,0.0062,9.31999969482422,10.399999618530272,8.600000381469727,9.149999618530272,356970.0,84.11510467529297,84.32138863580575,83.96776434237086,84.11510467529297,48760600.0
2025-09-03,639.0049424066366,640.5361988813526,636.8075845104526,640.06884765625,70820900.0,17.399999618530273,17.56999969482422,16.34000015258789,16.350000381469727,0.0,0.0061,0.0062,9.31999969482422,13.100000381469728,9.199999809265137,10.5,1502500.0,84.40980555853339,85.27423470771589,84.37051230251298,85.03848266601562,52499500.0
2025-09-04,640.7450037735979,645.4480709373178,639.8402199968853,645.418212890625,65219200.0,16.219999313354492,16.350000381469727,15.279999732971191,15.300000190734863,0.0,0.0058,0.0062,9.699999809265137,11.550000190734863,9.699999809265137,10.800000190734863,141160.0,85.48052187906147,85.69663104804789,85.0483110355112,85.68681335449219,40501600.0
2025-09-05,647.7646994415851,648.4905776412766,639.6612139364762,643.5488891601562,85178900.0,15.229999542236328,16.920000076293945,14.739999771118164,15.18000030517578,0.0,0.0059,0.0062,10.5,11.800000190734863,10.5,10.800000190734863,82410.0,86.65928945652479,87.04238931514824,86.58070294849385,86.99327087402344,69668000.0
2025-09-08,644.9210585487652,646.1341327155172,643.5389708468488,645.1298828125,63133100.0,15.579999923706056,15.649999618530272,14.989999771118164,15.109999656677246,0.0,0.0056,0.0062,10.600000381469728,11.100000381469728,8.5,8.550000190734863,97930.0,87.59247381069788,88.17203989922373,87.54336286739928,88.15238952636719,54538700.0
2025-09-09,645.2689866211995,647.148222783044,643.5289666240282,646.6212768554688,66133900.0,15.020000457763672,15.81999969482422,14.970000267028809,15.039999961853027,0.0,0.0054,0.0062,7.5,8.0,7.110000133514404,7.300000190734863,48620.0,87.81841129645272,87.96575912050076,87.41566107701621,87.65142059326172,37126400.0
2025-09-10,649.8924717726807,650.817160801947,646.9195331255914,648.4905395507812,78034500.0,14.979999542236328,15.630000114440918,14.630000114440918,15.350000381469728,0.0,0.005,0.0062,6.699999809265137,7.849999904632568,6.699999809265137,7.010000228881836,39090.0,87.81840813201981,88.47655322870767,87.61212418355441,88.15238952636719,40713600.0
2025-09-11,650.4493620868353,654.5757199134183,649.8627606991871,653.8796997070312,69934400.0,15.1899995803833,15.239999771118164,14.649999618530272,14.710000038146973,0.0,0.0049,0.0062,7.0,7.900000095367432,6.989999771118164,7.730000019073486,48940.0,88.31939750633947,88.87931328406385,88.30957231882228,88.74178314208984,46694400.0
2025-09-12,653.8497465125743,655.351144838518,653.1537870945498,653.6608276367188,72780100.0,14.619999885559082,14.970000267028809,14.40999984741211,14.760000228881836,0.0,0.005,0.0062,7.800000190734863,7.940000057220459,7.5,7.610000133514404,15040.0,88.24080845597193,88.38815628680108,87.90681953979774,88.35868072509766,32968600.0
2025-09-15,655.8782140097094,657.2701936656516,655.5799369896564,657.1409301757812,63772400.0,15.140000343322754,15.84000015258789,14.920000076293944,15.6899995803833,0.0,0.0051,0.0062,7.78000020980835,7.800000190734863,7.110000133514404,7.159999847412109,14070.0,88.55515436517076,88.85966774497602,88.47656784960081,88.56497955322266,24820100.0
2025-09-16,657.6977327581834,658.0060231465056,655.450672087237,656.2361450195312,61169000.0,15.600000381469728,16.3799991607666,15.4399995803833,16.360000610351562,0.0,0.0053,0.0062,7.199999809265137,7.25,6.599999904632568,6.929999828338623,14680.0,88.49620738351682,88.89895763976,88.44709643396041,88.7516098022461,26794200.0
2025-09-17,656.2461210913638,657.9463305061431,650.5686620900484,655.4208374023438,101952200.0,16.420000076293945,16.75,15.260000228881836,15.720000267028809,0.0,0.0054,0.0062,6.96999979019165,7.199999809265137,6.710000038146973,6.710000038146973,11670.0,89.10523151486053,89.42939522176425,88.28009570938359,88.52567291259766,49121800.0
2025-09-18,658.1153302554297,661.098221592467,656.504573788396,658.4832153320312,90459200.0,14.93000030517578,15.800000190734863,14.329999923706056,15.699999809265137,0.0,0.0054,0.0062,6.599999904632568,6.599999904632568,5.880000114440918,6.170000076293945,22380.0,87.68089053152697,87.88717449183056,87.3272587440289,87.61212921142578,55717900.0
2025-09-19,660.3786700487054,662.5921003065068,658.4244226642126,661.74462890625,97945600.0,15.760000228881836,16.1299991607666,15.289999961853027,15.449999809265137,0.0,0.0057,0.0062,6.309999942779541,6.369999885559082,5.809999942779541,5.880000114440918,15470.0,87.49425546784248,87.65142849283802,87.2192101685226,87.44513702392578,32509200.0
2025-09-22,660.2490220888672,665.3239917254978,660.2190812650523,664.8753662109375,69452200.0,16.139999389648438,16.350000381469727,15.779999732971191,16.100000381469727,0.0,0.0054,0.0062,6.159999847412109,6.159999847412109,5.800000190734863,5.909999847412109,13610.0,87.24868574813293,87.33709745590966,86.97364042513506,87.13080596923828,24758200.0
2025-09-23,664.7557113987294,665.3739407705357,660.0296859026699,661.256103515625,81708900.0,16.100000381469727,17.06999969482422,15.949999809265137,16.639999389648438,0.0,0.0059,0.0062,6.199999809265137,6.300000190734863,5.909999847412109,5.940000057220459,17200.0,87.39602340344736,87.77912327213785,87.17991424789433,87.73983001708984,26689000.0
2025-09-24,662.5522091075384,662.6518901422049,657.7264420940938,659.1522216796875,68082200.0,16.56999969482422,17.209999084472656,16.18000030517578,16.18000030517578,0.0,0.0059,0.0062,5.940000057220459,6.070000171661377,5.199999809265137,5.570000171661377,19080.0,87.50408266715364,87.58266918145806,87.13080047141894,87.40585327148438,28098000.0
2025-09-25,656.0016057727498,657.4672457066506,652.4819765077987,656.1112670898438,89622100.0,16.549999237060547,17.739999771118164,16.31999969482422,16.739999771118164,0.0,0.0054,0.0062,5.559999942779541,5.590000152587891,5.360000133514404,5.369999885559082,9460.0,87.27814831213409,87.45496422210776,86.89504842292821,87.40585327148438,29882500.0
2025-09-26,657.5669862915963,660.4185456623683,655.9417836675868,659.8701782226562,69179200.0,16.889999389648438,17.049999237060547,15.289999961853027,15.289999961853027,0.0,0.0057,0.0062,5.800000190734863,5.840000152587891,5.300000190734863,5.539999961853027,41050.0,87.41566708226696,87.88717865272808,87.12097890834816,87.32726287841797,30955100.0
2025-09-29,662.4026597035332,663.3199930316334,659.9100251593522,661.7246704101562,73499000.0,15.84000015258789,16.290000915527344,15.739999771118164,16.1200008392334,0.0,0.0052,0.0062,5.300000190734863,5.699999809265137,5.099999904632568,5.650000095367432,9510.0,87.71036061980351,88.15239661715412,87.68089255256973,88.04434204101562,32286200.0
2025-09-30,660.976860345401,664.6859320813617,659.6607420426623,664.21728515625,86288000.0,16.489999771118164,16.700000762939453,16.020000457763672,16.280000686645508,0.0,0.0056,0.0062,5.699999809265137,5.800000190734863,5.349999904632568,5.739999771118164,7820.0,88.0738185360642,88.44709321568459,87.63177503960688,87.78894805908203,38584000.0
2025-10-01,661.2161783670498,667.3979243492374,661.1065170498754,666.4806518554688,72545400.0,17.280000686645508,17.280000686645508,15.979999542236328,16.290000915527344,0.0,0.0057,0.0061,5.550000190734863,6.25,5.550000190734863,6.039999961853027,20260.0,88.17337573265853,88.36066647863731,87.81851301422958,88.01566314697266,39408900.0
2025-10-02,668.4747085274895,668.5943501107935,664.8155382515555,667.248291015625,56896000.0,16.1200008392334,16.920000076293945,15.93000030517578,16.6299991607666,0.0,0.0055,0.0061,6.039999961853027,6.400000095367432,6.0,6.28000020980835,7940.0,88.03536962161579,88.40995109324184,87.91708706889867,88.2719497680664,23208300.0
2025-10-03,668.0160736487628,670.6981508367895,666.1914481336265,667.2384033203125,70494400.0,16.350000381469727,17.059999465942383,16.200000762939453,16.649999618530273,0.0,0.0055,0.0061,6.389999866485596,6.869999885559082,6.389999866485596,6.869999885559082,20830.0,88.35080977962623,88.43952922218674,87.99594705040187,88.10437774658203,25884500.0
2025-10-06,669.6412668959266,670.5286593813627,667.4876574687494,669.6312866210938,54623300.0,16.739999771118164,17.09000015258789,16.290000915527344,16.3700008392334,0.0,0.0058,0.0061,6.690000057220459,6.900000095367432,6.599999904632568,6.900000095367432,9300.0,87.44394815810028,87.8875303626306,87.38480687236665,87.4045181274414,28371000.0
2025-10-07,670.5585274945992,671.0072138668005,665.7028804529681,667.1486206054688,72020100.0,16.579999923706055,17.549999237060547,16.190000534057617,17.239999771118164,0.0,0.0057,0.0061,7.0,7.0,6.610000133514404,6.760000228881836,9800.0,87.7002321888036,88.10437680802626,87.54251207949123,87.90723419189453,29103300.0
2025-10-08,668.2753327277967,671.2266339865188,667.4477610054765,671.1268920898438,60702200.0,17.170000076293945,17.200000762939453,16.229999542236328,16.299999237060547,0.0,0.0055,0.0061,6.099999904632568,7.0,6.099999904632568,6.820000171661377,25220.0,88.32123777285904,88.34095654668252,87.85794435462037,87.97623443603516,22506200.0
2025-10-09,671.5456907353398,671.9544560264949,667.2384109165724,669.1826171875,66501900.0,16.309999465942383,17.270000457763672,16.260000228881836,16.43000030517578,0.0,0.0054,0.0061,6.800000190734863,6.800000190734863,6.400000095367432,6.489999771118164,12550.0,87.89737480493532,88.01566488691961,87.73966221613169,87.90723419189453,21578700.0
2025-10-10,670.1497521868876,671.9643973425017,650.9166069608107,651.0960693359375,159422600.0,16.360000610351562,22.440000534057617,16.229999542236328,21.65999984741211,0.0,0.0053,0.0061,6.489999771118164,6.840000152587891,5.619999885559082,6.570000171661377,105100.0,88.69581766267423,89.42525435023815,88.61695760982717,89.3266830444336,59389400.0
2025-10-13,670.1497521868876,671.9643973425017,650.9166069608107,651.0960693359375,159422600.0,16.360000610351562,22.440000534057617,16.229999542236328,21.65999984741211,0.0,0.0053,0.0061,6.489999771118164,6.840000152587891,5.619999885559082,6.570000171661377,105100.0,88.69581766267423,89.42525435023815,88.61695760982717,89.3266830444336,59389400.0
2025-10-14,655.2338407773344,663.8683609233883,651.2456255038628,660.2789306640625,88779600.0,21.459999084472656,22.940000534057617,19.18000030517578,20.809999465942383,0.0,0.0055,0.0061,6.96999979019165,7.230000019073486,6.599999904632568,7.085000038146973,49300.0,89.35626092433839,89.62240422362615,89.13939952169176,89.56326293945312,29800000.0
2025-10-15,664.855429242796,668.2553559603689,656.988660072404,663.2102661132812,81702600.0,20.020000457763672,22.440000534057617,19.11000061035156,20.63999938964844,0.0,0.0055,0.0061,7.090000152587891,7.489999771118164,6.880000114440918,7.190000057220459,27100.0,89.66182566843176,89.996977127844,89.17882101274343,89.3661117553711,31333900.0
2025-10-16,664.8554499895176,666.7398963555108,655.1740352792065,658.6936645507812,110563300.0,20.489999771118164,25.43000030517578,19.850000381469727,25.309999465942383,0.0,0.0058,0.0061,7.190000057220459,7.340000152587891,6.789999961853027,7.260000228881836,16300.0,89.22810311092744,90.19411994504564,89.1591024456696,90.0363998413086,39631200.0
2025-10-17,657.5570092911896,663.7985760836355,656.2010306703355,662.4326171875,96500900.0,28.40999984741211,28.989999771118164,20.729999542236328,20.780000686645508,0.0,0.0056,0.0061,7.130000114440918,7.480000019073486,7.010000228881836,7.460000038146973,25300.0,89.94768876603406,89.98711879233774,89.60268543651263,89.89839935302734,40240400.0
2025-10-20,665.3539499346838,670.2295576279439,665.3041094156895,669.3222045898438,60493400.0,20.530000686645508,21.020000457763672,18.229999542236328,18.229999542236328,0.0,0.0054,0.0061,7.460000038146973,7.494999885559082,6.74399995803833,7.210000038146973,15500.0,90.15469638767472,90.2532676993286,89.97726501849417,90.24341583251952,28429300.0
2025-10-21,669.4617772299453,671.0071983826805,668.0060568363804,669.3121948242188,56249000.0,18.649999618530277,18.88999938964844,17.399999618530273,17.8700008392334,0.0,0.0053,0.0061,7.300000190734863,7.349999904632568,7.050000190734863,7.139999866485596,10200.0,90.6771294434293,90.87427958362716,90.59827690785905,90.6869888305664,24514300.0
2025-10-22,670.0201576878661,670.0201576878661,661.3457774038759,665.83251953125,80564000.0,17.84000015258789,21.01000022888184,17.729999542236328,18.600000381469727,0.0,0.0052,0.0061,7.139999866485596,7.21999979019165,6.510000228881836,6.699999809265137,33500.0,90.67713122667368,90.86442198341766,90.5095592445917,90.74613189697266,30496200.0
2025-10-23,666.1515932793667,670.7280970890292,665.8325287543602,669.7808837890625,65604500.0,18.36000061035156,19.350000381469727,17.079999923706055,17.299999237060547,0.0,0.0053,0.0061,6.670000076293945,6.800000190734863,6.5,6.760000228881836,11200.0,90.3025610766709,90.47999245363476,89.98712835323617,90.12512969970705,28275100.0
2025-10-24,674.4670490970213,676.4710761570719,673.6594379369009,675.2546997070312,74356500.0,17.020000457763672,17.219999313354492,16.020000457763672,16.3700008392334,0.0,0.0054,0.0061,6.710000038146973,7.099999904632568,6.519999980926514,6.929999828338623,21500.0,90.28284097988316,90.29270036748945,89.85898507943244,90.16455841064452,28266000.0
2025-10-27,680.7185156175003,683.5202343374859,680.1103274099472,683.2211303710938,63339800.0,15.729999542236328,16.06999969482422,15.619999885559082,15.789999961853027,0.0,0.0053,0.0061,6.900000095367432,7.099999904632568,6.659999847412109,7.010000228881836,5200.0,90.01669686125763,90.47999030792693,89.78997607142679,90.47013092041016,30033600.0
2025-10-28,685.0257863269245,686.8802917495992,682.8123561492805,685.0357666015625,61738100.0,15.949999809265137,16.549999237060547,15.65999984741211,16.420000076293945,0.0,0.0052,0.0061,6.829999923706055,6.909999847412109,6.739999771118164,6.760000228881836,18200.0,90.53912358621858,90.8644156609262,90.4996935601472,90.70669555664062,23564500.0
2025-10-29,686.6908448301914,687.6679989086465,680.8581046045199,685.3648071289062,85657100.0,16.34000015258789,17.579999923706055,16.260000228881836,16.920000076293945,0.0,0.0049,0.0061,6.78000020980835,6.849999904632568,6.5,6.565000057220459,18900.0,90.56870420693056,90.5785635946621,89.7209773542416,89.78997802734375,39551600.0
2025-10-30,681.8851035842282,683.919071384824,677.8270874023438,677.8270874023438,76335800.0,16.260000228881836,17.40999984741211,15.729999542236328,16.90999984741211,0.0,0.005,0.0061,6.510000228881836,7.28000020980835,5.829999923706055,6.630000114440918,137600.0,89.09996038027322,89.67168447050898,89.06053035468712,89.26753234863281,42649200.0
2025-10-31,683.0217380676526,683.0616591685175,677.2388379885472,680.050537109375,87164100.0,16.43000030517578,18.540000915527344,15.960000038146973,17.440000534057617,0.0,0.0051,0.0061,5.829999923706055,5.989999771118164,5.619999885559082,5.699999809265137,16100.0,89.26753182030015,89.36611064393615,88.91266911263396,89.00138854980469,38247300.0
2025-11-01,683.0217380676526,683.0616591685175,677.2388379885472,680.050537109375,87164100.0,16.43000030517578,18.540000915527344,15.960000038146973,17.440000534057617,0.0,0.0051,0.006,5.829999923706055,5.989999771118164,5.619999885559082,5.699999809265137,16100.0,89.26753182030015,89.36611064393615,88.91266911263396,89.00138854980469,38247300.0
2025-11-03,683.6498738048132,683.7794956694769,677.9367749059246,681.3267822265625,57315000.0,18.059999465942383,18.82999992370605,17.0,17.170000076293945,0.0,0.0053,0.006,5.699999809265137,5.769999980926514,5.28000020980835,5.550000190734863,17500.0,88.66009110387994,88.85794590312369,88.46222875695938,88.77880096435547,40752300.0
2025-11-04,674.1180423048241,677.9567360174515,672.5925816080086,673.2506103515625,78427000.0,19.729999542236328,20.479999542236328,17.899999618530273,19.0,0.0,0.0052,0.006,5.349999904632568,5.480000019073486,5.179999828338623,5.199999809265137,8700.0,88.81837942331254,89.09537918000431,88.77880695125981,88.97666931152344,26383800.0
2025-11-05,672.9913638051393,678.8540450990596,672.1837526501265,675.583740234375,74402400.0,19.3700008392334,20.020000457763672,17.309999465942383,18.010000228881836,0.0,0.0054,0.006,5.190000057220459,5.565000057220459,5.190000057220459,5.295000076293945,2100.0,88.55126838959858,88.59084085884398,87.92801143357951,88.00715637207031,44643400.0
2025-11-06,674.4769688014325,675.384321857154,666.7498016918889,668.3351440429688,85035300.0,18.36000061035156,20.309999465942383,17.639999389648438,19.5,0.0,0.0054,0.006,5.679999828338623,5.679999828338623,5.300000190734863,5.300000190734863,2700.0,88.60073687781556,88.88763164681278,88.57105940993266,88.79859924316406,33027400.0
2025-11-07,665.9421818455136,669.1028862313885,659.2619700189845,668.9931640625,100592400.0,19.520000457763672,22.71999931335449,19.07999992370605,19.07999992370605,0.0,0.0056,0.006,5.480000019073486,5.480000019073486,4.670000076293945,4.769999980926514,5500.0,88.40286879961349,88.9074083209738,88.40286879961349,88.6106185913086,28530100.0
2025-11-10,675.2447347362015,680.1701831536659,673.0412846911101,679.432373046875,75842900.0,18.57999992370605,18.81999969482422,17.600000381469727,17.600000381469727,0.0,0.0055,0.006,13.529999732971191,21.229999542236328,10.760000228881836,11.90999984741211,46787200.0,88.5314807214079,88.70955306388105,88.43255331951771,88.5908432006836,24093500.0
2025-11-11,675.2447347362015,680.1701831536659,673.0412846911101,679.432373046875,75842900.0,18.57999992370605,18.81999969482422,17.600000381469727,17.600000381469727,0.0,0.0055,0.006,13.529999732971191,21.229999542236328,10.760000228881836,11.90999984741211,46787200.0,88.5314807214079,88.70955306388105,88.43255331951771,88.5908432006836,24093500.0
2025-11-12,682.7724572806613,682.9420002443612,678.9438047256676,681.3666381835938,62312500.0,17.209999084472656,18.059999465942383,17.100000381469727,17.510000228881836,0.0,0.0052,0.006,12.65999984741211,16.770000457763672,11.600000381469728,12.0,727200.0,88.98654687604218,89.35258654107888,88.91729694456782,89.15473175048828,23594900.0
2025-11-13,678.4950944095032,678.8540191634994,668.5445172010542,670.0599975585938,103457800.0,17.610000610351562,21.309999465942383,17.510000228881836,20.0,0.0,0.0053,0.006,11.31999969482422,11.329999923706056,9.486000061035156,10.25,220000.0,88.83816033841985,88.9766602025869,88.42265319824219,88.42265319824219,33825900.0
2025-11-14,663.4196879466924,673.669369761962,661.3159189526839,669.9503784179688,96846700.0,21.32999992370605,23.030000686645508,19.559999465942383,19.82999992370605,0.0,0.0052,0.006,9.729999542236328,11.100000381469728,9.710000038146973,10.699999809265137,73500.0,88.82827316855908,88.87773309716563,87.91812896728516,87.91812896728516,38550500.0
2025-11-17,667.7269573864955,671.7251529532939,660.2191128892804,663.7088012695312,90456100.0,19.57999992370605,23.440000534057617,19.540000915527344,22.3799991607666,0.0,0.0053,0.006,10.529999732971191,11.09000015258789,10.0,10.145000457763672,63700.0,88.1258776186991,88.34352243519135,88.02695021511457,88.1357650756836,25605800.0
2025-11-18,660.1493223141129,663.1604443809363,653.9277160969795,658.1353149414062,114467500.0,23.540000915527344,25.84000015258789,22.90999984741211,24.690000534057617,0.0,0.0054,0.006,10.220000267028809,11.657999992370604,10.109999656677246,11.119999885559082,191600.0,88.3929814818658,88.49190888446404,87.84887699373704,88.10608673095703,31967400.0
2025-11-19,658.8332701356088,665.3739409367662,656.8092216159307,660.6777954101562,94703000.0,24.520000457763672,24.790000915527344,21.93000030517578,23.65999984741211,0.0,0.0055,0.006,10.6899995803833,11.010000228881836,9.711999893188477,10.0600004196167,204800.0,88.27427390216737,88.35341129768766,87.8983391958179,87.92801666259766,25782400.0
2025-11-20,670.9274443593279,673.5696612658603,649.969414909385,650.6075439453125,165293500.0,20.780000686645508,28.270000457763672,19.280000686645508,26.420000076293945,0.0,0.0055,0.006,10.390000343322754,10.404999732971191,9.890000343322754,10.079999923706056,41300.0,88.03683428731725,88.46222889928484,88.03683428731725,88.2742691040039,32945000.0
2025-11-21,653.1200634979649,662.5920743656175,648.9324254696204,657.08837890625,123956200.0,25.96999931335449,27.84000015258789,22.540000915527344,23.43000030517578,0.0,0.0055,0.006,9.899999618530272,10.720000267028809,9.503999710083008,10.630000114440918,32300.0,88.68977672285166,88.70955918552406,88.24459206210918,88.5413818359375,41938600.0
2025-11-24,660.7375826041805,668.0858642133718,659.6408477705503,666.759765625,80437900.0,22.690000534057617,23.68000030517578,20.40999984741211,20.520000457763672,0.0,0.0058,0.006,10.420000076293944,11.729999542236328,10.25,11.729999542236328,30000.0,88.98655121807417,89.10526862682713,88.81837388309845,89.04591369628906,30865700.0
2025-11-25,666.6600618545837,674.2177464111714,662.5222643995295,673.03125,81077100.0,20.549999237060547,21.770000457763672,18.38999938964844,18.559999465942383,0.0,0.0058,0.006,11.449999809265137,11.729999542236328,11.27299976348877,11.720000267028809,59400.0,89.34269506360218,89.61969480043277,89.16462272597155,89.27344512939453,36503300.0
2025-11-26,675.6336030547216,679.6916195137131,674.7262499751725,677.6775512695312,71879600.0,18.25,18.700000762939453,16.93000030517578,17.190000534057617,0.0,0.0055,0.006,11.550000190734863,11.800000190734863,10.449999809265137,10.640000343322754,143200.0,89.18441700229044,89.6691665649414,88.86784478109513,89.6691665649414,34099000.0
2025-11-27,675.6336030547216,679.6916195137131,674.7262499751725,677.6775512695312,71879600.0,18.25,18.700000762939453,16.93000030517578,17.190000534057617,0.0,0.0055,0.006,11.550000190734863,11.800000190734863,10.449999809265137,10.640000343322754,143200.0,89.18441700229044,89.6691665649414,88.86784478109513,89.6691665649414,34099000.0
2025-11-28,678.8540116786253,681.6557303234264,678.4950869285864,681.3765869140625,49212000.0,17.40999984741211,18.520000457763672,15.779999732971191,16.350000381469727,0.0,0.0055,0.006,10.59000015258789,11.050000190734863,10.489999771118164,10.5,20200.0,89.49109670460619,89.56034664405132,88.98655711854742,89.2437744140625,40704300.0
2025-12-01,676.8100876493213,680.9777652313311,676.7402865806703,678.2658081054688,61201200.0,18.049999237060547,18.32999992370605,16.579999923706055,17.239999771118164,0.0,0.0055,0.0059,10.199999809265137,10.600000381469728,8.5600004196167,8.989999771118164,60400.0,88.2122248115827,88.35121927241828,88.07323035074712,88.13279724121094,47086600.0
2025-12-02,679.91089945233,681.8053259843603,677.3285642303521,679.5220947265625,62953800.0,17.280000686645508,17.309999465942383,16.389999389648438,16.59000015258789,0.0,0.0058,0.0059,8.989999771118164,10.100000381469728,8.850000381469727,9.199999809265137,102700.0,87.94416345043153,88.32143303582895,87.8250220986393,88.1725082397461,27605700.0
2025-12-03,678.5648962284573,682.8920755410956,677.6874840363832,681.8751220703125,57238500.0,16.43000030517578,17.280000686645508,15.93000030517578,16.079999923706055,0.0,0.0057,0.0059,9.130000114440918,9.859999656677246,9.104000091552734,9.75,176000.0,88.28172087303614,88.52000358099626,88.10301262938101,88.42071533203125,23278600.0
2025-12-04,683.2809493981625,683.3507504660292,679.3326553413237,682.3736572265625,61970300.0,16.229999542236328,16.6299991607666,15.68000030517578,15.779999732971191,0.0,0.0059,0.0059,9.489999771118164,9.489999771118164,8.819999694824219,8.859999656677246,143700.0,88.27179348674666,88.29164659072238,87.84487979228811,87.94416046142578,25541500.0
2025-12-05,683.4504163312143,686.3618571461667,682.5630847287977,683.6697998046875,79241000.0,15.579999923706056,16.18000030517578,15.279999732971191,15.40999984741211,0.0,0.0058,0.0059,8.550000190734863,9.050999641418455,8.524999618530273,8.720000267028809,43000.0,87.91437890088957,87.91437890088957,87.41796796994075,87.53710174560547,32808100.0
2025-12-08,684.5672069678625,684.6170474876437,679.5619773329797,681.6159057617188,55231500.0,16.149999618530273,17.09000015258789,16.100000381469727,16.65999984741211,0.0,0.006,0.0059,8.510000228881836,8.710000038146973,7.409999847412109,7.409999847412109,51400.0,87.55696358680687,87.56688635182418,86.93148095774613,87.24918365478516,32255200.0
2025-12-09,681.1373100558188,683.3707007727439,680.5789623765876,681.027587890625,58310100.0,16.65999984741211,17.200000762939453,16.450000762939453,16.93000030517578,0.0,0.0057,0.0059,7.289999961853027,7.820000171661377,7.21999979019165,7.670000076293945,53500.0,87.70587835929264,87.71580869866244,87.20946743561642,87.33853912353516,25771800.0
2025-12-10,680.5490620813229,686.9401503769751,679.3027447895911,685.5443115234375,85671300.0,16.940000534057617,17.65999984741211,15.5600004196167,15.770000457763672,0.0,0.0059,0.0059,7.650000095367432,9.300000190734863,7.650000095367432,9.300000190734863,1026400.0,87.36832931201192,87.88459337965472,87.22933484862232,87.67610168457031,46833500.0
2025-12-11,683.1214313379483,687.2193077079016,680.1601500103427,687.1395263671875,86173700.0,16.84000015258789,16.8799991607666,14.850000381469728,14.850000381469728,0.0,0.0062,0.0059,9.529999732971191,9.529999732971191,7.880000114440918,9.010000228881836,163900.0,88.05337965542977,88.19237412006953,87.52718524291778,87.55696868896484,26778700.0
2025-12-12,686.1424918468441,686.8504219479569,677.1690077077839,679.7514038085938,113160300.0,14.989999771118164,17.850000381469727,14.850000381469728,15.739999771118164,0.0,0.0067,0.0059,8.460000038146973,9.720000267028809,8.460000038146973,9.420000076293944,102100.0,86.75277225542688,86.87191360666844,86.5641412509149,86.71305847167969,47030100.0
2025-12-15,683.7196756361553,683.7396361862291,677.2488060921288,678.7244262695312,90811000.0,16.510000228881836,17.350000381469727,15.989999771118164,16.5,0.0,0.0067,0.0059,8.739999771118164,9.25,8.350000381469727,8.640000343322754,46100.0,87.09033912165958,87.24918668838724,86.76270607358185,86.77263641357422,28611800.0
2025-12-16,677.2288588584025,679.0734449717613,672.9913800472318,676.8699340820312,122030600.0,17.280000686645508,17.610000610351562,16.190000534057617,16.479999542236328,0.0,0.0067,0.0059,8.279999732971191,8.5,7.920000076293945,8.09000015258789,41200.0,86.56414171173118,87.28889743874376,86.54428103243698,87.24918365478516,41018700.0
2025-12-17,677.8869129385677,678.4352803496147,669.2225131069573,669.4219360351562,110625200.0,16.450000762939453,18.0,15.81999969482422,17.6200008392334,0.0,0.0067,0.0059,7.909999847412109,8.005000114440918,7.010000228881836,7.139999866485596,63400.0,87.00097618611323,87.35839265889489,86.95133963827833,87.16976165771484,24668300.0
2025-12-18,675.603604329658,678.7343677454887,672.9116078583543,674.4769287109375,108650100.0,17.610000610351562,17.68000030517578,15.93000030517578,16.8700008392334,0.0,0.0066,0.0059,7.440000057220459,7.610000133514404,7.139999866485596,7.559999942779541,24200.0,87.49739593069866,87.74560141877753,87.43782903744145,87.58675384521484,39048900.0
2025-12-19,676.5900268554688,681.0900268554688,676.469970703125,680.5900268554688,103599500.0,16.309999465942383,16.530000686645508,14.90999984741211,14.90999984741211,0.0,0.0068,0.0059,7.690000057220459,8.399999618530273,7.150000095367432,8.390000343322754,27800.0,87.31964063163431,87.46914501746576,87.12030651993169,87.25984191894531,37858100.0
2025-12-22,683.9400024414062,685.3599853515625,680.5900268554688,684.8300170898438,69556700.0,15.15999984741211,15.260000228881836,14.029999732971191,14.079999923706056,0.0,0.0073,0.0059,7.909999847412109,8.25,7.735000133514404,8.25,43300.0,87.1302637977624,87.17013213904643,86.96082905038666,87.07046508789062,25547100.0
2025-12-23,683.9199829101562,688.2000122070312,683.8699951171875,687.9600219726562,64840000.0,14.09000015258789,14.449999809265137,13.640000343322754,14.0,0.0,0.007,0.0059,8.09000015258789,12.079999923706056,7.989999771118164,8.199999809265137,591300.0,86.78142392766462,87.28973576576449,86.74155558701871,87.20999908447266,33624100.0
2025-12-24,687.9500122070312,690.8300170898438,687.7999877929688,690.3800048828125,39445600.0,14.09000015258789,14.15999984741211,13.380000114440918,13.470000267028809,0.0,0.0068,0.0059,7.989999771118164,8.178999900817871,7.599999904632568,7.96999979019165,27900.0,87.46914130324483,87.78808043089121,87.35950526523119,87.73824310302734,25942000.0
2025-12-25,687.9500122070312,690.8300170898438,687.7999877929688,690.3800048828125,39445600.0,14.09000015258789,14.15999984741211,13.380000114440918,13.470000267028809,0.0,0.0068,0.0059,7.989999771118164,8.178999900817871,7.599999904632568,7.96999979019165,27900.0,87.46914130324483,87.78808043089121,87.35950526523119,87.73824310302734,25942000.0
2025-12-26,690.6400146484375,691.6599731445312,689.27001953125,690.3099975585938,41613300.0,14.119999885559082,14.289999961853027,13.520000457763672,13.600000381469728,0.0,0.0068,0.0059,7.96999979019165,8.404999732971191,7.96999979019165,8.135000228881836,30500.0,87.8080109609863,87.8777786576588,87.30966809786592,87.44920349121094,26522700.0
2025-12-29,687.5399780273438,689.2000122070312,686.0700073242188,687.8499755859375,62559500.0,14.6899995803833,15.079999923706056,13.989999771118164,14.199999809265137,0.0,0.0067,0.0059,7.989999771118164,8.213000297546387,7.782999992370605,7.96999979019165,18100.0,87.65850929052299,87.77811431884766,87.49904352353228,87.77811431884766,29399800.0
2025-12-30,687.4500122070312,688.5599975585938,686.5800170898438,687.010009765625,47160700.0,14.43000030517578,14.619999885559082,14.039999961853027,14.329999923706056,0.0,0.0069,0.0059,7.659999847412109,8.109999656677246,7.302000045776367,7.909999847412109,20700.0,87.44920448329246,87.7482132462003,87.37943678582847,87.56880950927734,25106800.0
2025-12-31,687.1400146484375,687.3599853515625,681.7100219726562,681.9199829101562,74144800.0,14.770000457763672,15.170000076293944,14.380000114440918,14.949999809265137,0.0,0.0071,0.0059,7.900000095367432,8.739999771118164,7.900000095367432,8.3100004196167,35100.0,87.38940513088536,87.61864619464647,86.84122493761443,86.87113189697266,36500000.0
2026-01-01,687.1400146484375,687.3599853515625,681.7100219726562,681.9199829101562,74144800.0,14.770000457763672,15.170000076293944,14.380000114440918,14.949999809265137,0.0,0.0071,0.0054,7.900000095367432,8.739999771118164,7.900000095367432,8.3100004196167,35100.0,87.38940513088536,87.61864619464647,86.84122493761443,86.87113189697266,36500000.0
2026-01-02,685.7100219726562,686.8699951171875,679.8200073242188,683.1699829101562,89377200.0,14.850000381469728,15.420000076293944,14.460000038146973,14.510000228881836,0.0,0.0072,0.0054,7.989999771118164,8.779999732971191,7.96999979019165,8.779999732971191,59400.0,87.11033836433707,87.12030735125,86.7315929027355,86.74156188964844,40731300.0
2026-01-05,686.5399780273438,689.4299926757812,686.3800048828125,687.719970703125,71927200.0,15.140000343322754,15.270000457763672,14.649999618530272,14.899999618530272,0.0,0.0071,0.0054,8.529999732971191,9.40999984741211,7.989999771118164,8.270000457763672,36300.0,86.89106470241352,87.22993421022291,86.82129700350518,87.17013549804688,30178000.0
2026-01-06,687.9299926757812,692.3200073242188,687.780029296875,691.8099975585938,69273800.0,15.0,15.210000038146973,14.630000114440918,14.75,0.0,0.0071,0.0054,8.039999961853027,8.430000305175781,7.5,7.78000020980835,28300.0,86.86116387675224,87.05052899680886,86.61199244142254,86.99073028564453,39015200.0
2026-01-07,692.1900024414062,693.9600219726562,689.3200073242188,689.5800170898438,75588300.0,14.949999809265137,15.479999542236328,14.829999923706056,15.380000114440918,0.0,0.0068,0.0054,7.760000228881836,7.960000038146973,6.988999843597412,7.5,43300.0,87.54886841892697,87.71831076739949,87.19006856196535,87.49903869628906,39930900.0
2026-01-08,688.8200073242188,690.6199951171875,687.489990234375,689.510009765625,64019200.0,15.6899995803833,15.850000381469728,15.149999618530272,15.449999809265137,0.0,0.007,0.0054,7.599999904632568,7.650000095367432,7.139999866485596,7.162000179290772,29400.0,87.04057072890112,87.2598428164948,86.96083404175633,87.06050109863281,28204900.0
2026-01-09,690.6300048828125,695.3099975585938,689.1799926757812,694.0700073242188,80125500.0,15.68000030517578,15.8100004196167,14.43000030517578,14.489999771118164,0.0,0.0064,0.0054,7.159999847412109,7.489999771118164,7.159999847412109,7.489999771118164,8400.0,87.01067102276768,87.70834802220985,86.83126727946699,87.63858032226562,57348800.0
2026-01-12,690.6799926757812,696.0900268554688,690.6300048828125,695.1599731445312,63976000.0,16.059999465942383,16.65999984741211,15.029999732971191,15.119999885559082,0.0,0.0065,0.0054,7.260000228881836,7.570000171661377,6.739999771118164,6.974999904632568,24900.0,87.21000555039117,87.61865036922819,87.12030748036881,87.37944030761719,36103100.0
2026-01-13,695.489990234375,696.0900268554688,691.3499755859375,693.77001953125,78309700.0,15.359999656677246,16.5,14.75,15.979999542236328,0.0,0.0065,0.0054,7.079999923706055,7.130000114440918,6.815999984741211,7.050000190734863,20600.0,87.58873700243174,87.61864396102757,87.24986751276374,87.52893829345703,30451400.0
2026-01-14,691.0,691.719970703125,686.0399780273438,690.3599853515625,94676700.0,16.329999923706055,18.100000381469727,16.219999313354492,16.75,0.0,0.0064,0.0054,6.760000228881836,7.145999908447266,6.159999847412109,6.920000076293945,36400.0,87.61864814247889,88.13692138791322,87.59871016913016,88.0372543334961,39233500.0
2026-01-15,694.5700073242188,695.4500122070312,691.25,692.239990234375,77862000.0,16.520000457763672,16.540000915527344,15.300000190734863,15.84000015258789,0.0,0.0061,0.0054,6.920000076293945,7.052999973297119,6.550000190734863,7.03000020980835,10300.0,88.34622685769969,88.36616483158424,88.01731872558594,88.01731872558594,37988900.0
2026-01-16,693.6599731445312,694.25,690.0999755859375,691.6599731445312,79289200.0,15.4399995803833,16.290000915527344,15.300000190734863,15.859999656677246,0.0,0.0065,0.0054,6.960000038146973,7.159999847412109,6.800000190734863,7.159999847412109,11300.0,87.83791082739272,88.0272835497955,87.41930464492111,87.5090103149414,46382400.0
2026-01-19,693.6599731445312,694.25,690.0999755859375,691.6599731445312,79289200.0,15.4399995803833,16.290000915527344,15.300000190734863,15.859999656677246,0.0,0.0065,0.0054,6.960000038146973,7.159999847412109,6.800000190734863,7.159999847412109,11300.0,87.83791082739272,88.0272835497955,87.41930464492111,87.5090103149414,46382400.0
2026-01-20,681.489990234375,684.77001953125,676.5700073242188,677.5800170898438,111623300.0,19.940000534057617,20.989999771118164,18.63999938964844,20.09000015258789,0.0,0.007,0.0054,7.159999847412109,7.159999847412109,7.0,7.079999923706055,17600.0,86.34288551262826,86.741561341427,86.25318744330575,86.36282348632812,66009500.0
2026-01-21,679.6500244140625,688.739990234375,678.1300048828125,685.4000244140625,127844500.0,19.309999465942383,20.809999465942383,16.670000076293945,16.899999618530273,0.0,0.0066,0.0054,6.940000057220459,7.130000114440918,6.800000190734863,7.130000114440918,19500.0,86.51232562828707,87.19007223842974,86.3329218901873,87.0206298828125,51220100.0
2026-01-22,689.8499755859375,691.1300048828125,686.9199829101562,688.97998046875,77112200.0,16.649999618530273,16.670000076293945,15.270000457763672,15.640000343322754,0.0,0.0065,0.0054,7.170000076293945,7.170000076293945,6.809999942779541,6.96999979019165,6824400.0,86.9807621210947,87.46914361391465,86.85119571097793,87.39937591552734,42419300.0
2026-01-23,688.1500244140625,690.9600219726562,687.1599731445312,689.22998046875,63059600.0,15.68000030517578,16.209999084472656,15.300000190734863,16.09000015258789,0.0,0.0064,0.0054,20.13999938964844,23.899999618530277,15.010000228881836,16.739999771118164,42592100.0,87.53891326578946,87.7382473787418,87.21000513572001,87.63858032226562,35968800.0
2026-01-26,690.489990234375,694.1300048828125,689.9199829101562,692.72998046875,60473800.0,16.899999618530273,17.389999389648438,15.800000190734863,16.149999618530273,0.0,0.0066,0.0054,15.5600004196167,21.94499969482422,15.170000076293944,19.540000915527344,3101400.0,88.10701963992163,88.19671770522912,87.90767793239061,88.05718231201172,38882400.0
2026-01-27,694.1799926757812,696.530029296875,693.5700073242188,695.489990234375,55506100.0,16.020000457763672,16.3700008392334,15.739999771118164,16.350000381469727,0.0,0.0071,0.0054,19.049999237060547,34.869998931884766,18.5,20.520000457763672,3882300.0,87.81798045855969,87.9575158527169,87.38940528961723,87.5090103149414,35180100.0
2026-01-28,697.0499877929688,697.8400268554688,693.9400024414062,695.4199829101562,61172200.0,16.09000015258789,17.18000030517578,16.049999237060547,16.350000381469727,0.0,0.007,0.0054,20.700000762939453,22.399999618530277,18.0,18.26000022888184,547900.0,87.21997142780441,87.4093365480257,87.0006993478662,87.3096694946289,38750300.0
2026-01-29,696.3900146484375,697.0599975585938,684.8300170898438,694.0399780273438,97486200.0,16.040000915527344,19.739999771118164,16.020000457763672,16.8799991607666,0.0,0.0071,0.0054,17.110000610351562,21.5,16.469999313354492,19.06999969482422,504300.0,86.86116159974179,87.44920252173254,86.79139390384275,87.32960510253906,43855000.0
2026-01-30,691.7899780273438,694.2100219726562,687.1199951171875,691.969970703125,101835100.0,18.71999931335449,19.270000457763672,16.670000076293945,17.440000534057617,0.0,0.0074,0.0054,18.540000915527344,19.0,16.93000030517578,17.1299991607666,190300.0,87.09039610220141,87.26979983725546,86.84122467041016,86.84122467041016,45832200.0
2026-02-01,691.7899780273438,694.2100219726562,687.1199951171875,691.969970703125,101835100.0,18.71999931335449,19.270000457763672,16.670000076293945,17.440000534057617,0.0,0.0074,0.0051,18.540000915527344,19.0,16.93000030517578,17.1299991607666,190300.0,87.09039610220141,87.26979983725546,86.84122467041016,86.84122467041016,45832200.0
2026-02-02,689.5800170898438,696.9299926757812,689.4199829101562,695.4099731445312,79286500.0,19.950000762939453,19.959999084472656,16.079999923706055,16.34000015258789,0.0,0.0072,0.0051,17.299999237060547,17.700000762939453,14.0,14.859999656677246,175800.0,86.73158898238007,86.77145732412073,86.26315307617188,86.26315307617188,38171400.0
2026-02-03,696.2100219726562,696.9600219726562,684.030029296875,689.530029296875,107904600.0,16.15999984741211,20.3700008392334,16.049999237060547,18.0,0.0,0.0071,0.0051,14.890000343322754,16.0,12.800000190734863,13.130000114440918,145300.0,86.20334847467177,86.49238825495426,86.14354976292671,86.47245788574219,27438200.0
2026-02-04,690.3499755859375,691.4500122070312,681.760009765625,686.1900024414062,105204600.0,17.6299991607666,21.239999771118164,17.469999313354492,18.63999938964844,0.0,0.0072,0.0051,13.260000228881836,13.770000457763672,12.739999771118164,13.770000457763672,54500.0,86.34287952061719,86.49238389655505,86.17344477647154,86.25318145751953,37872900.0
2026-02-05,680.9400024414062,683.6900024414062,675.7899780273438,677.6199951171875,113610800.0,19.239999771118164,23.100000381469727,19.059999465942383,21.770000457763672,0.0,0.0074,0.0051,12.6899995803833,13.6850004196167,12.68000030517578,13.56999969482422,145300.0,86.64189091218643,87.19007110595703,86.46248717641684,87.19007110595703,50268900.0
2026-02-06,681.4600219726562,692.3099975585938,680.8499755859375,690.6199951171875,89127600.0,21.239999771118164,21.489999771118164,19.989999771118164,20.3700008392334,0.0,0.0072,0.0051,14.300000190734863,16.25,13.25,13.960000038146973,455100.0,87.16016462985644,87.24987030029297,86.91099319568977,87.24987030029297,33461800.0
2026-02-09,689.4199829101562,695.8699951171875,688.3400268554688,693.9500122070312,73885200.0,17.950000762939453,19.200000762939453,16.899999618530273,17.360000610351562,0.0,0.0074,0.0051,13.479999542236328,14.449999809265137,13.460000038146973,13.5,148400.0,86.91099555216621,87.2897410089983,86.74156079732496,87.22993469238281,24708900.0
2026-02-10,694.9500122070312,696.5399780273438,691.6599731445312,692.1199951171875,65185700.0,17.469999313354492,17.969999313354492,17.139999389648438,17.790000915527344,0.0,0.0071,0.0051,13.15999984741211,13.619999885559082,13.15999984741211,13.520000457763672,232300.0,87.94754774673508,88.23658752441406,87.92761737770252,88.23658752441406,37253700.0
2026-02-11,696.3900146484375,697.1400146484375,689.1799926757812,691.9600219726562,76353900.0,17.8700008392334,18.959999084472656,16.75,17.649999618530273,0.0,0.0066,0.0051,13.119999885559082,13.609999656677246,13.119999885559082,13.5600004196167,114100.0,87.74821233145995,88.18675648472411,87.64854527956591,87.76814270019531,37014000.0
2026-02-12,694.239990234375,695.3499755859375,680.3699951171875,681.27001953125,118829000.0,17.440000534057617,21.209999084472656,17.079999923706055,20.81999969482422,0.0,0.0062,0.0051,13.140000343322754,13.260000228881836,11.84000015258789,12.479999542236328,149500.0,88.067153426643,88.98410249111875,88.0571844399984,88.93427276611328,48454900.0
2026-02-13,681.6900024414062,686.280029296875,677.52001953125,681.75,96267500.0,21.479999542236328,22.399999618530277,18.920000076293945,20.600000381469727,0.0,0.0064,0.0051,11.789999961853027,11.899999618530272,11.50100040435791,11.770000457763672,47400.0,89.33293989835248,89.5123436352341,89.22330385891878,89.42264556884766,56785200.0
2026-02-16,681.6900024414062,686.280029296875,677.52001953125,681.75,96267500.0,21.479999542236328,22.399999618530277,18.920000076293945,20.600000381469727,0.0,0.0064,0.0051,11.789999961853027,11.899999618530272,11.50100040435791,11.770000457763672,47400.0,89.33293989835248,89.5123436352341,89.22330385891878,89.42264556884766,56785200.0
2026-02-17,680.1400146484375,684.9400024414062,675.780029296875,682.8499755859375,81354700.0,21.739999771118164,22.959999084472656,19.76000022888184,20.290000915527344,0.0,0.0062,0.0051,11.40999984741211,11.80500030517578,10.5,11.449999809265137,83500.0,89.63194989583003,89.8213226218438,89.46251514313815,89.57215118408203,32356700.0
2026-02-18,684.02001953125,689.1500244140625,682.8300170898438,686.2899780273438,73570300.0,19.780000686645508,20.34000015258789,18.479999542236328,19.6200008392334,0.0,0.0062,0.0051,11.5,11.539999961853027,11.079999923706056,11.3100004196167,109600.0,89.39274974142448,89.56218449846952,89.17347765390313,89.2332763671875,35415400.0
2026-02-19,683.8400268554688,686.1799926757812,681.5499877929688,684.47998046875,58649400.0,19.34000015258789,21.11000061035156,19.229999542236328,20.229999542236328,0.0,0.0061,0.0051,11.119999885559082,11.399999618530272,10.720000267028809,10.729999542236328,38900.0,89.10371069873116,89.4226498457629,89.07381134183899,89.32298278808594,28658600.0
2026-02-20,682.3200073242188,690.0599975585938,681.72998046875,689.4299926757812,100034000.0,20.040000915527344,21.209999084472656,18.76000022888184,19.09000015258789,0.0,0.006,0.0051,10.699999809265137,10.989999771118164,10.40999984741211,10.890000343322754,39600.0,89.40271015900889,89.4425785021377,88.63526546507879,89.11367797851562,49610800.0
2026-02-23,687.8300170898438,690.0,680.3699951171875,682.3900146484375,90558100.0,20.489999771118164,22.040000915527344,19.5,21.01000022888184,0.0,0.006,0.0051,10.640000343322754,10.949999809265137,10.039999961853027,10.06999969482422,13900.0,89.25320843312768,89.70171396129072,89.2332704606133,89.44257354736328,33614600.0
2026-02-24,681.9000244140625,688.3499755859375,680.0,687.3499755859375,73798700.0,21.239999771118164,22.07999992370605,19.229999542236328,19.549999237060547,0.0,0.0061,0.0051,10.0600004196167,10.970000267028809,10.010000228881836,10.630000114440918,68900.0,89.65188050647124,89.75155516513144,89.46251538405635,89.60205078125,24933900.0
2026-02-25,690.1799926757812,693.6799926757812,690.0999755859375,693.1500244140625,56369500.0,19.59000015258789,19.6200008392334,17.860000610351562,17.93000030517578,0.0,0.006,0.0051,10.520000457763672,12.350000381469728,10.520000457763672,12.149999618530272,42000.0,89.41268068083602,89.78145715802692,89.41268068083602,89.61202239990234,23625800.0
2026-02-26,693.280029296875,693.2999877929688,684.3499755859375,689.2999877929688,71671000.0,18.06999969482422,20.540000915527344,17.5,18.6299991607666,0.0,0.006,0.0051,11.9399995803833,11.970000267028809,11.010000228881836,11.510000228881836,38100.0,89.76151447496066,90.02065489409723,89.75155309261174,89.97081756591797,29447100.0
2026-02-27,683.0900268554688,686.8599853515625,681.6400146484375,685.989990234375,83308900.0,19.280000686645508,21.739999771118164,18.770000457763672,19.86000061035156,0.0,0.0059,0.0051,11.220000267028809,11.67300033569336,11.210000038146973,11.399999618530272,34200.0,90.38943078568056,90.55886553385471,90.24989539258316,90.5189971923828,51272000.0
2026-03-02,678.7000122070312,688.6199951171875,678.02001953125,686.3800048828125,87477200.0,24.65999984741211,25.239999771118164,20.3700008392334,21.440000534057617,0.0,0.0058,0.0051,11.050000190734863,13.109999656677246,11.050000190734863,12.949999809265137,38400.0,89.9800033569336,89.98999786376953,89.36000061035156,89.61000061035156,55465500.0
2026-03-03,675.0599975585938,682.6099853515625,669.6599731445312,680.3300170898438,105003100.0,24.56999969482422,28.149999618530277,22.18000030517578,23.56999969482422,0.0,0.0055,0.0051,12.979999542236328,13.774999618530272,12.074999809265137,13.739999771118164,44500.0,88.9800033569336,89.66999816894531,88.94000244140625,89.43000030517578,51850400.0
2026-03-04,681.6300048828125,687.0900268554688,679.6199951171875,685.1300048828125,79182200.0,24.38999938964844,24.8700008392334,20.399999618530277,21.149999618530277,0.0,0.0055,0.0051,13.359999656677246,14.010000228881836,13.0,13.800000190734863,78900.0,89.2699966430664,89.44000244140625,89.0999984741211,89.1500015258789,47069500.0
2026-03-05,682.0800170898438,685.530029296875,675.6099853515625,681.3099975585938,106606500.0,22.11000061035156,25.84000015258789,20.549999237060547,23.75,0.0,0.0056,0.0051,14.138999938964844,15.510000228881836,14.138999938964844,14.539999961853027,32300.0,88.62999725341797,88.94000244140625,88.51000213623047,88.79000091552734,45768900.0
2026-03-06,673.4099731445312,676.1099853515625,669.760009765625,672.3800048828125,100687000.0,23.200000762939453,29.93000030517578,22.920000076293945,29.489999771118164,0.0,0.0059,0.0051,14.699999809265137,15.0,12.81999969482422,13.5,61300.0,88.31999969482422,88.94000244140625,88.0199966430664,88.45999908447266,58136900.0
2026-03-09,666.3900146484375,679.9199829101562,662.3900146484375,678.27001953125,102334700.0,23.200000762939453,29.93000030517578,22.920000076293945,29.489999771118164,0.0,0.0059,0.0051,12.899999618530272,13.5,12.600000381469728,13.399999618530272,13900.0,88.30000305175781,89.31999969482422,88.20999908447266,89.2300033569336,52465300.0
2026-03-10,677.719970703125,678.7849731445312,674.7608032226562,675.4161987304688,12363234.0,23.200000762939453,29.93000030517578,22.920000076293945,29.489999771118164,0.0,0.0059,0.0051,13.130000114440918,13.390000343322754,13.130000114440918,13.390000343322754,923.0,88.80000305175781,88.86000061035156,88.66000366210938,88.73999786376953,8247707.0
