date,open_SPY,high_SPY,low_SPY,close_SPY,volume_SPY
2020-11-02,306.92559814453125,308.93332384063365,304.1742157069411,306.92559814453125,86068300.0
2020-11-03,310.16963593850346,314.4082189715023,307.00929292148163,312.3446960449219,93294200.0
2020-11-04,316.83416747960666,323.4151432960798,315.65369476603786,319.3252868652344,126959700.0
2020-11-05,324.6234340730945,327.3655114983096,324.2702142429703,325.5529479980469,82039700.0
2020-11-06,325.2648392554505,326.7334873150784,323.1455483916412,325.4786376953125,74973000.0
2020-11-09,338.3151802584542,338.69628436700145,329.103693970947,329.5684509277344,172304200.0
2020-11-10,328.57395526410835,330.1448364825855,325.8040211888103,329.085205078125,85552000.0
2020-11-12,330.5165113279506,331.5761706976934,326.5010331878209,328.3135681152344,67546200.0
2020-11-13,330.2284679699451,333.6026087311802,329.7079423371588,332.8590087890625,62892200.0
2020-11-16,335.5360224634201,337.2091365588106,334.24398420061374,337.0139465332031,74541100.0
2020-11-17,334.59720697878305,336.409770903095,333.0820943880079,335.2013854980469,66111000.0
2020-11-18,335.4709214650384,336.01933135427623,331.13007834082595,331.1672668457031,70591300.0
2020-11-19,330.53528068591817,332.9334150256051,329.1874736453594,332.5616149902344,59940900.0
2020-11-20,332.3013602579922,332.5058545374273,330.20995309552933,330.2843017578125,70417300.0
2020-11-23,332.0968238948421,333.5282836694918,329.85669132516,332.2641296386719,63230600.0
2020-11-24,334.82031711721845,338.1665740612137,333.9651798999618,337.6181640625,62415900.0
2020-11-25,337.5344068730107,337.5622911569882,336.00071452122154,337.0975341796875,45330900.0
2020-11-27,338.1944089835005,338.5104403756147,337.02321213244505,338.0364074707031,28514100.0
2020-11-30,337.2555409838347,337.52510797754314,333.85354481889163,336.5398254394531,83872700.0
2020-12-01,339.8024388460691,341.76369976470494,339.20753627179033,340.220703125,74231400.0
2020-12-02,339.1053793176844,341.09452496721,338.5290850488173,340.9365234375,45927000.0
2020-12-03,340.8342016416823,342.2377769204486,339.7373818816019,340.843505859375,62882000.0
2020-12-04,341.4291833383519,343.7808532714844,341.3362262394426,343.7808532714844,50749900.0
2020-12-07,343.00929853997224,343.5670126985919,341.80094150173,343.0743713378906,48944300.0
2020-12-08,341.8009261774338,344.6452370556998,341.75446181901555,344.0782470703125,42458900.0
2020-12-09,344.73825087726243,344.8962524151043,340.155752415466,340.9923095703125,74098300.0
2020-12-10,339.6166137038823,341.9310950867418,338.74286804799897,340.8807678222656,57735400.0
2020-12-11,339.1797343449143,340.8900371114811,337.6553457695817,340.4810485839844,57698600.0
2020-12-14,342.65604936198173,343.7342606230412,338.7799635596942,338.9565734863281,69216200.0
2020-12-15,341.50351566005907,343.5391540527344,340.12785278149966,343.5391540527344,63865300.0
2020-12-16,343.7529114618271,344.99845695254,342.86986171972654,344.0782470703125,58420500.0
2020-12-17,345.7234764526828,346.20681357249737,344.89619528816195,346.0023193359375,64119500.0
2020-12-18,346.29171920031933,346.4597381046368,342.6044762600976,344.62078857421875,136542300.0
2020-12-21,340.690848610834,353.2834348654009,337.9464259916311,343.3885803222656,96386700.0
2020-12-22,343.7153181678852,343.82733077167063,341.68034656595023,342.8098449707031,47949000.0
2020-12-23,343.7806801753628,345.0315351063921,342.79119749130325,343.117919921875,46201400.0
2020-12-24,343.5939480483956,344.4807619388975,343.00588190186073,344.4527587890625,26457900.0
2020-12-28,347.01047928251126,347.8039398547463,346.38506609891,347.4118957519531,39000400.0
2020-12-29,348.94279009754194,349.1201528820118,346.1610203351437,346.7491149902344,53680500.0
2020-12-30,347.5705883939788,348.2800395515808,346.85182184412906,347.2438659667969,49455300.0
2020-12-31,347.0478421277476,349.7362586191651,346.53444152154736,349.0081481933594,78520700.0
2021-01-04,350.34299981269083,350.473700173114,340.5508422079817,344.2567443847656,110210800.0
2021-01-05,343.61266657677504,347.71995701585035,343.5659756645781,346.6277770996094,66426200.0
2021-01-06,345.11552753738533,351.9019187189158,344.5647799187049,348.7000732421875,107997700.0
2021-01-07,351.0804002911338,354.627598413459,350.90303753627427,353.8808288574219,68766800.0
2021-01-08,355.2717141545609,356.1118370621761,352.01389123519994,355.89715576171875,71677200.0
2021-01-11,352.71402176287364,355.26239380181204,352.5926652872222,353.4981384277344,51034700.0
2021-01-12,353.6849170835824,354.5903619209888,351.3231942418903,353.5728759765625,52547700.0
2021-01-13,353.4981642054425,355.5237919488528,352.7140474834026,354.5249938964844,45303600.0
2021-01-14,355.27172573626217,355.77581089223776,352.9473789690196,353.2834167480469,49989100.0
2021-01-15,351.6591667497863,352.4619426341767,348.8400787887009,350.70703125,107160000.0
2021-01-19,353.1714095466067,354.0022171031651,351.6871856917085,353.4607849121094,51233300.0
2021-01-20,355.7572635864285,359.19247922371085,355.36521935611944,358.35235595703125,61836100.0
2021-01-21,358.9122325607861,359.34165209686404,357.75473126120266,358.6788635253906,47840100.0
2021-01-22,356.82129871151545,358.5762386300744,356.4385700282183,357.4093933105469,52860500.0
2021-01-25,358.1469570302598,359.1737584354347,353.2835237405505,358.8190612792969,70402000.0
2021-01-26,359.77113832425107,360.1818702142021,358.0255420356784,358.2589111328125,42665300.0
2021-01-27,354.9263017522696,355.01965506445595,347.262470561871,349.5028076171875,123351100.0
2021-01-28,351.3231338347947,356.5226037699403,350.88442731269146,352.5086669921875,94198100.0
2021-01-29,350.64172533967934,351.61254871858694,343.77132460135704,345.4515991210937,126765100.0
2021-02-01,348.8587477068479,352.2379271972738,345.74094042873577,351.2017822265625,75817600.0
2021-02-02,354.39421716202406,357.72673387812904,351.2857540949605,356.1678161621094,64450700.0
2021-02-03,356.9986846197431,358.1748738940465,355.1690790166105,356.44793701171875,52427100.0
2021-02-04,357.484098168014,360.54589948348286,356.5599656893547,360.4992370605469,47142600.0
2021-02-05,362.3755135819587,362.62754192923927,360.452554669544,361.9180908203125,48669800.0
2021-02-08,363.3743303003986,364.5785227743176,362.5155480071299,364.5318603515625,38365200.0
2021-02-09,363.6916850333524,364.8865620369601,363.2809816726569,364.28912353515625,35551100.0
2021-02-10,366.0347011302047,366.1840607481003,361.7220454304173,364.1304016113281,59154400.0
2021-02-11,365.2132165845234,365.6332922662904,362.2821161523602,364.7184753417969,42913300.0
2021-02-12,363.91585599720855,366.7629482149384,363.84116191669295,366.520263671875,50593300.0
2021-02-16,367.7523635871387,367.9484141469032,365.48402271649,366.2027893066406,50972400.0
2021-02-17,364.4478546223637,366.5388325620592,363.4303403165047,366.2868041992188,52290600.0
2021-02-18,363.67301150998657,365.47461384883314,361.9460747372213,364.7278442382813,59712800.0
2021-02-19,365.9880397586932,366.2774151168697,363.6356613794077,364.083740234375,83241000.0
2021-02-22,361.3113283443458,363.7010253533057,361.0126090963669,361.2833251953125,67414200.0
2021-02-23,359.0709767740869,363.075597852257,354.9076806868084,361.7220458984375,107284100.0
2021-02-24,360.6299244440038,366.1374579842798,359.6404417407371,365.7080383300781,72433900.0
2021-02-25,364.438532027057,365.810743501983,355.4491495573829,356.8960266113281,146670500.0
2021-02-26,358.7816272202917,359.9297848553106,353.0687567328293,355.0570373535156,152701600.0
2021-03-01,359.9391348464769,364.9145796408334,355.2530939230072,363.6636962890625,105348800.0
2021-03-02,363.88775955697247,364.1211286457314,360.3218730437514,360.8259582519531,79595300.0
2021-03-03,360.12585700592814,361.096651920439,355.9438726099805,356.04656982421875,119940200.0
2021-03-04,355.8598669496521,358.4549301482067,347.14120097339406,351.6405639648437,183433000.0
2021-03-05,355.15042536468866,359.1643910019848,347.8506615219816,358.10955810546875,152039600.0
2021-03-08,359.0709604074307,361.8900482908478,356.0465066194313,356.3265380859375,123149200.0
2021-03-09,360.1818668416844,363.9717786646601,359.67778162011194,361.4140625,113633600.0
2021-03-10,363.7663934988811,365.3626300474982,362.3475197320477,363.6636962890625,109899400.0
2021-03-11,366.1374442709955,369.3299174808508,365.68002148147286,367.3509521484375,86245000.0
2021-03-12,365.988063865654,367.98568835649854,365.1759440335733,367.8456726074219,64653600.0
2021-03-15,368.0977208919714,370.300739917359,365.9507366566855,370.0393676757813,73427200.0
2021-03-16,370.6554372330348,371.3648598418365,368.79780004485065,369.5726013183594,73722500.0
2021-03-17,368.28439370276624,371.6355701121293,367.1362076288322,370.8327941894531,97959300.0
2021-03-18,368.237776582105,370.3287545797214,364.7558993919325,365.4373474121094,115349100.0
2021-03-19,365.13571611364415,366.7184601475736,362.578969155588,364.7611083984375,113624500.0
2021-03-22,365.276273388736,369.0598779072766,365.2200836477312,367.6737976074219,73778600.0
2021-03-23,367.0368956527284,368.4885113362142,363.9931613777038,364.7798461914063,90686600.0
2021-03-24,366.1846847460537,367.8236187570655,362.8787218556425,362.925537109375,97588600.0
2021-03-25,361.4833173294105,365.7632549664957,359.5353110691454,364.96722412109375,116128600.0
2021-03-26,366.1191203770628,371.2513354528067,365.5197536581224,370.8486328125,114409100.0
2021-03-29,369.3688948067096,371.5697547729306,367.87980961613647,370.6613159179688,108107600.0
2021-03-30,369.3875943515062,370.35222281435466,368.0764244495289,369.6779174804688,76262200.0
2021-03-31,370.24917149456826,372.7403541757832,370.2210766312015,371.1763305664063,112734200.0
2021-04-01,373.1150826333132,375.2410327787885,372.9090440416976,375.184814453125,99682900.0
2021-04-02,373.1150826333132,375.2410327787885,372.9090440416976,375.184814453125,99682900.0
2021-04-05,377.8539124789563,381.1130603362482,377.77900235176537,380.5698547363281,91684800.0
2021-04-06,380.0079543326237,381.3940060302929,379.6707873110672,380.3450927734375,62021000.0
2021-04-07,380.1764761224712,381.1317301663428,379.71758377503375,380.78521728515625,55836300.0
2021-04-08,382.0401609843189,382.6489021342962,381.1036273441264,382.59271240234375,57863100.0
2021-04-09,382.471035788063,385.54286537621095,382.3492818264006,385.374267578125,61104600.0
2021-04-12,384.7748703761354,385.786314180877,384.1661291967522,385.5147399902344,56704900.0
2021-04-13,385.4117407781049,387.2848083159337,385.02775850316095,386.6573181152344,56551000.0
2021-04-14,386.629153835871,387.6874413776743,384.7935559809421,385.3367614746094,61659900.0
2021-04-15,387.4813449270554,389.7477684777227,387.4345296863085,389.4761657714844,60229800.0
2021-04-16,390.7686711718235,391.3867868195432,389.3451502920912,390.7780456542969,82037300.0
2021-04-19,389.8415012475082,390.2910191020154,387.52826201872847,388.8581237792969,78498500.0
2021-04-20,387.6406372471208,388.7457400683616,384.5313387439712,386.0110778808594,81851800.0
2021-04-21,385.3929829340343,389.8696127711152,385.2524800177592,389.66357421875,66793000.0
2021-04-22,389.4950123134233,390.328512440376,385.0371027773135,386.104736328125,97582800.0
2021-04-23,386.6666955199945,391.7052518077385,386.5917853934421,390.29107666015625,73209200.0
2021-04-26,390.9466402329911,391.67713539485504,390.35661941365066,391.1058349609375,52182400.0
2021-04-27,391.40549711447903,391.6021897569146,389.8789427091072,391.0215148925781,51303100.0
2021-04-28,391.2931619528754,392.41701387986393,390.4409128147117,390.9091796875,51238900.0
2021-04-29,393.6437764159888,394.0183841082512,390.0100217814999,393.4002685546875,78544300.0
2021-04-30,391.1245322985736,391.9767813050414,389.9163959508624,390.8154602050781,85527000.0
2021-05-03,392.8103349425953,393.1943172010252,391.1620550150992,391.6584167480469,68128300.0
2021-05-04,389.6636086069614,390.1599703568176,385.54286577673696,389.2421569824219,101591200.0
2021-05-05,390.8904767655513,391.12461021240586,388.80199613054106,389.3639221191406,60162200.0
2021-05-06,389.4388167807709,392.604305429452,387.4252749339344,392.4732055664063,74321400.0
2021-05-07,393.2411380426792,395.98517484775925,392.5574581716832,395.32958984375,67733800.0
2021-05-10,395.68547774679007,395.9102366829871,391.2931325239228,391.4148864746094,81852400.0
2021-05-11,386.8820921309742,388.9143543332636,384.0350215703877,387.921630859375,116888000.0
2021-05-12,385.1307475097692,386.4044195693384,378.3595988550545,379.68011474609375,134811000.0
2021-05-13,381.2347930730612,386.1796900338634,381.1879492380252,384.2410583496094,106394000.0
2021-05-14,386.985030226416,390.993392781113,386.95693536241697,390.1411437988281,82201600.0
2021-05-17,389.0267426458756,389.96327633452273,387.1255518204116,389.1484680175781,65129200.0
2021-05-18,389.410629478329,389.6541373414244,385.6364005040264,385.7956237792969,59810200.0
2021-05-19,381.0943542868471,384.962214952343,379.6052403632547,384.7842712402344,106467100.0
2021-05-20,385.6645888163089,390.1880628574661,385.54286343600126,388.9237365722656,78022200.0
2021-05-21,390.4128194386064,391.6584253302021,388.1464237708593,388.6053161621094,76578700.0
2021-05-24,390.8529608640106,393.6438415072132,390.609452962444,392.56683349609375,51376700.0
2021-05-25,393.6531525608854,394.00903989913496,391.1151545265216,391.69580078125,57451400.0
2021-05-26,392.2858873840644,392.9789132133939,391.2463486400701,392.4732055664063,43088600.0
2021-05-27,393.5033839792261,394.0184660906669,392.3982524731179,392.6792297363281,56707700.0
2021-05-28,394.25256120863554,394.5147894803722,393.1474583906552,393.381591796875,58520200.0
2021-06-01,395.7510371233868,395.89151145679193,392.59492324968153,393.03509521484375,54216600.0
2021-06-02,393.690698113344,394.49613202119497,392.67925421266847,393.6532287597656,49097100.0
2021-06-03,391.3306656259086,393.3348331552268,389.86030065702096,392.1922607421875,58138800.0
2021-06-04,394.046551239309,396.07884192817824,392.2577684564008,395.7791442871094,55938800.0
2021-06-07,395.7697493431614,395.94769302205015,394.458607957196,395.3951416015625,51555000.0
2021-06-08,396.2567720889371,396.3504311779216,393.6438635649378,395.4794616699219,47134300.0
2021-06-09,396.3223302537251,396.3972689560642,394.66467586891736,394.8894348144531,48436300.0
2021-06-10,396.11623447588136,397.680258127959,394.7957187001208,396.7249755859375,51020100.0
2021-06-11,397.2775492259465,397.4929336539654,395.985128334888,397.3805541992188,45570800.0
2021-06-14,397.4929552839291,398.37329916833056,396.24737815172665,398.2702941894531,42358500.0
2021-06-15,398.4201082118364,398.4575489750296,396.6594205967574,397.5397644042969,51508500.0
2021-06-16,397.6803041304565,397.9050630695261,393.2692384667754,395.3202209472656,80386100.0
2021-06-17,394.908138264524,396.17243576818447,392.7072785740148,395.1890869140625,90949700.0
2021-06-21,391.6242317543802,395.6269263335311,390.8067865063544,395.4389953613281,72822000.0
2021-06-22,395.4296600028668,398.389386740263,394.70615149146886,397.5531311035156,57700300.0
2021-06-23,397.6283337847362,398.4363740041373,396.9894142613617,397.073974609375,49445400.0
2021-06-24,399.225635649198,399.8457448281696,398.9719259471938,399.4229431152344,45110300.0
2021-06-25,400.174690477139,401.2928141340568,399.845825517884,400.841796875,58129500.0
2021-06-28,401.3679429641706,401.81893148712265,400.1652591125572,401.6498107910156,53159600.0
2021-06-29,402.03499591780417,402.6739153566939,401.33029776996494,401.8658752441406,35970500.0
2021-06-30,401.4054988705683,402.8806740439344,401.3773120884002,402.20416259765625,64827900.0
2021-07-01,402.96526015847866,404.5907744987678,402.8994814377987,404.4310302734375,53441000.0
2021-07-02,405.5960838218622,407.8792989685119,404.5155237085029,407.5222473144531,57697700.0
2021-07-06,407.57869308441616,407.79481088022624,404.0364200440292,406.780029296875,68710400.0
2021-07-07,407.4659236755757,408.4994868338858,405.4457944463871,408.2175903320313,63549500.0
2021-07-08,402.8806657894251,405.6524902342203,401.6967636141339,404.8914184570313,97595200.0
2021-07-09,406.4042044959093,409.5142706843359,404.6941297476529,409.2135925292969,76238600.0
2021-07-12,409.1290213300447,410.93306153821294,408.6968144150368,410.6793518066406,52889600.0
2021-07-13,409.8900906791253,411.3934527310656,409.0162717016352,409.27935791015625,52911300.0
2021-07-14,410.9799818157925,411.4685909161108,408.64039298286,409.8900451660156,64130400.0
2021-07-15,408.54645535264586,409.22296681332864,406.5826996884717,408.4900817871094,55126400.0
2021-07-16,409.67394399277407,409.7209124013847,404.89139582198015,405.2860107421875,75874700.0
2021-07-19,400.4471526449849,405.3518538666455,396.4820491387823,399.30084228515625,147987000.0
2021-07-20,399.96790941735486,406.3008168970858,399.1692457026754,405.02294921875,99608200.0
2021-07-21,406.2256517266708,408.4431171303983,404.9759994467922,408.3021545410156,64724400.0
2021-07-22,408.48062363685614,409.40143954489,407.4940576937237,409.1571350097656,47878500.0
2021-07-23,411.0927686525652,413.7048490688412,410.4068806943092,413.3666076660156,63766600.0
2021-07-26,412.7746132950754,414.3907222902915,412.727644885463,414.3813171386719,43719200.0
2021-07-27,413.33843005163095,413.366616835825,409.6551944295432,412.4927978515625,67397100.0
2021-07-28,413.1222721053092,413.7048180381999,410.8954303476653,412.3236083984375,52472400.0
2021-07-29,413.2537770670333,415.114161755324,413.244371916328,414.03363037109375,47435300.0
2021-07-30,411.4592154045569,413.4793446420124,411.32765796830415,412.0229797363281,68951200.0
2021-08-02,413.74243239731,414.2967915787936,410.80148711775246,411.1585388183594,58783300.0
2021-08-03,411.9572078453096,414.62566180738776,409.7585527217856,414.5035095214844,58053900.0
2021-08-04,413.2162357099742,414.4752930662552,412.2296696893361,412.4645690917969,46732200.0
2021-08-05,413.6296413592664,415.1611899786431,413.31018162796113,415.0766296386719,38969700.0
2021-08-06,415.3960840718297,416.18534257573646,415.11418760127896,415.7625122070313,46930000.0
2021-08-09,415.73434047583487,416.0538002146291,414.653808985216,415.4242858886719,41222600.0
2021-08-10,415.87532235369696,416.6552044987499,415.1894343873146,415.9411010742188,43339300.0
2021-08-11,417.012231826999,417.0686053915082,415.88470318832685,416.9746398925781,44034300.0
2021-08-12,416.8243432652148,418.3652973166653,415.92233746699225,418.2243347167969,38909400.0
2021-08-13,418.6752683138319,419.0041331907484,418.1866879112004,418.9853515625,39470300.0
2021-08-16,417.6793338317378,420.1034831034583,416.1195983231061,419.9719543457031,73740000.0
2021-08-17,417.4068048926508,418.0833162731186,414.2215841205355,417.2189025878906,92673900.0
2021-08-18,416.20414359044753,417.77328419430097,412.4081899435472,412.6524658203125,89351900.0
2021-08-19,409.9181996630005,414.4940636710407,409.7772657698709,413.2913513183594,92812200.0
2021-08-20,413.6390398091952,416.9088209320755,413.1504307316215,416.5799560546875,72008700.0
2021-08-23,418.27131541425854,421.1558872339836,416.6552062239017,420.2444763183594,54973000.0
2021-08-24,420.9115905761719,421.4471681568653,420.3948233013429,420.9115905761719,38744700.0
2021-08-25,421.0995066942213,422.31156706123744,420.7236446811897,421.7947998046875,40529700.0
2021-08-26,421.5128715397554,421.74777094308087,419.2108745917117,419.3048400878906,57829600.0
2021-08-27,420.1128878373361,423.4296663250528,420.0565142734623,423.0538330078125,77235100.0
2021-08-30,423.7303434185079,425.703504172028,423.4860388594857,424.9142456054688,48357400.0
2021-08-31,424.82024545480607,425.1584868096362,423.683340446527,424.28466796875,59300200.0
2021-09-01,425.22429623742056,425.7410634582663,424.2752934663014,424.51019287109375,48721400.0
2021-09-02,425.9384669949634,426.6243550139611,424.6136307014119,425.8163146972656,42501000.0
2021-09-03,424.67935614944514,426.2296865370221,424.27530736753846,425.712890625,47170500.0
2021-09-07,425.3652624941409,425.4592279980526,423.5142538966394,424.1907653808594,51671500.0
2021-09-08,423.6551990825784,424.3880841041836,421.7477883217044,423.6739807128906,56181900.0
2021-09-09,423.4766742980476,425.233717323856,421.6162606196501,421.8605651855469,57970400.0
2021-09-10,423.7961151576544,424.21891687872017,418.4122105154685,418.5343627929688,89948200.0
2021-09-13,421.5411580929,421.8042443220271,417.28475265947947,419.6055603027344,83738600.0
2021-09-14,421.0525500096029,421.25926266690806,416.44852665062126,417.3411560058594,78197100.0
2021-09-15,417.7639286610175,421.32501200583664,416.6552102465529,420.8270263671875,78792200.0
2021-09-16,420.30078497254937,421.2779457838027,417.2000958380673,420.1598510742188,77786700.0
2021-09-17,419.38507550677497,419.8092317575897,415.70888206973706,416.0670776367188,118425000.0
2021-09-20,409.9212425851907,411.5048166227596,404.2467258014124,409.1294555664063,166445500.0
2021-09-21,411.4765682514919,412.7773715752907,408.21515342525714,408.7430114746094,92526100.0
2021-09-22,411.0241068459511,414.7756961285755,408.8561204801072,412.730224609375,102350100.0
2021-09-23,414.60594149043527,419.35669165274265,414.3702896001674,417.7448120117188,76396000.0
2021-09-24,416.1047109041707,419.149343878641,415.8879007953416,418.4329528808594,62094800.0
2021-09-27,417.3961586138472,418.5649830834851,416.5383820618651,417.2359313964844,61371100.0
2021-09-28,414.4551890406225,414.7851074945161,408.092586956221,408.8278198242188,130436300.0
2021-09-29,410.2134812439846,411.95731138665417,408.95039027329,409.5159606933594,82329200.0
2021-09-30,410.995797948249,411.702753721443,404.1713274228365,404.51068115234375,140506000.0
2021-10-01,406.24511136235,411.0052691446982,402.7103321875053,409.3179931640625,129240100.0
2021-10-04,408.1492774715863,409.054173126942,401.8903463372664,404.0395202636719,128570000.0
2021-10-05,405.5475654887487,410.4962563755631,404.74637188186426,408.2434387207031,90682500.0
2021-10-06,404.6332078979385,410.1474688443581,403.0025149434194,409.9400939941406,113032200.0
2021-10-07,413.2298202312821,416.33097897892,413.05072245970354,413.48431396484375,72437500.0
2021-10-08,414.2572733612104,414.6437459990725,412.0986935121197,412.730224609375,74557400.0
2021-10-12,410.6659754162395,411.0712898886133,407.9418249170345,408.7336120605469,71181200.0
2021-10-13,409.761044211489,411.02413525942126,406.7729934812761,410.2040710449219,72974000.0
2021-10-14,413.8802116046981,417.2547635679065,413.4089077144482,417.10394287109375,70236800.0
2021-10-15,419.2247406070854,420.6480873239112,418.6026161235608,420.2804565429688,66260200.0
2021-10-18,418.4895820363863,421.86410527039766,417.8297450763768,421.5247802734375,62213200.0
2021-10-19,423.1555078607133,424.842755117606,422.5427897754709,424.77679443359375,46996800.0
2021-10-20,425.23865361845753,426.7468318240217,425.1255452871089,426.4451904296875,49571600.0
2021-10-21,425.8419115155946,427.7836812643649,425.4083199861109,427.5574645996094,41305400.0
2021-10-22,427.12384568285273,428.5754696428719,425.1632054936649,427.1144104003906,58845100.0
2021-10-25,428.2078971538363,429.7349172832596,426.4263832582122,429.4049987792969,45214500.0
2021-10-26,430.960357300944,432.176300819604,429.41446648729857,429.79150390625,56075100.0
2021-10-27,430.2533142507114,430.922557691324,427.81193489095295,427.8873596191406,72438000.0
2021-10-28,429.3201484126634,432.0914176968122,429.3107418954437,432.0160217285156,51437900.0
2021-10-29,429.7066201419855,433.1848452815996,429.41441402054215,432.89263916015625,70162400.0
2021-11-01,433.8822959803756,434.2593620586386,431.9028429000094,433.6372375488281,48433600.0
2021-11-02,433.8070200734591,435.7016712064641,433.6750411563234,435.3905944824219,48908400.0
2021-11-03,434.824974662078,438.4540205123054,434.3819478372537,438.0487060546875,52509800.0
2021-11-04,438.652008090464,440.1978988878676,438.30324776244527,440.1130676269531,52847100.0
2021-11-05,442.3470010380783,443.638369161802,440.1224603683864,441.6400451660156,66390600.0
2021-11-08,442.7428857270056,443.24246669971006,441.3289740571507,442.0170593261719,50405200.0
2021-11-09,442.3846916739632,442.6203436197412,439.1421185987696,440.5560302734375,51149100.0
2021-11-10,438.8593747730552,440.5560862579335,435.52256350840406,437.0118713378906,69429700.0
2021-11-12,438.4257001711479,441.0084361308551,437.4736571643487,440.4523010253906,53466700.0
2021-11-15,441.74375614047045,441.90398336577135,439.4720677725637,440.6031799316406,46980500.0
2021-11-16,440.339195278399,443.4875016443956,440.26379931709175,442.3469543457031,48857500.0
2021-11-17,442.083089895888,442.2621876920173,440.6503362929629,441.2724609375,47858300.0
2021-11-18,442.3093732662432,443.0351998440244,439.5758157913373,442.7712707519531,50625600.0
2021-11-19,442.657958965768,443.9116432330203,441.6116782955716,441.9793090820313,57315600.0
2021-11-22,443.8645412849062,446.3624458670388,440.5277020654347,440.7350769042969,72762000.0
2021-11-23,440.4052188410492,442.1773261131567,437.79420558269936,441.3195495605469,73206500.0
2021-11-24,439.31172320953215,442.6202852974533,438.49165914885833,442.4977416992188,61858800.0
2021-11-26,435.8052762333552,437.2757420644132,431.4975517879364,432.6286926269531,112669600.0
2021-11-29,437.43599642318605,439.78308057442894,435.23029768476994,437.9355773925781,86268800.0
2021-11-30,435.4848874481755,437.3983804999548,429.1694024657504,429.41448974609375,148559600.0
2021-12-01,435.1455016825328,438.0016023173936,424.4468968317913,424.6448364257813,131939200.0
2021-12-02,424.8615656234055,432.722910142391,424.465657744763,431.1487426757813,127637800.0
2021-12-03,432.8172113357215,433.8823339250444,423.1554819403864,427.397216796875,137331600.0
2021-12-06,429.9516748417892,434.34423038044,427.5291660360214,432.4590148925781,98977500.0
2021-12-07,437.7564705046071,441.9699283158001,432.3270406361957,441.40435791015625,95484700.0
2021-12-08,441.80029512259415,443.02567377766377,440.03759434211855,442.5732116699219,72238800.0
2021-12-09,441.28185717622887,442.67692714355326,439.387234967476,439.5851745605469,61272600.0
2021-12-10,442.2998872884148,443.874026272797,439.7359928119884,443.7232055664063,77159800.0
2021-12-13,443.2048079952957,443.5535683135092,439.50977239360935,439.7925720214844,87724700.0
2021-12-14,436.5121993902541,439.010104059482,433.8351969554868,436.7666931152344,97264100.0
2021-12-15,436.82330023675024,443.8362754973497,434.2970895809456,443.5912170410156,116899300.0
2021-12-16,445.4481678837098,445.7309387127813,438.1240869835833,439.6794128417969,116568600.0
2021-12-17,436.5891072179885,439.60659254948297,433.2878576005608,434.9999694824219,135511600.0
2021-12-20,429.9014909487797,430.7717206952216,426.7421233842823,430.37445068359375,107134800.0
2021-12-21,433.80807275170514,438.1593076705926,431.6324697258457,438.0174255371094,69806300.0
2021-12-22,437.7620949346776,442.5106004481901,437.5634310546569,442.3970947265625,58890200.0
2021-12-23,443.3997624025647,446.6537277682901,443.2957251145635,445.1497192382813,56439700.0
2021-12-27,446.5307010758358,451.4967778304271,446.4834166536119,451.4494934082031,56808600.0
2021-12-28,451.8846036460607,452.91565229770765,450.3143740241347,451.08056640625,47274600.0
2021-12-29,451.1846635723899,452.6792035816923,450.181991278277,451.6576232910156,54503000.0
2021-12-30,452.083263571022,453.095404283241,449.9455053015741,450.4089965820313,55329000.0
2022-01-03,450.5413723302358,452.00756463480985,448.2238872560393,451.8751220703125,72668200.0
2022-01-04,453.30345283185306,454.0223607448496,449.8602926876768,451.7237548828125,71178700.0
2022-01-05,451.35491502576446,452.13057588020047,442.9551459366762,443.04974365234375,104538900.0
2022-01-06,442.5862910110763,445.3578282323568,440.2593082446205,442.6335754394531,86858900.0
2022-01-07,442.6429392786295,443.8253383803812,439.5213883297057,440.8835144042969,85111600.0
2022-01-10,437.6768993282456,440.5524733976893,431.90678546000674,440.3349304199219,119362000.0
2022-01-11,440.0700665321806,444.4402092800413,437.0620210810528,444.3456115722656,74303100.0
2022-01-12,446.086117009949,447.6090622228809,443.5794364260466,445.54693603515625,67605400.0
2022-01-13,446.6536743821532,447.30636106377136,438.3768798065865,439.4079284667969,91173100.0
2022-01-14,436.248582581367,439.9376625709824,435.0283384384738,439.5876770019531,95890900.0
2022-01-18,434.8770031364011,435.08510657220825,430.6865868583265,431.8027648925781,109709100.0
2022-01-19,433.3540622278281,434.7540044741665,427.04476708624,427.319091796875,109357600.0
2022-01-20,429.2109131132616,433.931041520804,420.4611589616414,422.5894775390625,122379700.0
2022-01-21,421.4637870445088,423.8285852162134,414.26535526607927,414.2937316894531,202271200.0
2022-01-24,408.6655338392634,416.5639661506676,398.005033203548,416.05316162109375,251783900.0
2022-01-25,409.6398524787366,415.9396791379404,404.0494653685355,410.9736022949219,167997300.0
2022-01-26,416.8856420829711,420.02610174271774,405.6670218319584,409.9425964355469,186391100.0
2022-01-27,414.5586155924304,417.7085142657729,406.22506858864034,407.9182434082031,149878300.0
2022-01-28,409.2803813325248,418.0963566867088,404.6832271039297,418.049072265625,164457400.0
2022-01-31,417.3774492101084,425.9285683081596,416.0247914532952,425.5785827636719,152251400.0
2022-02-01,426.3069376556783,429.097411363108,422.76920842520514,428.4541931152344,123155400.0
2022-02-02,430.86628479936365,433.3445889976843,428.548770732719,432.6162414550781,117361000.0
2022-02-03,426.5623872138765,428.4731341093042,421.6057496698084,422.4476318359375,118024400.0
2022-02-04,422.21116548081926,428.2934208063521,419.8274299173056,424.43408203125,118454400.0
2022-02-07,425.2002486311931,426.6001909007989,421.7381800825274,423.0719299316406,84472900.0
2022-02-08,422.5706349264903,427.479959514048,421.1422872227027,426.5529479980469,81012000.0
2022-02-09,430.6014195917351,433.1175685965065,430.4027846055387,432.79595947265625,92589900.0
2022-02-10,426.9312545906798,432.9567564943077,423.0151633217596,425.0205078125,140103700.0
2022-02-11,425.1056385655254,427.18664391321806,415.20186134997584,416.6396484375,153214600.0
2022-02-14,416.1288774138365,417.7180150863629,411.7965503726483,415.2775268554688,123006300.0
2022-02-15,419.7328762985204,422.1449595121164,419.2126032455674,421.9747009277344,88482700.0
2022-02-16,419.9220142047208,423.8286661491245,418.0396437380856,422.4476318359375,84863600.0
2022-02-17,419.2504207563761,422.4192566946621,412.81818002832114,413.4235534667969,102259100.0
2022-02-18,413.6789090102442,414.9369979489971,408.46691286548753,410.74658203125,132642900.0
2022-02-22,408.5331937704951,411.9479493682577,402.8292713744488,406.3386535644531,124391800.0
2022-02-23,409.2615268824227,409.8290843455233,398.5631798415869,399.1307373046875,132578000.0
2022-02-24,388.7917526788274,405.5723812250493,388.43232758179744,405.1372375488281,213942900.0
2022-02-25,406.376434848572,414.1613621952949,404.7210758363669,414.07623291015625,121804500.0
2022-02-28,408.665549734316,414.5018850268596,407.4074896569373,413.0167846679688,145615000.0
2022-03-01,411.5128212366377,413.5276343603908,404.0116577742562,406.7264709472656,137785900.0
2022-03-02,408.9871552603508,415.9396684351106,408.2304313077541,414.2086486816406,117726500.0
2022-03-03,416.6491311196768,417.254504541962,410.3398358407241,412.14654541015625,105501700.0
2022-03-04,408.4007052966077,409.9330901221698,404.7400017983939,408.7980041503906,113978200.0
2022-03-07,408.2114548095824,408.92089427144623,396.6806964467157,396.7469177246094,137896600.0
2022-03-08,396.9267271799458,404.1062525618698,392.67008952422367,393.7389831542969,164772700.0
2022-03-09,402.1481835320033,406.2818466497269,399.9536436179305,404.29541015625,116990800.0
2022-03-10,399.6698151473772,403.3683631013067,397.7023156906367,402.4697570800781,93972700.0
2022-03-11,404.9670575295323,405.5818994399163,396.84161237205296,397.3524169921875,95636300.0
2022-03-14,398.127973539518,401.59001264837735,393.303779511708,394.4483337402344,95729200.0
2022-03-15,397.0685900922245,403.7562474132384,395.7916219511084,403.12249755859375,106219100.0
2022-03-16,406.64130172019,412.118154221395,401.8265466066263,412.0614013671875,144954800.0
2022-03-17,410.1411573323763,417.2166442871094,409.7627953751919,417.2166442871094,102676900.0
2022-03-18,415.5998027190798,422.1089546797308,414.8596946396348,421.7863464355469,106345500.0
2022-03-21,421.6155341135983,423.6271083158259,418.1427105740209,421.6629943847656,88349800.0
2022-03-22,423.05782555472354,427.5364365955232,423.05782555472354,426.5970764160156,74650400.0
2022-03-23,424.054174178524,425.553357225726,421.0178166955982,421.1032104492188,79426100.0
2022-03-24,423.1337572990512,427.4605476512933,422.0141117598416,427.4510498046875,64736900.0
2022-03-25,428.0867920742761,429.8137206376512,425.4963992292135,429.5385437011719,77101300.0
2022-03-28,428.9407930883645,432.5939025878906,427.04307687633553,432.5939025878906,68529800.0
2022-03-29,436.4936220355808,438.4387981996176,433.7988689428911,437.94537353515625,86581500.0
2022-03-30,436.7973537508844,437.6133868108244,433.1252773732855,435.2412414550781,79666900.0
2022-03-31,434.4726297031008,435.29813157975457,428.086804553789,428.5422668457031,121699900.0
2022-04-01,430.1268450058837,430.26916792356127,426.1701231101965,429.7568054199219,89048800.0
2022-04-04,429.9560313211461,433.54271341244913,429.1305294920376,433.4383239746094,59601000.0
2022-04-05,431.939126638141,434.4156320427128,426.8152993870447,427.9634094238281,74214500.0
2022-04-06,424.0351838301639,425.9708333848193,420.790076589019,423.68408203125,106898000.0
2022-04-07,422.8016387112071,427.640820370861,420.8469935201735,425.8190002441406,78097200.0
2022-04-08,425.0598962746841,427.5838618920814,423.1337157978344,424.6803588867188,79272700.0
2022-04-11,421.3973501116836,422.2418477063847,416.9187677503184,417.4216613769531,89770500.0
2022-04-12,420.4199783284058,422.9534418596944,414.3188285059621,415.8749694824219,84363600.0
2022-04-13,415.6282453101172,421.3972888860872,415.4479599836638,420.6382141113281,74070400.0
2022-04-14,420.86594548757074,421.9856199112848,415.2961537775196,415.4005432128906,97869500.0
2022-04-15,420.86594548757074,421.9856199112848,415.2961537775196,415.4005432128906,97869500.0
2022-04-18,414.4706713145492,417.2603162227855,413.332030102549,415.57135009765625,66002500.0
2022-04-19,415.4669024532441,423.0008364279452,415.2961149824249,422.27972412109375,77821000.0
2022-04-20,424.06364137177405,424.6803932967964,420.7995674484736,421.9666442871094,65224400.0
2022-04-21,425.60084316349423,426.9956658037581,414.7459035993521,415.6567993164063,85417300.0
2022-04-22,414.5655465281797,415.6756941570096,403.6821442602448,404.25146484375,132471800.0
2022-04-25,402.0027147028392,406.76597183059135,397.4197139696294,406.5951843261719,119647700.0
2022-04-26,404.0522253657664,404.2515064124361,394.7913901520683,394.8198547363281,103996300.0
2022-04-27,395.9014975768421,401.2910329549323,393.7855627963593,395.9299621582031,122030000.0
2022-04-28,400.69325298442976,407.66736507678297,396.2431066472543,405.9309387207031,105449100.0
2022-04-29,401.92673399978656,404.0901289590842,390.1798679914565,390.9294738769531,145491100.0
2022-05-02,390.9959633529791,394.64907282128,384.3064963886446,393.28271484375,158312500.0
2022-05-03,393.7855489717306,397.5050559376166,392.2199101812944,395.0854797363281,100028200.0
2022-05-04,395.7497049845453,407.6863555366896,392.55205797111023,407.1170349121094,144247900.0
2022-05-05,402.8376368844943,403.2646345508752,388.5004069530426,392.64691162109375,172929100.0
2022-05-06,390.0755670157502,393.5863245784682,384.9802036999898,390.3032836914063,151770800.0
2022-05-09,384.3824341372997,385.62543597067287,376.22224843041454,377.8068542480469,155586100.0
2022-05-10,383.8035142558361,385.3121948088029,374.62807478065565,378.6796875,132497200.0
2022-05-11,377.71190234105785,383.37658562932586,371.9143650365518,372.6639709472656,142361000.0
2022-05-12,369.4568841023517,375.5580349064348,365.45270165002927,372.2749938964844,125090800.0
2022-05-13,376.4215044235309,382.5606177445396,375.3777546786815,381.17529296875,104174400.0
2022-05-16,379.5242405914911,383.31017481839024,377.2659538747973,379.6286010742188,78622400.0
2022-05-17,385.7391888919735,387.6748670554885,381.9911887211895,387.4376525878906,83029700.0
2022-05-18,382.86414689090776,383.1487926664534,370.5764260089453,371.8194274902344,117674500.0
2022-05-19,368.7451686144613,373.98288298423296,367.3123838565206,369.5422058105469,98510700.0
2022-05-20,373.138382819018,376.7250646538933,361.0784065769548,369.7035217285156,131432200.0
2022-05-23,372.7398124572106,377.3892390375753,370.41512812387145,376.6206665039063,76414900.0
2022-05-24,372.4836996470706,374.9412384284281,367.1700889774752,373.7456970214844,91448800.0
2022-05-25,372.2464195513246,379.0212784765752,371.8479154715119,377.0476379394531,91472900.0
2022-05-26,378.2812024273643,386.2231386417738,378.0724525251895,384.5816040039063,82168300.0
2022-05-27,387.0486543092304,394.1366244354948,386.8494022453567,394.0227661132813,84768700.0
2022-05-31,392.4002074826735,395.1613876894027,389.0602378053124,391.8119201660156,95937000.0
2022-06-01,393.9374053108898,394.95266140674994,386.11879536858646,388.6427612304688,86585800.0
2022-06-02,388.4815142256935,396.0913461194014,386.22322720889935,396.0439147949219,79609600.0
2022-06-03,391.3089902038216,392.8651310512936,388.56680594414985,389.5441284179688,71874300.0
2022-06-06,393.5673313620774,395.3037288108325,389.5536514825728,390.7302551269531,57508900.0
2022-06-07,387.2289205256619,394.9336421548613,386.7639604571099,394.4781799316406,59272400.0
2022-06-08,392.7607584707246,394.55411386892246,389.3923243809042,390.1893615722656,64350000.0
2022-06-09,388.4055491902739,390.6828027099809,380.9095764160156,380.9095764160156,86289800.0
2022-06-10,374.6850525131261,375.539018923671,369.81740632911726,369.8648376464844,132893900.0
2022-06-13,360.42368296422063,362.28343636021015,354.20864627859,355.8217163085937,170004900.0
2022-06-14,357.5771495518812,358.6114013157457,351.6372890983715,354.7495422363281,104011800.0
2022-06-15,358.0610216928037,364.26656078644334,353.0890153068255,359.80694580078125,125666800.0
2022-06-16,351.5613800602234,351.96938204270447,345.460201230786,347.8987731933594,134473300.0
2022-06-17,348.3152920555213,352.0032306713774,345.1324194424218,348.6488037109375,111113900.0
2022-06-21,354.3951412687327,358.8168459845613,354.3188884339103,357.425537109375,76811900.0
2022-06-22,353.1848911507089,360.9038480652857,352.7655877768449,356.7775573730469,90059400.0
2022-06-23,358.9216589541497,361.00860756659887,355.3480709955404,360.2748413085937,79292100.0
2022-06-24,363.4577121981464,371.7389089912618,363.4291246578567,371.7293701171875,98050300.0
2022-06-27,372.6538057621737,372.9492200917813,369.21364511264136,370.3095397949219,66009600.0
2022-06-28,371.872354190672,374.6645107225344,362.62866130813416,362.7430114746094,86548900.0
2022-06-29,363.29574686594935,364.286801041329,360.6179404700163,362.4476013183594,65676000.0
2022-06-30,358.5404645110338,362.7525464498455,355.0335903944629,359.5029602050781,112508300.0
2022-07-01,358.84543616792405,363.7436484326006,356.21526590396945,363.3052673339844,74839700.0
2022-07-05,358.197399099367,364.0104412734267,355.3575774256308,363.9913635253906,81438000.0
2022-07-06,364.1342575317376,367.7173839005978,361.7423560768026,365.22064208984375,70426200.0
2022-07-07,367.0027657050705,371.4911846715667,365.2397895803047,370.6907043457031,64525900.0
2022-07-08,369.0515185508626,372.2630069526186,367.5172722738607,370.38568115234375,72397800.0
2022-07-11,367.6983874150096,368.6703928823558,365.4589331166824,366.1546020507813,58366900.0
2022-07-12,365.6018346381297,367.9937652777005,361.1610528959377,362.91448974609375,62219200.0
2022-07-13,357.4540957624864,363.9532680138976,357.0347924506578,361.0086059570313,84224600.0
2022-07-14,356.0342257471146,361.2183137887282,353.58514853179514,360.1319580078125,89704800.0
2022-07-15,364.5536231626373,367.1266182327333,362.6381997127906,367.0122680664063,79060400.0
2022-07-18,370.1093469595716,370.78593810865794,362.75251969143335,363.9818420410156,63203600.0
2022-07-19,367.9175404264999,374.38812509860895,367.2600270043928,373.81634521484375,78506000.0
2022-07-20,374.0069718886808,377.618686452621,372.6347117135144,376.1987609863281,71843800.0
2022-07-21,375.6174984649812,380.0773298161558,373.20651865026207,380.0296936035156,64903900.0
2022-07-22,380.1534717718848,381.35417735040375,374.2737165666292,376.5036315917969,72197300.0
2022-07-25,377.1326458462782,377.8187758914489,374.71212748110185,376.9611206054688,53631500.0
2022-07-26,375.31251747797376,375.5221691455496,371.6055305018474,372.5013122558594,52946400.0
2022-07-27,375.80799416530095,383.9272039462675,375.51257991177977,382.17376708984375,82342100.0
2022-07-28,382.9838107617271,387.6628029165216,379.41973266149375,386.9671630859375,73966600.0
2022-07-29,388.4061300068698,393.5997563368219,387.6342373050366,392.6086730957031,87003700.0
2022-08-01,389.90222919861486,393.961834059431,389.18751167139686,391.4460144042969,69997500.0
2022-08-02,389.8736878063429,393.5711649045606,387.6818987628926,388.8635559082031,63435400.0
2022-08-03,390.9981480641734,396.125060100099,390.7122726681648,394.9529418945313,67820600.0
2022-08-04,394.87676168254734,395.5628918410747,393.0375617721677,394.6861877441406,45656600.0
2022-08-05,390.38827994527,394.6670466027406,390.3311048647374,394.01904296875,56814900.0
2022-08-08,395.7153680087928,397.9738712959136,392.45624248886287,393.5616760253906,53886100.0
2022-08-09,392.8279082108979,393.33297422227287,390.9219943442848,391.9988403320313,44931800.0
2022-08-10,399.079260699188,400.3752971125264,397.1161719530156,400.2323303222656,68665700.0
2022-08-11,403.0912008165285,404.9590171451064,399.4890251570347,400.2323303222656,59489700.0
2022-08-12,402.1763452052989,407.1126543031395,401.2233884335798,407.0078430175781,61694500.0
2022-08-15,404.7874081344015,409.2091411942346,404.7302330587942,408.68499755859375,54048300.0
2022-08-16,407.6082390501984,411.4200664046575,406.79821992098886,409.4855651855469,59289000.0
2022-08-17,405.87386175365134,409.294973408256,404.5683155020595,406.57904052734375,63563400.0
2022-08-18,406.7791382170342,408.4468126683968,405.4831308884467,407.7607116699219,49023200.0
2022-08-19,404.9876134524029,405.2544402076987,401.4044863824872,402.2812194824219,68016900.0
2022-08-22,397.43064705593497,397.6022013931033,392.9994034708054,393.90472412109375,77695600.0
2022-08-23,393.4758357704832,395.8773053899406,392.39898999121,392.9517211914063,49105200.0
2022-08-24,392.7230163851042,395.5818868105569,392.0369154016521,394.2096557617188,49177800.0
2022-08-25,395.70569792523617,399.8224775068638,394.6098036276728,399.77484130859375,50942300.0
2022-08-26,399.6605680087445,400.2037312847819,386.1857448401869,386.242919921875,103087000.0
2022-08-29,383.2792309230537,386.7479785011362,382.3262741371505,383.6889953613281,65370800.0
2022-08-30,384.8515572575619,385.0897964252239,377.3708415765896,379.4768676757813,85652400.0
2022-08-31,381.115991650528,382.3643626848254,376.456048197128,376.5894470214844,76029700.0
2022-09-01,374.4072123299688,378.11419917142905,371.69127962474215,377.7711486816406,78740100.0
2022-09-02,381.4494684514096,382.669251741782,371.967538604723,373.7876892089844,99632100.0
2022-09-06,374.6359445688764,375.5793625780909,370.1475257868744,372.37744140625,76637400.0
2022-09-07,372.0629905334641,379.8391230597622,371.8438290382599,379.0672302246094,70964200.0
2022-09-08,376.78958541975953,382.0022309523516,375.5793117281485,381.5448303222656,80821700.0
2022-09-09,383.7937705164396,388.3393925696906,383.5269438047842,387.4721984863281,76706900.0
2022-09-12,389.5497103488156,392.3609447639195,389.2447571690339,391.6366882324219,69256300.0
2022-09-13,382.9265935212206,384.1368671918231,373.482817832669,374.6072998046875,122947100.0
2022-09-14,375.912884639726,377.561510437167,372.720473419516,376.0367736816406,85023700.0
2022-09-15,374.473911020677,377.3327815354644,370.4905584164042,371.76751708984375,87633800.0
2022-09-16,367.5725640058656,369.59154848057193,365.63008718698416,368.9313049316406,103084800.0
2022-09-19,365.7736885415829,371.7923889160156,365.6971224730672,371.7923889160156,73278500.0
2022-09-20,368.4529468200879,369.4672282997592,364.75943675286993,367.5247802734375,77274900.0
2022-09-21,369.4576302203021,372.5196306127792,361.1041609544992,361.1137390136719,106746600.0
2022-09-22,360.3385855788934,361.98440540246816,357.3340248459854,358.08038330078125,89472600.0
2022-09-23,354.5974190369315,354.6357020723969,347.6218469958117,352.08087158203125,122346900.0
2022-09-26,350.6072445688274,354.24334411898207,347.373014644022,348.5978088378906,92581200.0
2022-09-27,352.14778414446056,354.42514263246454,345.3061598238864,347.7079162597656,108294100.0
2022-09-28,348.66480724606794,356.2432124213187,346.96157731312644,354.549560546875,110802200.0
2022-09-29,350.98995311103505,351.2770028154836,344.186612303056,347.1433410644531,112952300.0
2022-09-30,346.19604000195835,350.1287964039732,341.64135226905466,341.7752990722656,153711200.0
2022-10-03,345.5071167591556,352.65494737821973,343.7177718900961,350.7986145019531,89756500.0
2022-10-04,356.3388901479635,361.6973756271638,350.7603429439157,361.6686706542969,103602800.0
2022-10-05,357.2862230097623,363.0944101650707,354.9514544776004,360.8266296386719,88065700.0
2022-10-06,359.4200436718051,362.3863509600016,356.6068393173464,357.1044311523437,82333500.0
2022-10-07,353.0567985872474,357.190489539672,345.3731233499691,347.1433410644531,107789500.0
2022-10-11,342.7895929152904,347.37301498969447,340.3687094983833,342.3111572265625,92482800.0
2022-10-12,342.7226153717063,344.3014472178976,340.9332414645344,341.1820373535156,76991800.0
2022-10-13,334.1490155529715,351.65977770954976,333.096451291965,350.1861877441406,147254500.0
2022-10-14,352.6549207827784,354.2911917996768,341.5647854530019,342.2059020996094,123737000.0
2022-10-17,348.31079674902963,352.1095776923561,341.8710411766843,350.9996032714844,93168200.0
2022-10-18,358.9511733483431,359.2573792050148,351.6693668016211,355.1236877441406,97162900.0
2022-10-19,353.07600490663964,355.8126725772297,349.7843646155051,352.6071472167969,79746900.0
2022-10-20,352.1573276114291,356.5972242614072,348.8848150632648,349.6503295898437,88283100.0
2022-10-21,349.37290619784375,358.635415012312,347.8610621249689,358.1474304199219,131038400.0
2022-10-24,359.6784487928094,363.6685866686993,357.01831794034774,362.5299072265625,85436900.0
2022-10-25,362.4532830290649,368.6346633675463,362.33846314683217,368.3189086914063,78846300.0
2022-10-26,365.16123313746095,370.8641781012246,364.9028883902584,365.5439758300781,104087300.0
2022-10-27,366.548770429649,368.3955254058148,362.97005118304014,363.592041015625,81971800.0
2022-10-28,363.486758408299,372.7205621969107,363.3049504940016,372.24212646484375,100302000.0
2022-10-31,369.7733746190449,371.6488343281588,368.6442734105965,369.5532836914063,96631300.0
2022-11-01,373.313829651351,373.5530475062458,366.759254586953,367.9361877441406,85407600.0
2022-11-02,367.3429405262177,371.868952956704,358.59715073623875,358.702392578125,126990400.0
2022-11-03,355.44903329915525,358.0613028304703,352.88462486045256,355.0088806152344,87100100.0
2022-11-04,360.7405213668858,362.5298662303547,354.0424215006572,360.1185607910156,103505200.0
2022-11-07,361.4198817033071,364.15654904195054,359.3339090978177,363.5632934570313,68286900.0
2022-11-08,364.6732727169054,368.5103366644906,361.4294936112006,365.52490234375,84641100.0
2022-11-09,363.5441665136991,364.7020020044285,357.4967318827505,357.99432373046875,78495500.0
2022-11-10,371.31393196232233,378.0024828489434,369.0078976049732,377.6675720214844,141455800.0
2022-11-14,379.5525694554103,382.9207458842393,377.8014786416533,378.0789794921875,71903500.0
2022-11-15,383.8489311640371,384.9589054196068,377.47616455268087,381.30364990234375,93194500.0
2022-11-16,379.6674320185533,380.62430341627146,377.7632672815415,378.3948059082031,68508500.0
2022-11-17,373.6199962931831,377.9163687088292,373.3138196401911,377.2369689941406,74496300.0
2022-11-18,380.5859792858429,380.6529672847848,376.0887017230512,378.9497375488281,92922500.0
2022-11-21,377.6197605070804,378.7488618021571,375.7251445363085,377.5718994140625,51243200.0
2022-11-22,379.5238733518545,382.81551300299,378.107693296842,382.65283203125,60429000.0
2022-11-23,382.3179634847973,385.5521935507362,382.0883236888626,385.064208984375,68261600.0
2022-11-25,384.4995612015916,385.5329985034652,384.222089564338,384.9779968261719,30545400.0
2022-11-28,381.8778357555847,383.5236558705619,378.0694767496235,378.8349914550781,67881600.0
2022-11-29,378.9689080128027,380.16499726824185,376.3375116508364,378.1842956542969,52310000.0
2022-11-30,378.4330559976652,390.0973205566406,376.509764364217,390.0973205566406,144566700.0
2022-12-01,391.14030826651214,392.3172705907876,387.29369578444215,389.8102722167969,76398200.0
2022-12-02,384.90151055673,390.2695449532932,384.7962687221607,389.3605346679688,85342700.0
2022-12-05,386.52820609599246,387.465921360625,380.9974906810029,382.3562316894531,77289800.0
2022-12-06,382.1935716115177,382.7389660938728,374.7491135958186,376.8446350097656,77972200.0
2022-12-07,375.9930393761272,378.576603761954,375.0648729769194,376.20355224609375,65927900.0
2022-12-08,378.0981911058132,380.2224176484129,376.3088170014075,379.1507263183594,60737900.0
2022-12-09,377.906738656957,380.4711466315057,376.1939309211038,376.3183288574219,81447700.0
2022-12-12,377.1125524339295,381.7438354492188,376.4427600120724,381.7438354492188,75405800.0
2022-12-13,392.5277951739108,392.78613994486886,381.8586846786503,384.6336059570313,123782500.0
2022-12-14,384.2890854473316,388.0113289824772,379.2176790178847,382.1744079589844,108111300.0
2022-12-15,377.2943478348826,378.2033872647171,371.16082840278256,372.8257751464844,117705900.0
2022-12-16,370.2601535058197,371.6059190307072,366.28053050111725,368.4241333007813,119858000.0
2022-12-19,368.6163644403792,368.95281312475913,363.6273957458325,365.2999877929688,79878100.0
2022-12-20,364.5406106633448,367.4244062499485,363.21405999982943,365.79986572265625,74427200.0
2022-12-21,368.40491962893446,372.4037867255959,367.8666134174116,371.2695007324219,78167400.0
2022-12-22,368.2126968828108,371.25029904353386,360.2534206059007,365.9729614257813,100120900.0
2022-12-23,364.9443602601523,368.2222784083417,363.3871151892416,368.0780944824219,59857300.0
2022-12-27,367.9627291601254,368.30877056523445,364.9443422277344,366.6265563964844,51638200.0
2022-12-28,366.559282940557,368.5395164418001,361.8394961456738,362.0701904296875,70911500.0
2022-12-29,364.9251668394023,369.462340431566,364.3964532994833,368.5875854492188,66970900.0
2022-12-30,365.8961161204958,367.7609442126424,363.7716982316337,367.6167602539063,84022200.0
2023-01-03,369.481572187265,371.4617765380731,363.1948883409904,366.069091796875,74850700.0
2023-01-04,368.3376827734689,370.93311118520086,365.28086572711294,368.8952331542969,85934100.0
2023-01-05,366.9342023188302,367.04954946455626,364.08886516079207,364.6848449707031,76970500.0
2023-01-06,367.7896987322517,374.172514342468,364.7136674038188,373.0478210449219,104189600.0
2023-01-09,375.2492115932317,378.4502421621429,372.6538123234202,372.83642578125,73978100.0
2023-01-10,372.2500184786919,375.51831490424064,371.3079678453285,375.4510192871094,65358100.0
2023-01-11,377.0371345019458,380.2765941727516,376.22005305330094,380.1996765136719,68881100.0
2023-01-12,381.3051469866937,383.0546276640249,377.2197691667525,381.5838928222656,90157700.0
2023-01-13,378.3732297866976,383.6409740118004,378.1040766852975,383.064208984375,63903900.0
2023-01-17,383.0450378495243,384.7272522586673,381.6800281070607,382.3625183105469,62677300.0
2023-01-18,383.554478492644,384.6214688994839,376.12388712892096,376.3257446289063,99632300.0
2023-01-19,374.2782951082531,375.9316728273004,372.2596611662881,373.5862121582031,86958900.0
2023-01-20,374.9896030178039,380.69952130177495,373.3362255124201,380.5457153320313,91806400.0
2023-01-23,381.3532344202499,387.0535315568682,380.3919689603618,385.1117858886719,84178800.0
2023-01-24,383.4295479228715,385.61160982281007,382.2375882127455,384.6984252929688,59524900.0
2023-01-25,380.6130286416279,385.1790390730216,378.315590364586,384.8425903320313,84800300.0
2023-01-26,387.5149288042469,389.2356020993196,384.5350001709371,389.0721740722656,72287400.0
2023-01-27,388.0243192842186,392.35001274142974,387.8128397640022,389.966064453125,68346200.0
2023-01-30,387.1976608576454,389.4374254909292,384.7752828014121,385.0732727050781,74202000.0
2023-01-31,385.5924228407964,390.7832505139325,385.2463520169904,390.7351989746094,86811800.0
2023-02-01,389.51434727901096,397.64667374216685,386.7651422965744,394.8878173828125,101459200.0
2023-02-02,398.7905878170156,402.1069654976732,396.8873009181119,400.63623046875,101654500.0
2023-02-03,395.647206038585,400.81881836954,395.1665733585408,396.3777770996094,94736800.0
2023-02-06,393.91692329199503,395.3588212705136,392.2923825560251,393.9553527832031,60295300.0
2023-02-07,393.03252354568434,400.3573601589839,391.7828904374817,399.1077270507813,90990700.0
2023-02-08,397.1275091219409,398.47327457670247,394.0514486520687,394.7435607910156,76227500.0
2023-02-09,398.35800306222177,398.5118090484608,390.0911146487058,391.321533203125,78694900.0
2023-02-10,390.13916034833926,392.6192415030363,389.3221082284389,392.2347412109375,70769700.0
2023-02-13,392.8883857479932,396.9737635969899,392.4269678066237,396.8391723632813,64913500.0
2023-02-14,395.3107297793623,398.9731481995332,392.6864943036978,396.6565246582031,88389300.0
2023-02-15,394.4552129407061,398.0214989103764,393.6092948018598,397.9446105957031,61555700.0
2023-02-16,392.9556783094092,396.9160869350225,392.3308616868133,392.4654235839844,76431500.0
2023-02-17,390.3313637684741,391.725210110528,388.39921123505167,391.4848937988281,89257800.0
2023-02-21,387.4476027187317,388.5050004519839,383.37184709473024,383.6313781738281,82655900.0
2023-02-22,384.0447434887899,385.59239604305503,381.6415799797693,383.1027221679688,83742300.0
2023-02-23,386.005727465885,386.6209513962091,380.9014105944118,385.1405944824219,96242400.0
2023-02-24,380.1035606580243,381.8626633550396,378.39250949469886,381.0263671875,108194400.0
2023-02-27,384.3811893735747,385.7461991441104,381.38204603041686,382.3240966796875,80444700.0
2023-02-28,381.8434392898417,383.8140214908837,380.8052563009639,380.9110107421875,96438600.0
2023-03-01,380.0938897159903,381.3243080421548,378.1425224642881,379.4498291015625,99706800.0
2023-03-02,377.4696443451899,383.2468580842527,377.1331956289913,382.4009399414063,85127800.0
2023-03-03,384.2273043085922,388.7837212979694,383.5736510140776,388.5337829589844,90120000.0
2023-03-06,389.3604994840909,391.66755968109305,388.3608046899115,388.802978515625,72795900.0
2023-03-07,388.7549759968016,388.9952923529964,382.2279755486132,382.8431701660156,108310600.0
2023-03-08,382.95851759749536,384.2273655669412,381.228222362903,383.4679870605469,74746600.0
2023-03-09,384.25614779204574,385.9287692148654,375.40290337271455,376.39300537109375,111945300.0
2023-03-10,375.8451909625842,377.93115001910456,369.43356646272906,370.96197509765625,189253000.0
2023-03-13,367.0207168016272,375.2683898395796,365.9056454879313,370.4331970214844,157790000.0
2023-03-14,375.3741515115561,378.2098962725371,372.057774034171,376.5565185546875,149752400.0
2023-03-15,370.9427111182641,374.4032430136639,368.8471302974384,374.2013854980469,172996900.0
2023-03-16,371.83665113455567,381.1128554311192,371.3271816979503,380.7667846679688,143254200.0
2023-03-17,379.4313224007107,380.5699373745293,374.9250679756725,376.3145751953125,140553400.0
2023-03-20,377.096197140022,380.34804947070256,376.3918141631783,379.93310546875,93055800.0
2023-03-21,383.3103612761474,385.4042809504184,381.7085673503459,384.92181396484375,91524200.0
2023-03-22,384.7481168502928,388.3762484060382,378.3216533371149,378.3602294921875,111746600.0
2023-03-23,381.2358051510508,385.28854009810937,376.66202699883297,379.3831481933594,119351300.0
2023-03-24,378.0997544786836,381.9594906772583,375.745313041757,381.8726501464844,107682400.0
2023-03-27,384.1595170439499,384.93148190774815,381.6892883746926,382.586669921875,74010400.0
2023-03-28,381.8919580974175,382.5867118272092,379.88490812660376,381.7279357910156,62871700.0
2023-03-29,385.9060563665928,387.5175091402753,384.69988883904426,387.2762756347656,77497900.0
2023-03-30,389.9201626937426,390.1710549480257,387.67187951037874,389.5438537597656,69840000.0
2023-03-31,390.4702141593181,395.3334899911043,390.3640561017006,395.0343627929688,112062600.0
2023-04-03,394.5132446662317,396.9448675779732,394.11761821973766,396.5396118164063,67391100.0
2023-04-04,397.1861987806899,397.4756967004807,392.9597823998485,394.3396606445313,66601500.0
2023-04-05,393.60622556838814,394.3685316622369,391.6474107556744,393.3070983886719,65200200.0
2023-04-06,392.5061555770095,395.12114767265496,391.4543811498551,394.84130859375,63743300.0
2023-04-07,392.5061555770095,395.12114767265496,391.4543811498551,394.84130859375,63743300.0
2023-04-10,392.3517801746106,395.3237932379976,391.7342377578668,395.24658203125,63681000.0
2023-04-11,395.8738863972432,396.7616093080642,394.5808781941237,395.3528137207031,59297900.0
2023-04-12,397.4274190026867,397.7169169127743,393.15276783554935,393.7413635253906,86420400.0
2023-04-13,394.8316774369353,399.3282733011196,393.68340364910426,398.9712524414063,85814800.0
2023-04-14,398.33443692050383,400.5344854544586,395.6808681891024,397.9967041015625,78161500.0
2023-04-17,397.90982075343015,399.444062248447,396.67470643651706,399.4247741699219,66436400.0
2023-04-18,401.0072269804307,401.142331864498,398.3054237735474,399.6852722167969,63560000.0
2023-04-19,397.7651722882593,400.5248699320839,397.7072785927563,399.6178588867188,55227300.0
2023-04-20,396.79052346430586,399.1932292791825,395.8834830992031,397.4370422363281,75840400.0
2023-04-21,397.73616032830944,398.2089685800001,395.7870041880718,397.7458190917969,73457400.0
2023-04-24,397.5431336957735,398.5852788656045,396.2018908008796,398.1607055664063,64332100.0
2023-04-25,396.182596147338,396.7422743683408,391.7824993811231,391.8403930664063,97766700.0
2023-04-26,392.4580155035605,393.53873703125976,389.6211067696234,390.1807556152344,80447000.0
2023-04-27,392.7281590569557,398.2186361671352,392.47726678032,397.9484558105469,92968400.0
2023-04-28,397.0607219935082,401.354690502432,397.0028283035073,401.3450317382813,89433100.0
2023-05-01,400.9011832079652,402.9757856930015,400.70818460344674,400.9397888183594,62122300.0
2023-05-02,400.225685952394,400.2739503234408,393.5194119627244,396.4335021972656,103998500.0
2023-05-03,396.9352787160303,399.3572727392138,393.4711688178537,393.71240234375,91531800.0
2023-05-04,392.6605754309364,392.9886494487858,389.5824336944863,390.9237060546875,94901900.0
2023-05-05,394.5711500488338,399.2124800515957,394.3106284800999,398.1607055664063,87891800.0
2023-05-08,398.4888216565436,398.74934325278616,396.8580807323069,398.2668762207031,50046800.0
2023-05-09,396.71335381997807,397.6396822933551,396.2887804681279,396.5203552246094,49220100.0
2023-05-10,399.3668666271847,400.0037265657887,394.5325381303641,398.37298583984375,96142900.0
2023-05-11,397.5046026258841,397.9677521339432,395.5940225627873,397.6782836914063,70157100.0
2023-05-12,398.9231031265776,399.1353898248603,394.7256335385764,397.1572570800781,70481500.0
2023-05-15,397.7650986721773,398.9326605786748,395.8448894159821,398.52740478515625,54289400.0
2023-05-16,397.417726473918,398.34408437055214,395.8545380135922,395.86419677734375,57705500.0
2023-05-17,397.8905713366959,401.2774699124527,396.240542315304,400.6695861816406,87287000.0
2023-05-18,400.3510859057206,404.9538396469122,400.12916994583713,404.5292663574219,97177200.0
2023-05-19,405.4363698547904,405.9670718257059,402.715248651571,403.9407043457031,103793300.0
2023-05-22,403.9599716044401,405.648606053064,402.7151985370263,404.1047058105469,60745400.0
2023-05-23,402.454662297957,404.0371682026997,399.1738925667831,399.5695190429688,86383500.0
2023-05-24,397.9581224571478,398.3440901959979,395.5071816719006,396.67474365234375,89213700.0
2023-05-25,400.1967038045329,401.5669229937081,397.94842061968114,400.10986328125,90961600.0
2023-05-26,400.7660221606442,406.0152654358038,400.6888403981192,405.2915649414063,93830000.0
2023-05-30,407.23111777674455,407.76181972765335,404.0564764926679,405.4459838867188,72216000.0
2023-05-31,403.6125463412608,404.5195865536788,401.62478488360745,403.1976318359375,110811800.0
2023-06-01,403.4292886743903,408.0899368025651,402.1748861409727,407.0285034179688,88865000.0
2023-06-02,409.6145242472178,413.7058353960196,409.0838222727568,412.9146118164063,91426200.0
2023-06-05,413.26193659754,414.5549446371605,411.4189091048681,412.1233215332031,65460200.0
2023-06-06,411.7084860997642,413.5514844991804,411.05230846684015,413.0207824707031,64022200.0
2023-06-07,413.416360399151,414.5549755483885,411.1680474977833,411.5926208496094,85373300.0
2023-06-08,411.6601290941159,414.53564295041497,410.88819369048633,414.0821228027344,61952800.0
2023-06-09,414.88305848527847,416.84187353554825,413.8312838471978,414.8251647949219,85742800.0
2023-06-12,415.80933294952047,418.6655290743698,415.0856325178986,418.58831787109375,76104300.0
2023-06-13,420.0550450473256,421.9945422203873,419.38923828050775,421.3480529785156,95899700.0
2023-06-14,421.6858312205728,423.6639342094121,418.3857438705528,421.849853515625,100612100.0
2023-06-15,421.0296483104209,428.3342059147727,420.9331784663069,427.0798034667969,110303100.0
2023-06-16,429.072983957888,429.6444062311506,425.1504965071728,425.62506103515625,114165800.0
2023-06-20,423.6783584670495,424.5693787855225,421.3345310858184,423.4168395996094,76160400.0
2023-06-21,422.4289690630937,423.2328262923549,420.65656392245774,421.2473754882813,76982300.0
2023-06-22,420.2885094450029,422.8744366393495,419.9495221436889,422.7679138183594,70637200.0
2023-06-23,419.3006544152612,421.36360329009193,418.8551442371661,419.5718383789063,92074500.0
2023-06-26,419.0004190637524,420.927761192056,417.6154448665978,417.8575744628906,72823600.0
2023-06-27,418.7389427456429,423.0585266017533,418.2837379082009,422.4386901855469,72813700.0
2023-06-28,421.35389281031,423.6686658346734,420.7340564410632,422.6517333984375,75636000.0
2023-06-29,422.23525734843753,424.4822270447215,421.8284961877175,424.3175659179688,67882300.0
2023-06-30,427.5427284266672,430.3126766273395,427.2231008300768,429.3247985839844,104964000.0
2023-07-03,428.9761498891222,430.099605137091,428.6952712987132,429.8187561035156,32793400.0
2023-07-05,427.9980022271676,429.9156794454101,427.9883075842431,429.1795959472656,58418400.0
2023-07-06,425.5864126742204,426.24499816119686,423.3006936425201,425.81884765625,80658300.0
2023-07-07,424.8212419223924,428.705010268812,424.50161428998615,424.7437438964844,86134200.0
2023-07-10,424.38542963444337,425.9931738927722,423.814007265728,425.81884765625,62443500.0
2023-07-11,426.5839377782571,429.02459348677553,425.605724743693,428.5306396484375,64463800.0
2023-07-12,432.3369533046365,433.3926348395561,430.9035353972256,431.97857666015625,91924500.0
2023-07-13,433.7993908987461,436.2013272013842,433.36357534737226,435.4071350097656,72425200.0
2023-07-14,436.2981897406341,437.15046112495,434.3708179806255,435.1359558105469,69815800.0
2023-07-17,434.9906011215285,437.7024403661905,434.9421574755122,436.6467590332031,52680200.0
2023-07-18,436.3175222997564,440.5402481729128,435.881677213904,439.891357421875,80668200.0
2023-07-19,440.68560802842114,442.06088773375006,439.8139177410891,440.86962890625,65891700.0
2023-07-20,439.8720128195456,440.7727278339868,437.2279469585864,437.9446411132813,70591600.0
2023-07-21,439.6686026755085,439.8720128195456,437.9349760279717,437.9446411132813,71275600.0
2023-07-24,439.0971447390394,440.7145833337671,438.0608230459974,439.9010314941406,54023400.0
2023-07-25,439.6298525277362,442.36105174998073,439.5814088772274,441.10198974609375,55191200.0
2023-07-26,440.162593348024,442.6032492691783,439.1069117550979,441.16986083984375,71052900.0
2023-07-27,444.5693588126345,444.9761495945824,437.3345243119552,438.2449340820313,92194400.0
2023-07-28,441.5281330696249,443.3683119521668,438.2448418026871,442.535400390625,80011800.0
2023-07-31,443.0099795402013,443.7363682986347,441.6927792220216,443.3780212402344,62040400.0
2023-08-01,441.9058428017626,442.8550013949116,441.1503996951611,442.1092529296875,55291500.0
2023-08-02,438.9809092594777,439.24239855393273,435.2036938887438,435.9591369628906,93933400.0
2023-08-03,433.9349749655594,436.598400459704,433.2860546583424,434.7097778320313,64276100.0
2023-08-04,436.5306547369659,438.6420179502762,432.2207356362788,432.7437438964844,100128900.0
2023-08-07,434.5838678086736,436.6758710264232,433.8865334027571,436.5209045410156,58357500.0
2023-08-08,433.9736993143693,436.5112422778829,431.2521650523819,434.6226196289063,71361300.0
2023-08-09,434.89381066417457,435.0584717951736,430.95193373062347,431.7170715332031,78789600.0
2023-08-10,434.0802298731548,437.47973864760297,430.7001103815545,431.87200927734375,93005500.0
2023-08-11,429.9930441556667,432.6371095910836,429.3925675760147,431.6201477050781,68690900.0
2023-08-14,430.70015528144,434.0027770996094,430.390222291899,434.0027770996094,47867400.0
2023-08-15,432.2206495339264,432.579026131367,428.37563071458953,428.9470825195313,75707500.0
2023-08-16,428.5306378687395,430.1964906791122,425.6928860842807,425.7994384765625,80107200.0
2023-08-17,427.2715501449695,427.53303945369214,422.0318624311896,422.5548706054688,95711300.0
2023-08-18,419.7268030238674,423.79459201752337,419.3781505964978,422.7582702636719,98852000.0
2023-08-21,423.7751939680903,426.2545985897725,421.6154169550539,425.50885009765625,68719000.0
2023-08-22,427.29093275792906,427.29093275792906,423.7945955855288,424.3563232421875,64994200.0
2023-08-23,425.4216740348195,429.70253803409815,425.2764021975119,429.0826721191406,68441000.0
2023-08-24,430.6904174605944,431.2037309919438,423.1069024037369,423.135986328125,88517300.0
2023-08-25,424.8696216104319,427.4071349519244,421.30548118508113,426.1190185546875,102325100.0
2023-08-28,428.3175185656564,429.4410033274448,426.1189926906175,428.8211669921875,61595400.0
2023-08-29,428.714650312358,435.3005929585144,428.5306294576213,435.0197143554688,83081900.0
2023-08-30,435.3587153203285,437.4507186105633,434.6516862480655,436.8114929199219,69053900.0
2023-08-31,437.4313032327457,438.5741477826128,435.9882203614193,436.1722412109375,66084600.0
2023-09-01,438.90351700653866,439.38777622934856,435.5233675326761,436.98583984375,58944100.0
2023-09-05,436.540311007373,436.8599090757818,435.0294246612231,435.0971984863281,55166200.0
2023-09-06,434.2836040318296,434.39015641541886,429.8381085384193,432.1722412109375,70758500.0
2023-09-07,429.1601559057676,431.5233430664757,428.81150348377855,430.8453979492188,70355400.0
2023-09-08,430.8937860779607,433.03420324663375,430.5354390357885,431.4942626953125,61659700.0
2023-09-11,434.1286516350834,434.64196517344953,432.41438481227607,434.3320617675781,60180100.0
2023-09-12,432.8793228968955,434.4095690069945,431.3684365148808,431.9495239257813,67565400.0
2023-09-13,432.1722769087327,433.6153598507793,431.06815175751416,432.4531555175781,60199300.0
2023-09-14,434.9325174470925,436.8792191196856,433.62501183862486,436.181884765625,83430800.0
2023-09-15,434.5908789178783,434.9213331435618,430.48931345860746,430.9266662597656,111848900.0
2023-09-18,430.6156740831818,432.4818018322225,430.13943555280594,431.1794128417969,55752200.0
2023-09-19,430.2560299141037,430.8489254828746,427.5929384264587,430.2851867675781,66514600.0
2023-09-20,431.54869078908297,431.96661554798703,426.1252791165085,426.3294067382813,82562600.0
2023-09-21,423.47193386836017,423.7343455427682,419.12738484772433,419.2828979492188,104095800.0
2023-09-22,420.31317519118926,421.9168615227911,417.9221944600517,418.3401489257813,100829700.0
2023-09-25,417.1251866864549,420.13816022736,416.6878042505996,420.0993041992188,70874500.0
2023-09-26,417.0474533249522,417.7569763279254,413.09167201085535,413.9275512695313,96168400.0
2023-09-27,415.1035938461481,415.66733259102807,410.4383190788538,414.0927734375,104705800.0
2023-09-28,413.53877864718345,418.1748963964089,412.94588306815257,416.4934387207031,92258300.0
2023-09-29,419.555013243988,419.729954349745,413.9566605710454,415.4826049804688,115111300.0
2023-10-02,414.6467455474316,416.5711867855962,412.5473631951858,415.3173828125,83798600.0
2023-10-03,413.1305182978698,415.3756848487803,408.3874727087479,409.7579040527344,103760600.0
2023-10-04,410.2244531415493,413.490139235064,408.7568223703676,412.7417602539063,87453000.0
2023-10-05,412.4501575928168,413.4318210422045,409.34971346962845,412.5862426757813,70142700.0
2023-10-06,410.1272800819624,419.0302053529861,408.795734309722,417.4848327636719,113273300.0
2023-10-10,420.7894114868797,424.94929081738496,420.3909147004576,422.3445129394531,78607300.0
2023-10-11,423.4136764375653,424.3272678309944,421.022695553038,424.0745849609375,62451700.0
2023-10-12,424.6869009279122,425.0659400566885,419.1274329708011,421.4892272949219,81154200.0
2023-10-13,422.9957010478843,424.2009202698343,417.8153020428582,419.3898315429688,95143100.0
2023-10-16,421.644702543734,424.8715327429623,421.4017188780287,423.8023986816406,75433200.0
2023-10-17,420.6630568894623,425.8434854722914,420.313174633327,423.782958984375,75324700.0
2023-10-18,422.004296810028,422.96650259633606,417.0474242949097,418.135986328125,93559800.0
2023-10-19,418.8553225729364,420.67283594068886,413.7818216257352,414.462158203125,121323000.0
2023-10-20,414.024777439766,414.5690585294509,409.2622734133817,409.36920166015625,123919900.0
2023-10-23,407.8334566048746,412.5376460937697,406.0742573805063,408.65960693359375,92035100.0
2023-10-24,410.7882463707725,412.89735798428967,408.9318473023939,411.7407531738281,78564200.0
2023-10-25,410.0494904510059,410.0786473016962,405.316144174292,405.8312683105469,94223200.0
2023-10-26,404.7622182339897,405.6174958558433,400.0483290003127,400.9716491699219,115156800.0
2023-10-27,402.5656138725483,402.9641106372074,397.7253686517892,399.1541137695313,107367700.0
2023-10-30,401.9533043501809,404.9857358094935,400.65091543681416,403.9263305664063,86562700.0
2023-10-31,404.4997771668724,406.7838296488316,402.5850646174548,406.4631042480469,79665200.0
2023-11-01,407.4349966652151,411.6143035857107,406.9004148379302,410.7978820800781,98068100.0
2023-11-02,414.6078535256142,418.8260758413125,414.5884255113766,418.6705627441406,94938900.0
2023-11-03,420.9838084956757,424.0453968560964,420.8574522394109,422.49029541015625,100167800.0
2023-11-06,423.2483314198519,423.9092397823002,421.5085603041799,423.462158203125,67831700.0
2023-11-07,423.462169040648,425.3088387646738,422.3152933833265,424.6673583984375,64256100.0
2023-11-08,425.2699926017036,425.7948456157836,422.66521486841896,424.9784240722656,61746000.0
2023-11-09,426.1253308443145,426.1642165380997,421.2365004043783,421.6641540527344,83174400.0
2023-11-13,426.9028884941221,428.943927633025,426.1156237608668,427.8359375,52236100.0
2023-11-14,433.7938644872594,437.4288904558255,433.5703088478159,436.13623046875,97176900.0
2023-11-15,437.4774950971813,438.7118710971311,436.2042630668601,437.0595703125,77327600.0
2023-11-16,436.6124527945321,437.91484157115,435.5433188253415,437.5941162109375,66665800.0
2023-11-17,437.6038154016392,438.7507207474031,436.6804953481496,438.1383972167969,83133200.0
2023-11-20,437.885690142899,442.3565951941878,437.87596130543926,441.5110168457031,69936200.0
2023-11-21,440.4613270503416,441.3846768102291,439.27556561921335,440.5487976074219,49244600.0
2023-11-22,442.2108693090085,443.57157198394486,441.1514640241976,442.2497253417969,59394900.0
2023-11-24,442.2983550934631,442.7162799185215,441.96790083682896,442.5218811035156,29737400.0
2023-11-27,441.8900963185872,442.70651789043535,441.33608643233896,441.7248840332031,50506000.0
2023-11-28,441.3361115057573,443.4646509487185,440.7724024102266,442.1622619628906,62115000.0
2023-11-29,444.3199186012006,445.4570951907533,441.45272918496346,441.8511962890625,63146000.0
2023-11-30,442.6968096233848,443.9408848017652,440.6168552136203,443.5909729003906,79752700.0
2023-12-01,442.9786509211559,446.7497621614447,442.385785013724,446.2152099609375,89183400.0
2023-12-04,442.813428053356,446.2346273092226,441.5887809150275,443.8728332519531,72430900.0
2023-12-05,442.482980993305,444.74757569096187,442.1039122401313,443.7853698730469,69793500.0
2023-12-06,445.93339430944985,445.9625511664237,441.5596877967964,441.9970703125,69124700.0
2023-12-07,444.0866984690036,446.0208390789402,443.48410368567227,445.3696594238281,66995400.0
2023-12-08,444.6212111977086,447.81888446185815,444.3782275382068,447.2843322753906,83194400.0
2023-12-11,446.78867090966605,449.1990796776143,446.5748440862102,449.0241088867188,65002200.0
2023-12-12,448.67421029484495,451.17208953676845,447.6731187626275,451.0748901367188,68327600.0
2023-12-13,451.4538906419632,457.54793953708713,451.0942795875064,457.2952270507813,93278000.0
2023-12-14,459.2391168995005,460.4346071833905,456.0803293229431,458.7628784179688,119026000.0
2023-12-15,458.1636814623305,459.3445120086127,456.1533807426548,458.0075378417969,141553700.0
2023-12-18,459.617724843022,461.5694752957874,458.5540244200266,460.5838317871094,70375300.0
2023-12-19,461.1303131602408,463.4626692141181,461.052256247002,463.3845825195313,55761800.0
2023-12-20,462.5258193754007,464.4190197192671,456.5339609015259,456.9633483886719,102921000.0
2023-12-21,459.959260046536,461.5694780045962,457.5293402486141,461.2962341308594,86667500.0
2023-12-22,462.4282836410501,463.9116332478234,460.3204190717401,462.2233581542969,67160400.0
2023-12-26,462.6331790630877,465.0826056476979,462.5550923668575,464.175048828125,55387000.0
2023-12-27,463.9701191064298,465.1606880715421,463.4333996455085,465.0143127441406,68000300.0
2023-12-28,465.3753906024884,466.02921033768064,464.7703527169018,465.1899719238281,77158100.0
2023-12-29,464.9948179571429,465.5217989644832,461.8817733288709,463.8432922363281,122283100.0
2024-01-02,460.7692671751978,462.2428483505155,459.1395423842336,461.2474365234375,123623700.0
2024-01-03,459.0810414524289,459.8227162609005,456.8755833757596,457.4806213378906,103585900.0
2024-01-04,457.0023705654277,459.59820232067887,455.7825264951791,456.0069885253906,84232200.0
2024-01-05,456.2119732659371,459.0908175583114,455.1775477424715,456.6316223144531,86118900.0
2024-01-08,457.1292574663028,463.29679648061466,457.0023889128876,463.1504211425781,74879100.0
2024-01-09,460.4862655726299,463.4724415596584,459.9788211461516,462.4477844238281,65931400.0
2024-01-10,462.7210460536215,465.9316842003945,462.4380338715852,465.0631408691406,67310600.0
2024-01-11,466.0682912006048,466.5855039297226,460.8668888410367,464.8582153320313,77940700.0
2024-01-12,466.312225160829,467.053899879707,463.7652050573389,465.1802062988281,58026400.0
2024-01-16,463.79452868780845,465.1119365861264,461.6475910038012,463.4724731445313,85014900.0
2024-01-17,460.437486104456,461.3840863262476,458.5345173779487,460.8961486816406,68843900.0
2024-01-18,462.5746299698475,465.5510375259721,461.0229919189616,464.9947814941406,91856200.0
2024-01-19,466.1268212618448,471.07451607606174,465.0436139967293,470.79150390625,110834500.0
2024-01-22,472.3333529498303,473.5141535727233,471.1330157633766,471.786865234375,75844900.0
2024-01-23,472.333402154428,473.4068411336017,471.2404266096584,473.1628723144531,49945300.0
2024-01-24,476.0417469073494,476.97857889434994,473.1824393105692,473.6801452636719,81765000.0
2024-01-25,475.8172833950849,476.5296831119091,473.680143807316,476.2564392089844,72525000.0
2024-01-26,475.8270786456302,477.3201668036155,474.8024213969288,475.65142822265625,76641600.0
2024-01-29,475.963636023537,479.5646180000114,475.4171482779632,479.418212890625,61322800.0
2024-01-30,478.7253992976652,479.75982476451486,478.2862434868122,479.0474548339844,58618400.0
2024-01-31,476.8321663361625,477.2810606184533,471.2111152901412,471.2306518554688,126011100.0
2024-02-01,472.9384060014142,477.4274379067324,472.1284129026181,477.3981628417969,91891600.0
2024-02-02,477.8373244708508,484.08292030102734,477.4957621668845,482.4239501953125,99228200.0
2024-02-05,481.78966938702735,482.453257473618,478.4033807510974,480.6673889160156,75757100.0
2024-02-06,481.6140031321535,482.39472129899326,480.1794651432731,482.06292724609375,55918600.0
2024-02-07,484.31713376491945,486.5030847840718,483.4095471530847,486.0834655761719,70556500.0
2024-02-08,486.08349349833503,486.6787631370362,485.26376181906494,486.2981872558594,52343600.0
2024-02-09,486.805622459753,489.5478296216965,486.46406015452993,489.1087036132813,63979400.0
2024-02-12,489.0794006092278,491.3531767842972,488.1718140143117,488.89398193359375,56502300.0
2024-02-13,482.59961722906473,485.097855647228,478.8815346699486,482.1604614257813,113099200.0
2024-02-14,484.8051183794454,487.03011296285007,482.47276202236384,486.5421752929688,68387800.0
2024-02-15,487.2447879089923,490.0845886117762,486.7665887596598,489.899169921875,61683000.0
2024-02-16,489.5966725621618,490.7384300384019,486.7178283814998,487.4595031738281,75532900.0
2024-02-20,485.712680385879,486.386036759877,482.5215787127143,484.7758483886719,71736700.0
2024-02-21,483.4681704173984,485.3711094473026,481.6530268123209,485.2149658203125,59293400.0
2024-02-22,491.8508882985767,496.2227903053238,490.8847515615135,495.2566833496094,76402500.0
2024-02-23,496.98399282076,497.8232610473495,494.8663601420095,495.5982666015625,61321800.0
2024-02-26,496.03738103257336,496.4765368105967,493.65624302388784,493.7831115722656,50386700.0
2024-02-27,494.4759766991797,494.92487095326175,492.5730081429976,494.7004089355469,48854500.0
2024-02-28,493.1390137498183,494.6321016510109,492.7779446820202,494.0466003417969,56506600.0
2024-02-29,495.8129543697353,497.4426493891131,493.15857245054144,495.82269287109375,83924800.0
2024-03-01,496.70099741172936,500.906987591846,496.2911167013304,500.47760009765625,76844800.0
2024-03-04,499.6774721331723,501.79510491460894,499.648167283273,499.94091796875,49799300.0
2024-03-05,497.9305728239268,498.3794968768046,492.7291708996029,494.94439697265625,72855600.0
2024-03-06,498.2331114057753,499.7164608888025,496.1545220794044,497.4524230957031,68382400.0
2024-03-07,500.7606553023125,503.444312321391,497.5109739434722,502.3903503417969,58652100.0
2024-03-08,503.02473305199794,505.7180990051288,498.7991760778728,499.37493896484375,86532500.0
2024-03-11,498.1648377894375,499.53105726392937,496.2325939589306,498.9455261230469,62557200.0
2024-03-12,501.0632151047511,504.8983981189664,498.53567171677753,504.3128967285156,73114400.0
2024-03-13,504.6348509797468,504.8105013823562,502.078062515044,503.5223388671875,55104100.0
2024-03-14,504.4982357008347,504.6544091071824,499.4725135393552,502.5270080566406,110171800.0
2024-03-15,499.44831403821377,500.906906313764,497.4024012478183,499.0763244628906,107646300.0
2024-03-18,503.15838817484575,504.6071519631464,501.631295067572,502.04241943359375,88893300.0
2024-03-19,501.3473983051708,505.1161675164121,500.339095105816,504.8323059082031,60755300.0
2024-03-20,504.89109332775615,509.6387703610633,504.21564482581135,509.501708984375,69594600.0
2024-03-21,512.350388103231,513.0551727931278,510.90156443882734,511.18548583984375,60256100.0
2024-03-22,511.09725876770295,511.5867124011396,509.9812901440056,510.2162780761719,79070800.0
2024-03-25,508.8360683316894,509.9618357712417,508.65007353074856,508.8067321777344,48512100.0
2024-03-26,510.2358825265972,510.5785359636074,507.465617616324,507.866943359375,65463700.0
2024-03-27,510.7057822180554,512.174143263585,508.53257680183424,512.1349487304688,82999800.0
2024-03-28,512.1741097012416,513.5445440719409,511.7531867321709,512.0370483398438,96294900.0
2024-03-29,512.1741097012416,513.5445440719409,511.7531867321709,512.0370483398438,96294900.0
2024-04-01,512.7810279269447,513.3194149926431,509.9813076393445,511.1462097167969,62477500.0
2024-04-02,507.3088905453504,508.0332723605118,505.5860042023949,507.8962707519531,74230300.0
2024-04-03,506.7998374575912,509.9617485326801,506.750904044192,508.4541931152344,59155800.0
2024-04-04,512.4776415616462,512.8202352661735,501.9445879588344,502.248046875,96858100.0
2024-04-05,503.60867026854095,509.4625167939743,503.1681500346875,507.4949035644531,74546500.0
2024-04-08,508.1996997174732,509.2079430704707,506.9662670787009,507.7787170410156,48401800.0
2024-04-09,509.5212227680921,509.7659495801806,503.5009192916143,508.3661193847656,68049200.0
2024-04-10,502.6493028576708,505.2727672601493,501.2886671147105,503.27581787109375,82652800.0
2024-04-11,504.8029936767474,508.5228300890004,501.2789507067751,507.0740661621094,70099000.0
2024-04-12,503.52057224225,504.93999985889445,498.3421439610696,500.0748291015625,92561100.0
2024-04-15,504.2645375653604,504.4309350820484,492.9581399821633,493.809814453125,92101400.0
2024-04-16,494.28947313511503,495.8165661909258,491.6170453505055,492.9092102050781,73484000.0
2024-04-17,495.3760558913513,495.5424832864925,488.5922350793865,489.9920654296875,75910300.0
2024-04-18,491.3919594558385,493.49660444266914,488.04408292123793,488.98382568359375,74548100.0
2024-04-19,488.9055122549044,489.9039870442404,483.4431922557745,484.7157897949219,102212600.0
2024-04-22,487.3294466640699,491.78349315664354,484.98007493251976,489.1795959472656,67961000.0
2024-04-23,491.19613039401867,495.4152186955436,488.9935888497658,494.9844970703125,64633600.0
2024-04-24,495.8752490698958,496.6681615443303,492.5176044066608,494.74951171875,55928100.0
2024-04-25,488.6509678289955,493.6336026966789,486.9966120039557,492.87005615234375,69122400.0
2024-04-26,495.6697730082035,499.1253149704082,495.03348916650594,497.53948974609375,64306100.0
2024-04-29,499.33084917999474,499.976931619229,496.55075587636594,499.3014831542969,46415400.0
2024-04-30,497.8331346702943,498.8120420500729,491.3919372558594,491.3919372558594,77483600.0
2024-05-01,490.80459911500014,497.4709561479276,489.3264393749632,489.79632568359375,80242800.0
2024-05-02,493.516150718059,495.2194698771777,489.0131707855575,494.3775939941406,62550200.0
2024-05-03,500.3782914621552,501.73895716286734,497.83312634253,500.5055541992188,72756700.0
2024-05-06,502.9136379933652,505.7132986021477,502.4731177477603,505.6741638183594,47264700.0
2024-05-07,506.6432715629709,507.6319775185714,505.5566987742017,506.2321472167969,52561300.0
2024-05-08,504.3918133863561,506.8194845079021,504.2743492835563,506.2810974121094,42047200.0
2024-05-09,506.4670513608274,509.2373756819589,505.81120021511913,509.19818115234375,43643700.0
2024-05-10,510.8036679931926,511.6161778645498,508.63052224416674,509.8541564941406,52233200.0
2024-05-13,511.5377978533116,511.6454633171765,508.7772720891876,509.9225769042969,36716400.0
2024-05-14,510.1183975334321,512.7810566084371,509.5800104376199,512.26220703125,57535900.0
2024-05-15,514.7388946424787,518.8992510906287,514.1025809336553,518.6055908203125,59504900.0
2024-05-16,518.7034152838155,520.3088376274046,517.3916531865508,517.5385131835938,50244800.0
2024-05-17,517.6559557052394,518.3510013823711,516.1973934194888,518.282470703125,59187600.0
2024-05-20,518.399983619737,520.3479997283454,518.0083967722392,518.879638671875,37764200.0
2024-05-21,518.1161373062547,520.308880322423,517.9105452430766,520.1522216796875,33437000.0
2024-05-22,519.457191149343,520.1717743707599,516.471476037249,518.6544799804688,48390000.0
2024-05-23,521.7185015997201,521.8261670726438,513.6522545564001,514.8661499023438,57211200.0
2024-05-24,516.7162769685657,519.0852760314796,515.7667654147743,518.2727661132812,41291100.0
2024-05-28,519.0852065742038,519.3201347726647,515.9918259671035,518.6348876953125,36269600.0
2024-05-29,514.5919884514224,516.187612149335,514.2885295747019,515.0031127929688,45190300.0
2024-05-30,513.4564467342078,514.1220964903868,510.333730235986,511.5867004394531,46377600.0
2024-05-31,512.5461599640777,516.373661669616,507.4264335525969,516.2463989257812,90785800.0
2024-06-03,517.8615342459523,518.145395840209,511.5769066615521,516.667236328125,46835700.0
2024-06-04,515.3555890163468,517.9888521983294,513.8872279798754,517.244873046875,34632700.0
2024-06-05,519.574631475195,523.4119312490825,517.5776224033007,523.392333984375,47610400.0
2024-06-06,523.695948019033,524.1266697359112,521.4444725776239,523.3826904296875,30808500.0
2024-06-07,522.4037454552046,525.5656572802073,521.3073738449024,522.7463989257812,43224500.0
2024-06-10,521.9339007520192,524.6846284743783,521.3367815083941,524.361572265625,35686100.0
2024-06-11,522.8049491689983,525.6829385821035,520.8275376052097,525.6242065429688,36383400.0
2024-06-12,530.2056082912144,532.6430781044711,528.9036447482033,529.9412841796875,63251300.0
2024-06-13,531.6936089856242,531.8698051580913,528.2087008298147,531.0083618164062,44760900.0
2024-06-14,529.4714728215465,531.3607570534568,528.4631694567662,531.3314208984375,40089900.0
2024-06-17,530.6461064563005,536.9600707352853,530.1859889386527,535.5601806640625,55839500.0
2024-06-18,535.618874007655,537.0481001268946,535.1979510525092,536.9208374023438,41376400.0
2024-06-20,537.8508777255481,538.5165275797466,533.6807226924603,535.4623413085938,70328200.0
2024-06-21,534.6363719686153,535.8639535905671,533.2811170627399,534.744384765625,64338600.0
2024-06-24,534.5677361214845,537.1407429637898,532.8883825199175,533.0062255859375,45528700.0
2024-06-25,534.2338154405055,535.4221363045356,532.7116258646143,535.0587768554688,37936200.0
2024-06-26,533.9391352589275,536.4433900198844,533.2909984741738,535.7265014648438,38550600.0
2024-06-27,535.588979563753,537.1504898569925,534.8426003010983,536.571044921875,35041500.0
2024-06-28,537.3468693543182,540.4109684989184,533.2124124479245,534.4595947265625,76144500.0
2024-07-01,535.8444087668356,536.0899251442213,532.7901994178842,535.5596313476562,40297800.0
2024-07-02,533.9489922304165,539.1637573242188,533.8999009464727,539.1637573242188,40434800.0
2024-07-03,538.8495445221813,541.9332447091265,538.8102834790983,541.5698852539062,32789900.0
2024-07-05,541.874286937383,545.0954305299725,541.2359204016998,544.6928100585938,41488400.0
2024-07-08,545.4783931483458,546.273863702814,544.2508114321598,545.3212890625,36110500.0
2024-07-09,546.283734729133,547.1872181563506,545.5570158893808,545.8516235351562,27289700.0
2024-07-10,547.0791519482386,551.5966285839402,546.7845443312167,551.2529296875,38701200.0
2024-07-11,551.370760432176,552.244812960266,545.8613883249984,546.4996948242188,53054200.0
2024-07-12,547.6291782325719,553.5608321512885,547.1578059832891,549.9468383789062,53084400.0
2024-07-15,551.9503223190923,554.709924079379,549.5933410549901,551.4592895507812,40584300.0
2024-07-16,552.7751306542716,555.024038775581,552.0189211375351,554.7294311523438,36475300.0
2024-07-17,548.7781042114635,550.4574575343235,546.627378702753,546.9514770507812,57119000.0
2024-07-18,548.4934101354552,549.4853058775749,540.5583041390183,542.748291015625,56270400.0
2024-07-19,542.5125813182824,544.1428435386215,538.0834565302354,539.1441040039062,65509100.0
2024-07-22,543.0821438640331,545.3114514113106,541.1376736329704,544.7025756835938,43346700.0
2024-07-23,544.5945249198012,546.7550807862475,543.3571728667828,543.8482055664062,34439600.0
2024-07-24,539.0164803289134,539.3209182500651,530.6001714203044,531.5233154296875,74515300.0
2024-07-25,531.6411814730034,537.6416477635469,527.8111616485469,528.75390625,61158300.0
2024-07-26,532.5544851999327,537.3764002236553,531.7786151263786,534.6757202148438,53763800.0
2024-07-29,536.227341129643,537.2388372702122,532.9864775250034,534.9899291992188,39515800.0
2024-07-30,536.4630269208627,537.5236742807023,528.861850713122,532.2794189453125,46853600.0
2024-07-31,539.1342609978949,543.5732159258974,537.7594053591405,540.9314575195312,65663400.0
2024-08-01,542.6599675904316,544.9187063649712,529.7556118911635,533.2714233398438,76428700.0
2024-08-02,526.1415750127649,527.3593266038325,519.1197829332602,523.3427124023438,82789100.0
2024-08-05,502.46402760588046,514.1898925589088,501.1185726401647,508.10107421875,146267400.0
2024-08-06,509.9079571187549,520.2491343271334,508.58219283381527,512.7854614257812,84826300.0
2024-08-07,518.9920917478671,522.0561910508441,508.7589866968387,509.3580322265625,70698300.0
2024-08-08,514.5138248770706,521.7614718670237,512.4810023749844,521.1329956054688,63276600.0
2024-08-09,520.3080694804698,524.9237888690128,519.0804877250338,523.4310302734375,45619600.0
2024-08-12,524.6292597384992,526.1219586169184,521.4277164507776,523.7061157226562,42542100.0
2024-08-13,526.9075349868316,532.5544105776438,526.6620186567962,532.3186645507812,52333100.0
2024-08-14,533.1141640625877,535.1863675555963,530.4331447737245,533.998046875,42446900.0
2024-08-15,539.644959128727,543.4357173403401,539.036083351339,543.1509399414062,60846800.0
2024-08-16,541.5305297582873,545.066001447727,541.3734256554437,544.3687133789062,44430700.0
2024-08-19,544.7810639108773,549.5735473632812,543.9266718963368,549.5735473632812,39121800.0
2024-08-20,549.1218730431605,550.7815659083177,547.3345068852593,548.679931640625,33732300.0
2024-08-21,549.7308200651719,552.0288197515467,544.7811716197107,550.5655517578125,41514600.0
2024-08-22,552.4707674692565,553.079643286425,545.0266941664444,546.2444458007812,56121500.0
2024-08-23,549.4951156938582,552.9912663344013,547.2952387130678,552.0484619140625,50639400.0
2024-08-26,553.0795725146759,553.7964610598141,549.0236377073744,550.732421875,35788600.0
2024-08-27,549.4557648759409,551.9796801643517,548.3067651332959,551.4886474609375,32693900.0
2024-08-28,551.1449533002178,551.5770644805714,545.085566530633,548.287109375,41066000.0
2024-08-29,550.2611126158587,553.570668523791,547.1872428351764,548.3362426757812,38715200.0
2024-08-30,550.7128944546577,554.0813719563913,547.1479918630939,553.5706787109375,62700100.0
2024-09-03,550.4181945160806,550.7521231432277,539.6547955357257,542.1787109375,60600100.0
2024-09-04,540.3323596896321,544.4864768786748,539.6056409316967,541.0689086914062,47224900.0
2024-09-05,541.0100021233877,543.8677859554409,537.2879360362771,539.7529296875,44264300.0
2024-09-06,540.0770882862281,541.7072905965744,529.7654008260863,530.6688842773438,68493800.0
2024-09-09,534.8819667353457,537.8870845889743,532.9472666463545,536.6103515625,40445800.0
2024-09-10,538.5254119078065,539.3012819984793,533.6347450012723,538.9476928710938,36394600.0
2024-09-11,538.8592992301786,545.3998284478084,530.2760571886295,544.4766845703125,75248600.0
2024-09-12,545.0560839490253,549.3673650982907,542.826776487141,549.0629272460938,51819600.0
2024-09-13,549.6718645218532,552.9323289489466,549.4165179190511,551.9306030273438,39310500.0
2024-09-16,551.6654196124157,553.0108444429941,549.8584528057411,552.7457275390625,36656100.0
2024-09-17,554.9651191583721,556.4186166721934,550.7324197918623,552.9715576171875,49321000.0
2024-09-18,553.6294811628125,558.490716373018,550.7716975212177,551.3314819335938,59044900.0
2024-09-19,560.769175792154,562.6056333019461,557.8917313519955,560.7396850585938,75315500.0
2024-09-20,559.3665303523799,560.8145656669737,556.7363296850394,559.7703857421875,77503100.0
2024-09-23,560.844157105768,561.8193743965802,559.6226102686882,561.169189453125,44116900.0
2024-09-24,561.9671923274129,562.8340656448994,559.130163310981,562.7749633789062,46805700.0
2024-09-25,562.6172518383486,563.3560600605995,560.4204878396197,561.5336303710938,38428600.0
2024-09-26,565.8089271560161,566.1340196278296,561.3957983542562,563.7599487304688,48336000.0
2024-09-27,564.8337142422162,565.651285439919,561.908002221962,562.9423217773438,42100900.0
2024-09-30,561.9079952356186,565.8089245059994,559.6029471264981,565.1981811523438,63557400.0
2024-10-01,564.8435880512217,565.4937128909536,557.5539888818164,560.1348876953125,72668800.0
2024-10-02,559.2385345053339,561.3958572731079,556.8349422897517,560.371337890625,38097800.0
2024-10-03,558.8936443913503,561.2972362765911,557.0515539848665,559.3468017578125,40846500.0
2024-10-04,563.8092058002762,564.804143911743,559.6226255139783,564.4298095703125,42939100.0
2024-10-07,562.7748592374886,563.425044167477,558.1745633665616,559.3270874023438,49964700.0
2024-10-08,561.9079798048728,565.2178864241666,561.0313063853904,564.616943359375,37398700.0
2024-10-09,564.6070601630827,569.0892114172115,564.0061772469245,568.5277099609375,37912200.0
2024-10-10,567.1781623643931,568.9611504574567,565.9172341469683,567.5327758789062,44138100.0
2024-10-11,567.4539823983677,571.6701437051296,567.3160570940822,570.9313354492188,42268000.0
2024-10-15,575.8666396343095,576.1720113378304,569.9068710302905,571.12841796875,54203600.0
2024-10-16,571.1283629185417,574.1328378005626,570.3205920106161,573.6107177734375,30725400.0
2024-10-17,577.1668473429936,577.3737353042621,573.4728059770134,573.6599731445312,34393700.0
2024-10-18,575.3543785050263,576.6546883722069,573.8866222523045,575.8666381835938,37416800.0
2024-10-21,575.1375866701346,576.1226643625554,571.936084169767,574.9208984375,36439000.0
2024-10-22,572.379393899403,575.7779240387921,571.7194086656112,574.6155395507812,34183800.0
2024-10-23,572.5862132138965,573.0295101570803,565.8482560008526,569.364990234375,49314600.0
2024-10-24,571.325322360671,571.4041454083431,567.9662339927139,570.5963745117188,34979900.0
2024-10-25,572.832526139626,575.7385172942365,569.4537169426869,570.3993530273438,47268200.0
2024-10-28,573.8865445500035,574.0146094523058,571.8572870300009,572.1626586914062,30174700.0
2024-10-29,571.1972307374274,574.2115658329249,569.7984373596124,573.088623046875,42899700.0
2024-10-30,572.615787609554,574.6155241758808,570.645632233565,571.3549194335938,41435800.0
2024-10-31,566.9712611742847,567.0402238212235,559.9575134707092,560.154541015625,60182500.0
2024-11-01,562.7945884035815,566.9614477579651,562.1050220014198,562.5187377929688,45667500.0
2024-11-04,562.6566805623088,563.9569903576214,559.4157965332372,561.30712890625,38217000.0
2024-11-05,562.2231544057043,568.1336197386994,562.0064662031886,568.09423828125,39478300.0
2024-11-06,580.4077666623799,583.0970094221752,576.6546231997903,582.2202758789062,68182000.0
2024-11-07,584.2299524251648,587.7466873497708,584.1511293671531,586.72216796875,47233200.0
2024-11-08,587.2737347167168,590.6919854789882,587.2737347167168,589.2636108398438,46444900.0
2024-11-12,589.7463270131273,590.3472099973874,585.5006444102133,587.992919921875,43006100.0
2024-11-13,588.4558712273305,590.2881013518266,586.0818603831444,588.278564453125,47388600.0
2024-11-14,588.4066394793019,588.8893179492193,583.8063432948493,584.495849609375,38904100.0
2024-11-15,580.9200070517927,581.3928852443048,575.1474660138925,577.00927734375,75988800.0
2024-11-18,577.4722820828334,580.6935057455166,576.6054689287176,579.37353515625,37001700.0
2024-11-19,575.9847825359503,582.2202808592402,575.3149369393851,581.4913330078125,49412000.0
2024-11-20,581.5701499836966,581.9740053669792,575.9059534750936,581.6883544921875,50032600.0
2024-11-21,584.5451050737219,586.2394097822103,578.6838809961135,584.81103515625,46750300.0
2024-11-22,584.8011664791351,587.2540603121174,584.2988273861976,586.6235961914062,38226400.0
2024-11-25,590.5737592167452,591.8937295695996,586.3182166457023,588.6134643554688,42441400.0
2024-11-26,589.8644599979293,592.3567352073538,589.1453725834567,591.6868896484375,45621300.0
2024-11-27,591.4997854868443,591.8839201005825,588.3672455728715,589.8941040039062,34000200.0
2024-11-29,590.7117045866185,594.3466439350991,590.4359140778026,593.55859375,30177400.0
2024-12-02,593.9722515940274,595.3021425181648,593.4797127608734,594.6224365234375,31746000.0
2024-12-03,594.3860548690404,595.1445238224464,593.3517352966707,594.8982543945312,26906600.0
2024-12-04,596.5926087018526,598.8385545797807,595.9227630847732,598.59228515625,42787600.0
2024-12-05,598.592255379496,599.4000262634194,597.2525642119798,597.607177734375,28762200.0
2024-12-06,598.3756383425828,599.9813199050982,597.9619225172376,598.7401123046875,31241500.0
2024-12-09,598.6218315882949,598.7892779517493,595.0657157488416,595.65673828125,34742700.0
2024-12-10,596.3364664061719,596.7600425908593,593.1448243638806,593.8048095703125,37234500.0
2024-12-11,596.7403405101395,599.3507600891794,596.4644899210008,598.395263671875,28677700.0
2024-12-12,597.5284365007215,598.0997382660831,595.31201171875,595.31201171875,31543800.0
2024-12-13,597.3511703289549,598.0702578450652,593.8147147595496,595.19384765625,35904700.0
2024-12-16,596.9571007701239,598.7105679786196,596.1789110129041,597.7352905273438,43695200.0
2024-12-17,595.1740992873428,596.1394561956839,593.8935102993782,595.2725830078125,55773500.0
2024-12-18,594.9671989364094,597.3609304879477,577.1471773446116,577.5313720703125,108248700.0
2024-12-19,582.5355221203287,584.1510639445604,577.1077344863745,577.35400390625,85919500.0
2024-12-20,575.0175026728227,588.8352196171104,574.1674387147792,584.2886352539062,125716700.0
2024-12-23,584.0315939956688,588.3903808785561,580.839043366224,587.7874755859375,57635800.0
2024-12-24,589.1416302251183,594.3603751171399,588.5584517113257,594.32080078125,33160100.0
2024-12-26,592.5416816588521,595.4870738828115,591.1381803052061,594.3603515625,41219100.0
2024-12-27,590.6044241129971,590.8416891446476,583.9031498920888,588.1038208007812,64969300.0
2024-12-30,581.066451827259,584.8717412480703,577.6268027117767,581.392578125,56578800.0
2024-12-31,583.0629680945224,583.7845361057068,577.6366994322016,579.2774658203125,57052700.0
2025-01-02,582.5490544849214,584.268848917565,573.7622248829753,577.8541870117188,50204000.0
2025-01-03,580.7106042287589,585.7217039617416,579.623335665357,585.0792846679688,37888500.0
2025-01-06,589.3491785436146,592.7393596690575,586.7101255067332,588.44970703125,47679400.0
2025-01-07,590.4858054370367,590.8119920606497,579.9693484070148,581.7978515625,60393100.0
2025-01-08,581.8670792861259,583.7252632975457,578.4077031433151,582.6478881835938,47304700.0
2025-01-09,581.8670792861259,583.7252632975457,578.4077031433151,582.6478881835938,47304700.0
2025-01-10,579.0797727939155,579.148967552338,571.8348342474784,573.7523193359375,73105000.0
2025-01-13,569.0871420731995,574.9977137931114,568.6719735158341,574.6419067382812,47910100.0
2025-01-14,577.5773521941201,578.209938228887,571.637100270467,575.4325561523438,48420600.0
2025-01-15,583.4780831774012,587.0461675916275,582.3611942103539,585.899658203125,56900200.0
2025-01-16,587.2735525674167,587.4514560986999,584.0711683508569,584.77294921875,43319700.0
2025-01-17,590.0311830207747,592.4032903303786,588.6968161028142,590.6439819335938,58070600.0
2025-01-21,593.6980955549004,596.0603696579795,591.7213092581105,596.0504760742188,42532900.0
2025-01-22,598.887139322545,600.7651103716523,598.3336415912388,599.401123046875,48196000.0
2025-01-23,598.7685038038958,602.6726684570312,598.4917851169366,602.6726684570312,41152100.0
2025-01-24,602.7319999441287,603.6907726306447,599.7569270310084,600.913330078125,34604700.0
2025-01-27,587.9061375768574,592.7295010606359,587.7381276298589,592.4132080078125,70361100.0
2025-01-28,593.6487213775014,598.3435890966371,590.3178411060637,597.5034790039062,44433300.0
2025-01-29,596.7126333153398,597.1179082556828,592.2648645148614,594.8248291015625,37177400.0
2025-01-30,596.9499128814751,599.5592247930683,593.747468592595,598.017333984375,39281300.0
2025-01-31,600.4488437325783,602.880312619884,594.0736957955036,594.8347778320312,66566900.0
2025-02-03,585.7909458950113,593.3224968021361,583.6362560871698,590.831787109375,65857200.0
2025-02-04,590.8911228856247,595.3092115270962,590.3475186916722,594.7952880859375,33457800.0
2025-02-05,593.668444292325,597.35513123978,591.6323569254649,597.2068481445312,30653100.0
2025-02-06,598.9563451128535,599.4110276717307,595.6353586638426,599.2825317382812,35771500.0
2025-02-07,599.8460202341735,601.0716182655565,593.0853835644062,593.7970581054688,50788500.0
2025-02-10,597.0191605249602,598.4720695404235,595.7440947156747,597.82958984375,26048700.0
2025-02-11,595.5562660424524,598.8278448766438,595.4376636934635,598.2842407226562,30056700.0
2025-02-12,592.2452442399068,597.5331239679138,591.5632504880516,596.35693359375,45076100.0
2025-02-13,597.4638293989674,602.8604773307252,596.1987176270893,602.6528930664062,40921300.0
2025-02-14,602.8604957096632,603.8982964094444,602.0005985304107,602.623291015625,26910400.0
2025-02-18,603.7896117473091,604.3925170898438,601.3186288745633,604.3925170898438,26749000.0
2025-02-19,602.9988995994843,606.1123017730542,602.4849158656623,605.8157958984375,31011100.0
2025-02-20,604.4419808070575,604.5803703391965,599.974484380483,603.2954711914062,36554000.0
2025-02-21,603.0779110877393,603.216300601011,592.5119863702242,592.9765625,76519800.0
2025-02-24,595.0324276294365,596.0307143030876,589.5665848823073,590.2782592773438,50737200.0
2025-02-25,590.2190314712642,590.9504327968516,582.7171004383193,587.3427734375,58266500.0
2025-02-26,589.0130409225576,592.620699550235,584.9902741209554,587.63916015625,43321600.0
2025-02-27,589.9223642338113,591.0788275306367,577.864017357305,578.2593383789062,74196700.0
2025-02-28,578.7635029554216,587.8171578604871,575.6797210871997,587.283447265625,88744100.0
2025-03-03,589.2601945949107,590.4067643806418,573.1691862018861,576.9942626953125,74249200.0
2025-03-04,572.9814465763258,578.5955127414016,565.608011549554,570.1644897460938,109648200.0
2025-03-05,569.9964212260836,578.0913631561872,566.4283366011412,576.29248046875,71230500.0
2025-03-06,568.8004912077067,573.4360576617548,563.5027182107181,566.0626831054688,80094900.0
2025-03-07,564.2736590980126,570.6883208259039,559.0648080255879,569.2353515625,81158800.0
2025-03-10,561.0021324297065,562.9294509409499,549.1414138289008,554.073486328125,99326600.0
2025-03-11,552.907117228081,557.473488465779,545.612771416854,549.4674682617188,88102100.0
2025-03-12,555.6449248680879,556.574016783005,547.2633707942651,552.3832397460938,69588200.0
2025-03-13,552.00772273254,552.6205217060727,543.2999808309211,545.019775390625,74079400.0
2025-03-14,549.655280917059,557.2857071377122,545.0889095501292,556.2775268554688,62660300.0
2025-03-17,556.2577597204585,563.097483760462,555.8228643209595,560.5671997070312,49008700.0
2025-03-18,558.244456671408,558.4619345411708,552.571089463648,554.5083618164062,66041400.0
2025-03-19,556.2972851708735,564.3230320254004,555.1112014285828,560.54736328125,66556000.0
2025-03-20,556.7914890984629,563.9474453254734,556.0699211298971,558.9263916015625,62958200.0
2025-03-21,554.4514053360011,560.0129560782987,553.2121973894178,559.1107788085938,83763000.0
2025-03-24,565.8719462913679,570.1844265679264,565.2771506364932,569.1236572265625,58766800.0
2025-03-25,570.3330467188074,571.4334488408351,568.7369614238087,570.49169921875,38355700.0
2025-03-26,570.2240858480267,571.3542581528293,562.293154038674,563.6810913085938,51848300.0
2025-03-27,562.2832555151155,565.971170433539,560.0626041917773,562.1841430664062,42164200.0
2025-03-28,560.6475137101825,561.3811152230641,550.2777985606353,550.8626708984375,71662700.0
2025-03-31,545.0830251203251,555.869096797962,542.1485586831927,554.5604858398438,95328200.0
2025-04-01,552.6372621541935,558.0798545049701,548.8997911229003,556.1268310546875,54609600.0
2025-04-02,550.2579079318416,562.5211054527999,550.019989677278,559.6461791992188,76014500.0
2025-04-03,540.4037717910755,543.2390654249921,532.06640625,532.06640625,125986000.0
2025-04-04,519.1488461365848,521.3298644038904,500.69953122991006,500.9176330566406,217965100.0
2025-04-07,484.966562158496,518.6531751879934,477.64034947944,500.0254211425781,256611400.0
2025-04-08,517.3544574544211,520.4475157965463,484.93679417196097,492.193603515625,165816600.0
2025-04-09,489.17988772825765,543.8834838867188,488.7932402716448,543.8834838867188,241867300.0
2025-04-10,527.5754008869551,528.8939350431352,504.92270453590345,520.0509643554688,162331200.0
2025-04-11,518.4945124649533,531.7986316335475,515.5798930426869,529.3301391601562,97866300.0
2025-04-14,539.3528832417228,539.580938661594,529.2508571038156,534.4654541015625,68034000.0
2025-04-15,535.0107183382963,538.5399805011373,532.1754247962592,532.968505859375,56892900.0
2025-04-16,527.0896882471153,533.2460954669957,515.7980102587055,521.1216430664062,83484800.0
2025-04-17,523.0845951885916,526.5840872057769,519.3867572764926,521.8651733398438,79868100.0
2025-04-18,523.0845951885916,526.5840872057769,519.3867572764926,521.8651733398438,79868100.0
2025-04-21,516.6605370453387,517.1959136790683,504.070200683649,509.44342041015625,69368100.0
2025-04-22,515.6493363944684,524.7302260402327,514.7075262081219,522.6979370117188,75948100.0
2025-04-23,535.7641184612734,540.7209502963145,529.2706808590098,530.79736328125,90590700.0
2025-04-24,532.086198348384,542.7037553366079,530.8272040401201,541.9701538085938,64150400.0
2025-04-25,541.9304442378503,546.2924199116221,538.9959780328687,545.885986328125,61119600.0
2025-04-28,546.6295538469604,548.770878725811,540.3145544882295,546.0941772460938,47613800.0
2025-04-29,544.1709145104755,550.6544896169489,543.8140371215516,549.5342407226562,47775100.0
2025-04-30,542.8425243498715,551.7152660165827,536.8447695388113,549.7523193359375,93101500.0
2025-05-01,555.5319356264844,559.2000030839217,553.0435965011045,553.6483154296875,63186100.0
2025-05-02,559.8543184862792,563.4728299899488,557.52463168794,561.8668212890625,60717300.0
2025-05-05,557.7130106117388,561.7578025218996,556.850526672483,558.6448974609375,38659200.0
2025-05-06,553.1130409863903,558.486229861133,552.151444635027,553.9755249023438,48264700.0
2025-05-07,555.3139314189718,558.9522292842823,551.239369394788,556.3052978515625,55588000.0
2025-05-08,560.3599572530266,565.3861923682981,556.850541835946,560.1815185546875,65130800.0
2025-05-09,561.5892516710271,562.6004648206437,557.9013974918248,559.4677734375,37603400.0
2025-05-12,576.4498296839446,577.9666494201874,572.0580835025086,577.9567260742188,78993600.0
2025-05-13,578.3730584556538,583.9941496422729,577.8080328415324,581.7734985351562,67947200.0
2025-05-14,582.7351003798474,583.8949821637985,580.4846792150129,582.5170288085938,66283500.0
2025-05-15,580.5045239452851,585.8677897044162,580.0484736048338,585.3622436523438,71268100.0
2025-05-16,586.1454032115668,589.3673441171694,584.1924403834937,589.0699462890625,76052100.0
2025-05-19,583.0225710566098,590.3983396880136,583.0225710566098,589.7142944335938,68168500.0
2025-05-20,587.9695461543464,588.9212192076606,584.5096264657933,587.7315673828125,60614500.0
2025-05-21,583.3596614167781,587.4639329373288,576.7968205254032,577.8278198242188,95197700.0
2025-05-22,577.6295673689441,581.5554004178355,576.3903592673228,578.055908203125,70860400.0
2025-05-23,571.0071868542327,576.7868697784111,570.6304627900578,574.1101684570312,76029000.0
2025-05-27,581.0101669642168,586.2049176986301,573.4361124467979,586.0463256835938,72588500.0
2025-05-28,586.452712017421,587.6522871583933,581.9221602554891,582.65576171875,68445500.0
2025-05-29,587.9397721452495,588.0785779673218,581.0101304856973,584.9557495117188,69973300.0
2025-05-30,583.8454023131852,586.026420478472,578.2045251191539,584.3014526367188,90601200.0
2025-06-02,582.6856189346104,587.6721612666921,580.0089171212081,587.5928955078125,61630500.0
2025-06-03,587.2259796444896,591.9250465362925,586.740159298439,590.943603515625,63606200.0
2025-06-04,591.8061707239787,592.7876138828078,590.3488304970734,590.7850341796875,57314200.0
2025-06-05,592.4702844558809,593.8284515327539,585.9470768439928,587.9298095703125,92278700.0
2025-06-06,593.4913881340742,595.6426968087642,591.7069406984755,593.96728515625,66588700.0
2025-06-09,594.5422573867003,596.0590770966814,593.322896017802,594.5026245117188,53016400.0
2025-06-10,595.0379370041686,598.2598779419187,593.9177485918233,597.873291015625,66247000.0
2025-06-11,598.9736747077318,599.8361586452579,594.0961689044454,596.1680908203125,73658200.0
2025-06-12,594.8297748594797,598.5374755859375,594.3440149953893,598.5374755859375,64129000.0
2025-06-13,593.3328138188501,596.6538671866508,590.338867810054,591.8457641601562,89506000.0
2025-06-16,595.2164614851225,599.2314836456252,595.0379622706928,597.4767456054688,79984100.0
2025-06-17,595.0280706090336,596.5547531382241,591.6078443016146,592.3712158203125,82209400.0
2025-06-18,593.2733488854554,596.0293161899417,591.3203254879343,592.281982421875,76605000.0
2025-06-20,594.9675856083323,596.0414436168163,589.4790454395113,590.8909912109375,94051400.0
2025-06-23,591.6465733053511,597.1152078061239,588.5145735944315,596.7274780273438,87426000.0
2025-06-24,600.8836010096178,604.3834856367664,599.9688039561656,603.3196411132812,67735300.0
2025-06-25,604.4431877891288,605.1392079707367,602.086708265907,603.65771484375,62114800.0
2025-06-26,605.517034479532,608.8181084243395,604.9005750782753,608.380615234375,78548400.0
2025-06-27,609.3848675360332,612.8748603878714,607.3465704310272,611.4032592773438,86258400.0
2025-06-30,613.8591865146053,615.6886593072754,611.5325044540273,614.3264770507812,92502500.0
2025-07-01,612.8450033281383,615.3009489521946,612.0098276707645,614.127685546875,70030100.0
2025-07-02,613.7200271324969,616.9514932068568,613.0936150077308,616.9117431640625,66510400.0
2025-07-03,618.9003311484321,622.7085065821568,618.8804257837007,621.7738647460938,51065800.0
2025-07-07,619.8050287830624,620.4712515380828,614.3463473867639,617.1403198242188,74814500.0
2025-07-08,617.8065573856337,618.5622329876766,615.9870371559156,616.8023681640625,59024600.0
2025-07-09,619.2184771119485,621.1573080723725,617.3690382262929,620.5010986328125,66113300.0
2025-07-10,620.6402811009391,623.2950374474425,619.4570650879599,622.2510375976562,57529000.0
2025-07-11,619.1886732139827,621.2965785748338,617.9856123550688,620.0636596679688,63670200.0
2025-07-14,619.6062115300674,621.5948059142781,618.2539819137044,621.246826171875,51898500.0
2025-07-15,623.9413645164026,624.2793915612978,618.5124802515571,618.592041015625,74317300.0
2025-07-16,620.1829130237127,621.1672575214722,614.5253596449445,620.66015625,88987500.0
2025-07-17,620.8391784397268,624.8163671275224,620.6204015046147,624.4583740234375,68885700.0
2025-07-18,625.7111996075373,625.8802131347736,622.8874296174818,624.0010375976562,65621600.0
2025-07-21,625.1842651367188,627.9384270926762,624.7567246264017,625.1842651367188,63375000.0
2025-07-22,625.5123643014988,626.1387764125508,622.6189860590433,625.2737426757812,60046300.0
2025-07-23,627.9483363497261,630.5932006835938,626.138708302101,630.5932006835938,70511000.0
2025-07-24,630.9809681636451,632.5221773472229,630.3744614468128,630.802001953125,71307100.0
2025-07-25,631.4682494008442,633.9440397736063,631.2196750953526,633.4667358398438,56865400.0
2025-07-28,633.8445768779104,634.4013808975731,631.9156378299562,633.3076782226562,54917100.0
2025-07-29,634.7096125224674,635.0277949185313,630.722531607152,631.6372680664062,60556300.0
2025-07-30,632.2934318863223,634.0434045947875,627.9384054781906,630.841796875,80418900.0
2025-07-31,635.8132594113927,636.200989166749,627.1728149946817,628.475341796875,103385200.0
2025-08-01,622.7282752516747,622.7680859762785,615.7582427178595,618.1743774414062,140103600.0
2025-08-04,622.1019219542782,627.6202593639928,622.0124691896333,627.570556640625,73218000.0
2025-08-05,628.187016594973,629.0023475949919,623.464104816374,624.3887939453125,68051400.0
2025-08-06,625.462617040701,629.8275961427472,624.5478806448895,629.17138671875,64357500.0
2025-08-07,632.6116453260242,633.3474155493337,625.5223013845391,628.6444091796875,74205800.0
2025-08-08,630.4440623273716,634.0136158764692,630.125879949944,633.5462646484375,64051600.0
2025-08-11,633.824713555593,635.3062066703783,631.0406328520911,632.29345703125,58742300.0
2025-08-12,634.6499095494731,639.1839021511607,633.1584638161933,639.0248413085938,64730800.0
2025-08-13,641.2321859855442,642.5049155421342,639.0149226306152,641.2123413085938,60092800.0
2025-08-14,639.1242567818475,641.9381347685223,638.6768716045066,641.27197265625,59327500.0
2025-08-15,642.3060144753327,642.4054806038605,638.8558324502803,639.7705688476562,68592500.0
2025-08-18,639.1939154739885,640.3274289037191,638.5178006265407,639.6314086914062,43804900.0
2025-08-19,639.4523760102862,640.4367204754008,634.8388226855677,636.1612548828125,69750700.0
2025-08-20,635.7536294439067,636.0120957287904,629.3404006137462,634.470947265625,88890300.0
2025-08-21,632.6514763962614,634.3317804706619,630.195530658508,631.9255981445312,54805800.0
2025-08-22,634.1230118894028,642.8131599802851,633.6159105915494,641.6299438476562,84083200.0
2025-08-25,640.3671451910226,641.6100166878209,638.686780499868,638.8060913085938,51274300.0
2025-08-26,638.5376929659955,641.8288143683822,637.9112808564007,641.4807739257812,51581600.0
2025-08-27,640.8941330732226,643.6781530071313,640.7449642231398,642.9423828125,48341100.0
2025-08-28,643.548887361664,645.7761033013204,641.6597591604225,645.2192993164062,61519500.0
2025-08-29,643.777581165663,644.1455269630451,639.472317969575,641.3713989257812,74522200.0
2025-09-02,633.8644906037873,636.8374296419402,631.2991867317828,636.6187133789062,81983500.0
2025-09-03,639.0049424066366,640.5361988813526,636.8075845104526,640.06884765625,70820900.0
2025-09-04,640.7450037735979,645.4480709373178,639.8402199968853,645.418212890625,65219200.0
2025-09-05,647.7646994415851,648.4905776412766,639.6612139364762,643.5488891601562,85178900.0
2025-09-08,644.9210585487652,646.1341327155172,643.5389708468488,645.1298828125,63133100.0
2025-09-09,645.2689866211995,647.148222783044,643.5289666240282,646.6212768554688,66133900.0
2025-09-10,649.8924717726807,650.817160801947,646.9195331255914,648.4905395507812,78034500.0
2025-09-11,650.4493620868353,654.5757199134183,649.8627606991871,653.8796997070312,69934400.0
2025-09-12,653.8497465125743,655.351144838518,653.1537870945498,653.6608276367188,72780100.0
2025-09-15,655.8782140097094,657.2701936656516,655.5799369896564,657.1409301757812,63772400.0
2025-09-16,657.6977327581834,658.0060231465056,655.450672087237,656.2361450195312,61169000.0
2025-09-17,656.2461210913638,657.9463305061431,650.5686620900484,655.4208374023438,101952200.0
2025-09-18,658.1153302554297,661.098221592467,656.504573788396,658.4832153320312,90459200.0
2025-09-19,660.3786700487054,662.5921003065068,658.4244226642126,661.74462890625,97945600.0
2025-09-22,660.2490220888672,665.3239917254978,660.2190812650523,664.8753662109375,69452200.0
2025-09-23,664.7557113987294,665.3739407705357,660.0296859026699,661.256103515625,81708900.0
2025-09-24,662.5522091075384,662.6518901422049,657.7264420940938,659.1522216796875,68082200.0
2025-09-25,656.0016057727498,657.4672457066506,652.4819765077987,656.1112670898438,89622100.0
2025-09-26,657.5669862915963,660.4185456623683,655.9417836675868,659.8701782226562,69179200.0
2025-09-29,662.4026597035332,663.3199930316334,659.9100251593522,661.7246704101562,73499000.0
2025-09-30,660.976860345401,664.6859320813617,659.6607420426623,664.21728515625,86288000.0
2025-10-01,661.2161783670498,667.3979243492374,661.1065170498754,666.4806518554688,72545400.0
2025-10-02,668.4747085274895,668.5943501107935,664.8155382515555,667.248291015625,56896000.0
2025-10-03,668.0160736487628,670.6981508367895,666.1914481336265,667.2384033203125,70494400.0
2025-10-06,669.6412668959266,670.5286593813627,667.4876574687494,669.6312866210938,54623300.0
2025-10-07,670.5585274945992,671.0072138668005,665.7028804529681,667.1486206054688,72020100.0
2025-10-08,668.2753327277967,671.2266339865188,667.4477610054765,671.1268920898438,60702200.0
2025-10-09,671.5456907353398,671.9544560264949,667.2384109165724,669.1826171875,66501900.0
2025-10-10,670.1497521868876,671.9643973425017,650.9166069608107,651.0960693359375,159422600.0
2025-10-14,655.2338407773344,663.8683609233883,651.2456255038628,660.2789306640625,88779600.0
2025-10-15,664.855429242796,668.2553559603689,656.988660072404,663.2102661132812,81702600.0
2025-10-16,664.8554499895176,666.7398963555108,655.1740352792065,658.6936645507812,110563300.0
2025-10-17,657.5570092911896,663.7985760836355,656.2010306703355,662.4326171875,96500900.0
2025-10-20,665.3539499346838,670.2295576279439,665.3041094156895,669.3222045898438,60493400.0
2025-10-21,669.4617772299453,671.0071983826805,668.0060568363804,669.3121948242188,56249000.0
2025-10-22,670.0201576878661,670.0201576878661,661.3457774038759,665.83251953125,80564000.0
2025-10-23,666.1515932793667,670.7280970890292,665.8325287543602,669.7808837890625,65604500.0
2025-10-24,674.4670490970213,676.4710761570719,673.6594379369009,675.2546997070312,74356500.0
2025-10-27,680.7185156175003,683.5202343374859,680.1103274099472,683.2211303710938,63339800.0
2025-10-28,685.0257863269245,686.8802917495992,682.8123561492805,685.0357666015625,61738100.0
2025-10-29,686.6908448301914,687.6679989086465,680.8581046045199,685.3648071289062,85657100.0
2025-10-30,681.8851035842282,683.919071384824,677.8270874023438,677.8270874023438,76335800.0
2025-10-31,683.0217380676526,683.0616591685175,677.2388379885472,680.050537109375,87164100.0
2025-11-03,683.6498738048132,683.7794956694769,677.9367749059246,681.3267822265625,57315000.0
2025-11-04,674.1180423048241,677.9567360174515,672.5925816080086,673.2506103515625,78427000.0
2025-11-05,672.9913638051393,678.8540450990596,672.1837526501265,675.583740234375,74402400.0
2025-11-06,674.4769688014325,675.384321857154,666.7498016918889,668.3351440429688,85035300.0
2025-11-07,665.9421818455136,669.1028862313885,659.2619700189845,668.9931640625,100592400.0
2025-11-10,675.2447347362015,680.1701831536659,673.0412846911101,679.432373046875,75842900.0
2025-11-12,682.7724572806613,682.9420002443612,678.9438047256676,681.3666381835938,62312500.0
2025-11-13,678.4950944095032,678.8540191634994,668.5445172010542,670.0599975585938,103457800.0
2025-11-14,663.4196879466924,673.669369761962,661.3159189526839,669.9503784179688,96846700.0
2025-11-17,667.7269573864955,671.7251529532939,660.2191128892804,663.7088012695312,90456100.0
2025-11-18,660.1493223141129,663.1604443809363,653.9277160969795,658.1353149414062,114467500.0
2025-11-19,658.8332701356088,665.3739409367662,656.8092216159307,660.6777954101562,94703000.0
2025-11-20,670.9274443593279,673.5696612658603,649.969414909385,650.6075439453125,165293500.0
2025-11-21,653.1200634979649,662.5920743656175,648.9324254696204,657.08837890625,123956200.0
2025-11-24,660.7375826041805,668.0858642133718,659.6408477705503,666.759765625,80437900.0
2025-11-25,666.6600618545837,674.2177464111714,662.5222643995295,673.03125,81077100.0
2025-11-26,675.6336030547216,679.6916195137131,674.7262499751725,677.6775512695312,71879600.0
2025-11-28,678.8540116786253,681.6557303234264,678.4950869285864,681.3765869140625,49212000.0
2025-12-01,676.8100876493213,680.9777652313311,676.7402865806703,678.2658081054688,61201200.0
2025-12-02,679.91089945233,681.8053259843603,677.3285642303521,679.5220947265625,62953800.0
2025-12-03,678.5648962284573,682.8920755410956,677.6874840363832,681.8751220703125,57238500.0
2025-12-04,683.2809493981625,683.3507504660292,679.3326553413237,682.3736572265625,61970300.0
2025-12-05,683.4504163312143,686.3618571461667,682.5630847287977,683.6697998046875,79241000.0
2025-12-08,684.5672069678625,684.6170474876437,679.5619773329797,681.6159057617188,55231500.0
2025-12-09,681.1373100558188,683.3707007727439,680.5789623765876,681.027587890625,58310100.0
2025-12-10,680.5490620813229,686.9401503769751,679.3027447895911,685.5443115234375,85671300.0
2025-12-11,683.1214313379483,687.2193077079016,680.1601500103427,687.1395263671875,86173700.0
2025-12-12,686.1424918468441,686.8504219479569,677.1690077077839,679.7514038085938,113160300.0
2025-12-15,683.7196756361553,683.7396361862291,677.2488060921288,678.7244262695312,90811000.0
2025-12-16,677.2288588584025,679.0734449717613,672.9913800472318,676.8699340820312,122030600.0
2025-12-17,677.8869129385677,678.4352803496147,669.2225131069573,669.4219360351562,110625200.0
2025-12-18,675.603604329658,678.7343677454887,672.9116078583543,674.4769287109375,108650100.0
2025-12-19,676.5900268554688,681.0900268554688,676.469970703125,680.5900268554688,103599500.0
2025-12-22,683.9400024414062,685.3599853515625,680.5900268554688,684.8300170898438,69556700.0
2025-12-23,683.9199829101562,688.2000122070312,683.8699951171875,687.9600219726562,64840000.0
2025-12-24,687.9500122070312,690.8300170898438,687.7999877929688,690.3800048828125,39445600.0
2025-12-26,690.6400146484375,691.6599731445312,689.27001953125,690.3099975585938,41613300.0
2025-12-29,687.5399780273438,689.2000122070312,686.0700073242188,687.8499755859375,62559500.0
2025-12-30,687.4500122070312,688.5599975585938,686.5800170898438,687.010009765625,47160700.0
2025-12-31,687.1400146484375,687.3599853515625,681.7100219726562,681.9199829101562,74144800.0
2026-01-02,685.7100219726562,686.8699951171875,679.8200073242188,683.1699829101562,89377200.0
2026-01-05,686.5399780273438,689.4299926757812,686.3800048828125,687.719970703125,71927200.0
2026-01-06,687.9299926757812,692.3200073242188,687.780029296875,691.8099975585938,69273800.0
2026-01-07,692.1900024414062,693.9600219726562,689.3200073242188,689.5800170898438,75588300.0
2026-01-08,688.8200073242188,690.6199951171875,687.489990234375,689.510009765625,64019200.0
2026-01-09,690.6300048828125,695.3099975585938,689.1799926757812,694.0700073242188,80125500.0
2026-01-12,690.6799926757812,696.0900268554688,690.6300048828125,695.1599731445312,63976000.0
2026-01-13,695.489990234375,696.0900268554688,691.3499755859375,693.77001953125,78309700.0
2026-01-14,691.0,691.719970703125,686.0399780273438,690.3599853515625,94676700.0
2026-01-15,694.5700073242188,695.4500122070312,691.25,692.239990234375,77862000.0
2026-01-16,693.6599731445312,694.25,690.0999755859375,691.6599731445312,79289200.0
2026-01-20,681.489990234375,684.77001953125,676.5700073242188,677.5800170898438,111623300.0
2026-01-21,679.6500244140625,688.739990234375,678.1300048828125,685.4000244140625,127844500.0
2026-01-22,689.8499755859375,691.1300048828125,686.9199829101562,688.97998046875,77112200.0
2026-01-23,688.1500244140625,690.9600219726562,687.1599731445312,689.22998046875,63059600.0
2026-01-26,690.489990234375,694.1300048828125,689.9199829101562,692.72998046875,60473800.0
2026-01-27,694.1799926757812,696.530029296875,693.5700073242188,695.489990234375,55506100.0
2026-01-28,697.0499877929688,697.8400268554688,693.9400024414062,695.4199829101562,61172200.0
2026-01-29,696.3900146484375,697.0599975585938,684.8300170898438,694.0399780273438,97486200.0
2026-01-30,691.7899780273438,694.2100219726562,687.1199951171875,691.969970703125,101835100.0
2026-02-02,689.5800170898438,696.9299926757812,689.4199829101562,695.4099731445312,79286500.0
2026-02-03,696.2100219726562,696.9600219726562,684.030029296875,689.530029296875,107904600.0
2026-02-04,690.3499755859375,691.4500122070312,681.760009765625,686.1900024414062,105204600.0
2026-02-05,680.9400024414062,683.6900024414062,675.7899780273438,677.6199951171875,113610800.0
2026-02-06,681.4600219726562,692.3099975585938,680.8499755859375,690.6199951171875,89127600.0
2026-02-09,689.4199829101562,695.8699951171875,688.3400268554688,693.9500122070312,73885200.0
2026-02-10,694.9500122070312,696.5399780273438,691.6599731445312,692.1199951171875,65185700.0
2026-02-11,696.3900146484375,697.1400146484375,689.1799926757812,691.9600219726562,76353900.0
2026-02-12,694.239990234375,695.3499755859375,680.3699951171875,681.27001953125,118829000.0
2026-02-13,681.6900024414062,686.280029296875,677.52001953125,681.75,96267500.0
2026-02-17,680.1400146484375,684.9400024414062,675.780029296875,682.8499755859375,81354700.0
2026-02-18,684.02001953125,689.1500244140625,682.8300170898438,686.2899780273438,73570300.0
2026-02-19,683.8400268554688,686.1799926757812,681.5499877929688,684.47998046875,58649400.0
2026-02-20,682.3200073242188,690.0599975585938,681.72998046875,689.4299926757812,100034000.0
2026-02-23,687.8300170898438,690.0,680.3699951171875,682.3900146484375,90558100.0
2026-02-24,681.9000244140625,688.3499755859375,680.0,687.3499755859375,73798700.0
2026-02-25,690.1799926757812,693.6799926757812,690.0999755859375,693.1500244140625,56369500.0
2026-02-26,693.280029296875,693.2999877929688,684.3499755859375,689.2999877929688,71671000.0
2026-02-27,683.0900268554688,686.8599853515625,681.6400146484375,685.989990234375,83308900.0
2026-03-02,678.7000122070312,688.6199951171875,678.02001953125,686.3800048828125,87477200.0
2026-03-03,675.0599975585938,682.6099853515625,669.6599731445312,680.3300170898438,105003100.0
2026-03-04,681.6300048828125,687.0900268554688,679.6199951171875,685.1300048828125,79182200.0
2026-03-05,682.0800170898438,685.530029296875,675.6099853515625,681.3099975585938,106606500.0
2026-03-06,673.4099731445312,676.1099853515625,669.760009765625,672.3800048828125,100687000.0
2026-03-09,666.3900146484375,679.9199829101562,662.3900146484375,678.27001953125,102334700.0
2026-03-10,677.719970703125,678.7849731445312,674.7608032226562,675.4161987304688,12363234.0
