date,open_TLT,high_TLT,low_TLT,close_TLT,volume_TLT
2020-11-02,134.9772716812983,135.39403038229378,134.66258401643557,134.87521362304688,10810500.0
2020-11-03,134.2542976715277,134.36485620813244,133.56536705576738,134.0926971435547,16228700.0
2020-11-04,137.47784480121163,137.92861868267747,136.54226902200762,137.00155639648438,21570800.0
2020-11-05,137.47779866345772,137.56285569770762,136.5762512030867,137.23965454101562,18537500.0
2020-11-06,135.75977840096235,136.0149365833464,135.18143196691713,135.5811767578125,12408400.0
2020-11-09,132.6554205327178,132.8085076899384,131.51572843600718,132.73196411132812,23245000.0
2020-11-10,131.7964057847747,132.51933901548742,131.6433056443435,131.9665069580078,12561000.0
2020-11-12,133.4803742822441,134.72212401361335,133.28475866278666,134.6966094970703,15999700.0
2020-11-13,134.68816758317058,134.8072397048038,134.3054366906273,134.51806640625,7344600.0
2020-11-16,134.15231094695255,134.6200988276334,134.05025285585324,134.19483947753906,6310400.0
2020-11-17,135.03686203635567,135.36856382105705,134.88376191686265,135.0708770751953,7444600.0
2020-11-18,135.606637943246,135.7172094736302,134.67957612382511,135.46205139160156,10333300.0
2020-11-19,136.05742681021044,136.69531559766423,135.94685526746332,136.15948486328125,10637200.0
2020-11-20,136.5337591428378,137.39277831545684,136.41468704982242,137.3672637939453,7246800.0
2020-11-23,136.78039778525732,136.92498437966174,136.3211105062004,136.7378692626953,11300000.0
2020-11-24,136.0745375121816,136.10005204358103,135.24101956016705,135.37710571289062,10891700.0
2020-11-25,135.4451138168399,136.00645931846586,134.90928284002544,134.96031188964844,9145800.0
2020-11-27,135.75121813942596,136.31256329803264,135.72570363020552,136.27003479003906,4708200.0
2020-11-30,136.10852187822493,136.53378127620175,135.87887816950914,136.1000213623047,13071600.0
2020-12-01,134.9871733135544,135.14893863676116,133.39507359825075,134.0932159423828,13662800.0
2020-12-02,133.56538407121897,133.60794296055437,132.37343637420685,133.0290069580078,12114300.0
2020-12-03,133.61647775640108,134.36570135153733,133.3099783757649,134.1017608642578,9626500.0
2020-12-04,132.5523004317607,132.63743124480445,131.76902679970712,132.13511657714844,12734500.0
2020-12-07,133.1141342060911,133.56536750242805,132.96938723229638,133.3269805908203,9316100.0
2020-12-08,134.15284404568442,134.57853687366546,133.83782251902082,133.95701599121094,7397200.0
2020-12-09,133.28446543088208,133.9400362123181,132.82470976920877,133.51434326171875,7750100.0
2020-12-10,133.8718934709906,134.76583807195453,133.522822212665,134.69773864746094,10025100.0
2020-12-11,135.0723396498709,135.70236976119034,134.79139379368613,135.1745147705078,8135900.0
2020-12-14,134.08481127625654,135.1064720720213,133.76128037766767,134.7999725341797,7535900.0
2020-12-15,134.33163197891182,134.85097776501033,133.9314796687483,134.34866333007812,6847500.0
2020-12-16,133.30996251124958,134.42527559966294,133.14819716417645,133.99107360839844,9954200.0
2020-12-17,134.77007675751676,135.0513287067235,133.32120071530005,133.6365509033203,9422700.0
2020-12-18,133.90928315165218,134.13088270873786,133.10814353224455,133.23599243164062,6505000.0
2020-12-21,133.9774880841072,134.0968059398485,133.3382824987778,133.76441955566406,8988200.0
2020-12-22,134.28425975257724,134.51437732314884,133.8751719640793,134.4547119140625,7370800.0
2020-12-23,133.4831405379347,133.5428059560723,132.49451264947814,133.5257568359375,9266600.0
2020-12-24,133.7218128107983,134.1735170830231,133.6792095058001,134.05419921875,3117100.0
2020-12-28,133.27862089253935,134.19054736903036,133.0399851974948,134.1138458251953,7791100.0
2020-12-29,133.2870896950229,134.0541308592524,133.26152252319292,133.94334411621094,9030900.0
2020-12-30,133.65355345050966,134.25866042958603,133.53422266091147,134.23309326171875,9097300.0
2020-12-31,134.19909455959268,134.72750037573826,134.19056349502802,134.42919921875,7742100.0
2021-01-04,133.52572267744748,134.81265131803394,133.41492293191857,134.26719665527344,13152900.0
2021-01-05,133.76441635993422,133.76441635993422,132.664988501489,133.2700958251953,10458100.0
2021-01-06,131.09679044953427,131.1223576286785,129.79279928983408,130.53428649902344,22827300.0
2021-01-07,129.36667890416942,129.69054722112858,128.91497467507935,129.38372802734375,14651900.0
2021-01-08,129.10244891346107,129.51154975573854,128.4035910660725,128.96609497070312,13622500.0
2021-01-11,128.6933558264189,128.872339063198,128.25870082948012,128.75302124023438,8370700.0
2021-01-12,128.51437463311672,128.8297248167735,127.78141856478062,128.65074157714844,12186300.0
2021-01-13,129.25588167255026,130.45759116817655,129.17918013146848,130.09962463378906,12533300.0
2021-01-14,130.04002937187838,130.091163755075,128.51445091491064,128.8809356689453,14835500.0
2021-01-15,129.70757964407673,129.8524646607276,129.09394133551478,129.39224243164062,11624700.0
2021-01-19,129.22177385663267,129.85246126970378,129.1280232006987,129.80984497070312,9575600.0
2021-01-20,129.53711333644387,129.9547192199231,129.3666481545603,129.93768310546875,5368900.0
2021-01-21,129.0684036633719,129.3326065779401,128.7786335638243,129.02578735351562,8162700.0
2021-01-22,129.41779219930538,129.55414613478757,129.05130767323735,129.443359375,9507200.0
2021-01-25,130.19339104583753,130.98601274690617,130.09112231202397,130.96896362304688,8712600.0
2021-01-26,130.48319651910333,130.90933365599827,130.329780387391,130.72183227539062,7690300.0
2021-01-27,131.30986877521238,131.67634037349254,130.8496335068258,131.05418395996094,7895200.0
2021-01-28,130.73879970924435,130.7899470627253,129.68198848796902,130.3297119140625,10667800.0
2021-01-29,129.05131859172252,129.96325795087614,128.94904988029157,129.54563903808594,14965900.0
2021-02-01,129.4056948779249,130.00297556704794,129.26064192626234,129.69580078125,8165500.0
2021-02-02,128.62067638298325,128.91931017319246,128.43295776297032,128.85958862304688,9177500.0
2021-02-03,128.35623238492428,128.49275746792694,127.63096729350114,127.7162857055664,9633100.0
2021-02-04,127.27253645376474,127.55411441730422,126.9653616771528,127.37492370605467,8262600.0
2021-02-05,127.22134603109028,127.6223801389802,126.29982167805017,126.308349609375,10258900.0
2021-02-08,126.53874539789597,127.35786955041462,126.3168889659584,126.86297607421876,11574800.0
2021-02-09,127.32374227449256,127.70770752709667,126.84591769171912,126.9568328857422,5218300.0
2021-02-10,127.37491331339812,127.80154418945312,127.25545718889238,127.80154418945312,8079800.0
2021-02-11,127.71625011496656,127.8101094559066,126.92272270317385,127.10191345214844,11962700.0
2021-02-12,126.02674431268449,126.35098790911844,125.455060564057,125.52332305908205,14088400.0
2021-02-16,123.91069215615464,124.2861294692434,123.4328675830392,123.61204528808594,17789100.0
2021-02-17,124.53360453250468,124.90051401650148,123.7059392297234,124.39707946777344,11199100.0
2021-02-18,123.39016397163834,124.23489766653324,123.14272382935512,123.89358520507812,10755300.0
2021-02-19,122.92094331845162,123.14279981022084,121.88850340740017,122.2468719482422,12741700.0
2021-02-22,122.042065644419,122.64788740713512,120.92429448169514,121.31678771972656,13203900.0
2021-02-23,120.7536796725058,121.58987304864397,120.4294358447231,120.9669952392578,12658500.0
2021-02-24,118.90204900161974,120.46350679535816,118.73992716014862,120.17340087890624,17363100.0
2021-02-25,119.04715149972236,119.3884511881939,116.56415525388392,118.21094512939452,52621700.0
2021-02-26,120.11367785373844,122.27242935706752,119.18361251448466,122.11883544921876,45423300.0
2021-03-01,120.16423308535472,120.80494951125864,119.6772823446714,120.50594329833984,22048000.0
2021-03-02,119.94209584537472,120.5657358133002,119.84812359235904,120.51448059082033,12482200.0
2021-03-03,119.07072884465347,119.72852156849052,118.54106113929754,119.20740509033205,19763700.0
2021-03-04,119.28433386925612,119.54916127729771,117.85767332224329,118.43858337402344,22366600.0
2021-03-05,118.03702660349047,119.03654246673142,117.88326094856409,118.66920471191406,20598000.0
2021-03-08,118.60087050594346,118.66066392076004,117.74658203125,117.74658203125,15236600.0
2021-03-09,118.97676399859736,119.44662528444525,118.72047483946142,119.37828063964844,14463400.0
2021-03-10,119.42953290730657,119.72852605605529,118.98529924483074,119.6174774169922,12387600.0
2021-03-11,118.8913203210223,119.07072662853436,118.2847828300294,118.75463104248048,14150700.0
2021-03-12,116.52495204642292,116.57622030874415,115.88423563919828,116.2344970703125,20402700.0
2021-03-15,116.60187083952027,117.1144362447961,116.53352617840126,116.91795349121094,11366500.0
2021-03-16,117.0546096303834,117.14003065600828,115.96965962522772,116.44805908203124,15567900.0
2021-03-17,115.45711366431615,115.78174754466605,114.60282495637328,115.57671356201172,27107500.0
2021-03-18,113.8852553010085,114.87623358942506,113.7827448006256,114.4063720703125,21615100.0
2021-03-19,114.54304554036273,115.18376214971596,114.30384571570386,115.11541748046876,18685000.0
2021-03-22,115.9184120505755,116.53350083144882,115.6450334655614,116.40534973144533,17047500.0
2021-03-23,116.68727866633203,117.4988502426097,116.31138959047888,117.45614624023438,16768400.0
2021-03-24,117.08877144345344,118.13100438257617,116.99479919368316,118.08828735351562,13863000.0
2021-03-25,118.22502652749652,118.45568815344504,117.11444848025512,117.15716552734376,20782000.0
2021-03-26,116.5420363783938,117.24255921003392,116.37118128434268,116.7470703125,8433300.0
2021-03-29,116.89235512604525,116.90944455445458,115.30337720475336,115.7561492919922,13968100.0
2021-03-30,115.58525746559071,116.61893943685328,115.33750645616028,116.36266326904295,15020800.0
2021-03-31,116.47371821592856,116.68729039090368,115.3118850626475,115.7134017944336,19271300.0
2021-04-01,116.81265682834196,117.7279890374574,116.59879257675335,117.6338882446289,14885900.0
2021-04-02,116.81265682834196,117.7279890374574,116.59879257675335,117.6338882446289,14885900.0
2021-04-05,116.81266329546656,117.17195369163832,116.29083397057067,117.1206283569336,8243000.0
2021-04-06,117.33446382467804,118.03593164888942,117.2061374661708,117.91616821289062,9282400.0
2021-04-07,117.58261276275908,118.1386678845758,117.09500885009766,117.09500885009766,11052700.0
2021-04-08,117.5312358312265,118.11295337457128,117.50557316567696,118.06161499023438,7847900.0
2021-04-09,117.62533837373104,118.21560579663368,117.2745978683486,117.6338882446289,8717800.0
2021-04-12,117.59112060197732,117.65099580207284,117.2831555712702,117.58255767822266,7659000.0
2021-04-13,117.4542813248683,118.48937727247625,117.3687303798177,118.46371459960938,13232800.0
2021-04-14,118.07871514479312,118.25836683764626,117.68521227966556,118.08726501464844,7293200.0
2021-04-15,119.32772186048167,120.60234465251423,119.30205919038976,120.06341552734376,23896700.0
2021-04-16,118.99408009170364,119.53300915344788,118.84864090731256,119.13094329833984,15238400.0
2021-04-19,118.68606854916332,119.17367208578996,118.5235296858766,118.7887191772461,13886800.0
2021-04-20,118.43801785352152,119.55866442378326,118.42090505878625,119.33625030517578,11476500.0
2021-04-21,119.37046077293212,119.68698873047988,118.9684080029033,119.57577514648438,11902200.0
2021-04-22,119.76399797447972,120.09762573242188,119.07962966112042,120.09762573242188,14156400.0
2021-04-23,120.08908306844228,120.1660710818408,119.32772670060643,119.8153305053711,12302200.0
2021-04-26,119.89230288055842,120.2002679472236,119.63567620270322,119.64422607421876,9103500.0
2021-04-27,119.41324462355672,119.610009140335,118.5064622531472,118.6005630493164,14137300.0
2021-04-28,118.60912076507287,118.8144351666316,118.01886633541532,118.67755889892578,15263700.0
2021-04-29,117.58253356995657,118.36100238424872,117.30879418391878,118.32678985595705,17178200.0
2021-04-30,118.48934945750594,118.67755104984435,118.0359582723012,118.6005630493164,15692000.0
2021-05-03,118.8258402292555,119.6397132506964,118.46602309574612,118.67163848876952,16447700.0
2021-05-04,119.50267478284574,120.07666983722616,119.219958459516,119.47697448730467,18639700.0
2021-05-05,119.10862415907629,119.81113401339272,119.01438535111632,119.67405700683594,11127900.0
2021-05-06,119.29705295002717,120.10236369347848,119.25421476896275,119.8710479736328,21907600.0
2021-05-07,120.0252472483886,120.45360285873636,119.00575880418084,119.27989959716795,18346900.0
2021-05-10,119.04005842787352,119.29707448828476,117.96060666100216,118.07198333740234,15146200.0
2021-05-11,117.56648664827624,117.78066447074316,117.17240677546816,117.4037094116211,15158600.0
2021-05-12,117.08674120043814,117.19811786153858,115.96445139893638,116.1700668334961,20859400.0
2021-05-13,116.45274622839337,116.82970124501853,116.1957433283084,116.34994506835938,13073900.0
2021-05-14,116.96680204370264,117.43799591064452,116.70122361116576,117.43799591064452,17566700.0
2021-05-17,117.22379755881032,117.51507623563764,117.00105734812637,117.18952178955078,6113800.0
2021-05-18,116.85545657643362,117.0011090515877,116.57275325318086,116.88973236083984,11423100.0
2021-05-19,116.97538958038226,117.6264987263493,116.18721652107872,116.60700988769533,14296000.0
2021-05-20,117.16387282556131,117.78928170095531,117.08677191951487,117.5665283203125,13310500.0
2021-05-21,117.9349037779033,117.9691664847634,117.42087166834476,117.94346618652344,10171600.0
2021-05-24,118.21763738950624,118.72309409185668,118.13196100127874,118.38040161132812,6868700.0
2021-05-25,118.76590247511989,119.51123719056667,118.75732699502072,119.47697448730467,12346900.0
2021-05-26,119.58834898959802,119.86250293022329,118.98009117645222,119.27136993408205,9793700.0
2021-05-27,118.65451088902635,118.81728812189844,118.21759284740392,118.79158782958984,10695200.0
2021-05-28,118.72311141984116,119.3399449024397,118.51749590151388,118.6031723022461,10258000.0
2021-06-01,118.24196301333626,118.61944774275568,117.7529281753896,118.5765609741211,11778500.0
2021-06-02,118.86822914720776,119.07412747665148,118.67090555109222,118.85106658935548,7347900.0
2021-06-03,118.83391007388838,118.83391007388838,118.26767654793076,118.40493774414062,10994000.0
2021-06-04,118.84248128943013,120.02643585205078,118.84248128943013,120.02643585205078,15773700.0
2021-06-07,119.76048089880058,119.86344315051532,119.52884528763208,119.65753173828124,7799800.0
2021-06-08,120.67850330772951,120.67850330772951,120.29243081524358,120.49832916259766,11230900.0
2021-06-09,121.62222888351364,121.95682677339973,121.18468182479994,121.56217956542967,12768300.0
2021-06-10,120.82434201847973,122.30858254079004,120.69564247117442,122.29141998291016,19698300.0
2021-06-11,122.0940933227539,122.17130519448204,121.69085831546842,122.0940933227539,8646700.0
2021-06-14,121.91394632601386,121.91394632601386,120.97877665969072,121.15895080566406,9401300.0
2021-06-15,120.7986287322638,121.04742696058152,120.52408011641116,121.01311492919922,18207300.0
2021-06-16,121.31337604985453,121.54502478573848,120.29243284751584,120.91014099121094,19676300.0
2021-06-17,121.708090069617,124.34197466855066,121.51934110394971,122.720458984375,35225800.0
2021-06-21,123.87864284492294,123.9644425570366,122.70326271791446,122.93489837646484,16485000.0
2021-06-22,121.97399633113218,123.26948811427177,121.93109647792684,123.23517608642578,14530200.0
2021-06-23,122.78047319623,123.11507112371972,122.43730053410648,122.9177474975586,12040900.0
2021-06-24,123.0464370053591,123.4582468282954,122.9692251181582,123.11507415771484,8788400.0
2021-06-25,122.90913112349196,123.0292428364565,121.28761645287304,121.83670043945312,15562200.0
2021-06-28,122.44591197476718,123.37249414970292,122.42874940915677,123.08937072753906,11460700.0
2021-06-29,122.7718727121334,123.30379415422212,122.72038504153548,123.29521942138672,11217900.0
2021-06-30,123.75852249844137,124.34191860842022,123.60409873681066,123.84432220458984,15708900.0
2021-07-01,123.6879187741404,123.97141120979826,123.3013429467031,123.85114288330078,10810000.0
2021-07-02,123.9027627449022,124.59860229492188,123.7996792880912,124.59860229492188,9650200.0
2021-07-06,125.1826813732987,126.2736952276111,125.1826813732987,126.05892944335938,20037200.0
2021-07-07,126.77199535468148,127.62245975235297,126.4713179139634,127.17574310302734,20964400.0
2021-07-08,127.89735319813184,128.37842656723828,127.28741246412936,127.67398834228516,17487800.0
2021-07-09,126.17067193487134,126.2737684847421,125.84423666704782,125.87859344482422,14483600.0
2021-07-12,126.35963723550424,126.47990559181405,125.5693004500018,125.71533966064452,10610400.0
2021-07-13,126.12776520331676,126.67756556240263,124.2549991278754,124.75325775146484,23340200.0
2021-07-14,125.43180605634664,126.21355667034946,125.25999604766534,126.17060089111328,16038600.0
2021-07-15,127.09837735362564,127.65677620867366,126.30804090987324,127.5622787475586,18462400.0
2021-07-16,126.57440611364272,127.4334695672848,126.55723428252284,127.3218002319336,12787900.0
2021-07-19,129.67566915139034,130.53473289284807,129.3921765437166,130.11380004882812,40203900.0
2021-07-20,131.0329572378782,131.18759548728357,128.65334762477318,128.85952758789062,25674800.0
2021-07-21,127.2960389927349,127.57094563894348,125.9988576651479,127.22732543945312,19988900.0
2021-07-22,127.2359402912052,128.6963461335549,127.19298447943277,128.43003845214844,18136900.0
2021-07-23,127.08982661302808,127.70835323726936,127.0468708264041,127.5708999633789,12639300.0
2021-07-26,128.0004769015774,128.05201862045612,127.03832986045366,127.19295501708984,10737700.0
2021-07-27,128.2840157704785,128.59327930365632,127.99193718588695,128.55032348632812,13036500.0
2021-07-28,127.71694423521002,128.57600756882275,127.3733241450714,128.55882263183594,14346700.0
2021-07-29,127.81141718096676,128.18940707248868,127.5966513888078,127.84578704833984,11532000.0
2021-07-30,128.11223115627115,128.6190758202983,128.05209037836403,128.447265625,14342100.0
2021-08-02,128.5434835826422,130.07447888900484,128.3112501234716,129.5928192138672,21232700.0
2021-08-03,129.66162109375,130.0744703418481,129.35198087661618,129.66162109375,13361900.0
2021-08-04,130.30671908958786,130.5819607034729,128.77572370401924,129.9282684326172,18267900.0
2021-08-05,129.67022885791056,129.80784966077474,129.016549730669,129.26597595214844,15345400.0
2021-08-06,127.57161430425587,127.95005195519909,127.02974041030258,127.10714721679688,21144300.0
2021-08-09,127.42540824275892,127.7780568163513,126.63410789115474,126.65131378173828,12942400.0
2021-08-10,126.8576910054144,126.92650141415952,126.0577814874656,126.06639099121094,13716900.0
2021-08-11,125.92875174053106,126.63403535950432,125.32667715744618,125.98895263671876,17227600.0
2021-08-12,125.6535225652157,125.9545664486336,125.0858465632383,125.78254699707033,14709400.0
2021-08-13,126.2900634112668,127.7780513388534,126.27285752142085,127.76945495605467,18653800.0
2021-08-16,128.3198550976245,129.03374820673903,127.9930089906406,128.0790252685547,19170900.0
2021-08-17,128.05323756419293,128.56069953853515,127.87260860974013,128.02743530273438,14126900.0
2021-08-18,127.90706448202724,128.56074387146398,127.68342730661011,128.45753479003906,13144000.0
2021-08-19,129.28322578468843,129.41225025282753,128.85317047271795,129.4036407470703,15474300.0
2021-08-20,129.52397687642318,129.7132021484605,129.11112770299567,129.4895782470703,12388400.0
2021-08-23,129.18861309108507,129.44664890311668,128.94778316632133,129.4036407470703,10615000.0
2021-08-24,128.81015775970647,129.07680306806208,128.39730834960938,128.39730834960938,13835900.0
2021-08-25,128.33705187282607,128.47465953378773,126.9350680125906,127.3307113647461,16743800.0
2021-08-26,127.2705916673622,127.78666337898277,126.8749349385533,127.68344116210938,16657400.0
2021-08-27,127.7865958501736,128.57789576538033,127.58016464976416,128.55209350585938,15384700.0
2021-08-30,128.14784728987374,128.930537743225,128.09622964389845,128.88754272460938,10596300.0
2021-08-31,128.7326822341353,129.09392691565608,127.72635495184764,128.01019287109375,15262400.0
2021-09-01,128.5519321540788,128.6552724349255,127.8801940467132,128.22467041015625,10807100.0
2021-09-02,128.52610363042706,128.7930747968334,128.10410889392347,128.78445434570312,9765900.0
2021-09-03,127.6907080366488,127.89738856586033,127.40650916805411,127.61318969726562,12928000.0
2021-09-07,126.82091157761154,127.04483305476543,126.30419699996084,126.53671264648438,15547800.0
2021-09-08,127.16540305108754,127.62184018175496,126.93287426007126,127.39791870117188,14533700.0
2021-09-09,127.604629711147,129.08590204416203,127.32905118969018,128.9394989013672,20324600.0
2021-09-10,128.2332983219775,128.4658271321718,127.59601563312845,127.80269622802734,14894600.0
2021-09-13,128.35385257289232,128.74140492849665,128.27634735814414,128.57777404785156,15036100.0
2021-09-14,128.9481152898152,130.53274117823773,128.81893990206038,130.13658142089844,19918400.0
2021-09-15,130.22263156542937,130.25707393520597,129.12027861867193,129.68006896972656,11940300.0
2021-09-16,128.89641051972774,129.56814863752774,128.75000740594376,129.08587646484375,13328900.0
2021-09-17,128.47438184375193,128.62940536738995,128.06100768226335,128.4657745361328,13782900.0
2021-09-20,129.6715427096403,130.3604956631974,129.37872324934975,130.05908203125,14660400.0
2021-09-21,129.79207209347737,130.00737311250643,129.35284960446208,129.94708251953125,10035800.0
2021-09-22,129.86100932106336,130.7222137451172,129.55959565720653,130.7222137451172,22277800.0
2021-09-23,129.54235118209922,129.5681862602139,127.75104463418089,127.76827239990234,23853300.0
2021-09-24,127.32039890295049,127.32901935332838,126.37308236744346,126.5194854736328,20203900.0
2021-09-27,125.78744934391403,126.48502245478193,125.63243893746768,126.0544204711914,13464300.0
2021-09-28,124.29760560703691,124.93490145522804,123.70337259767132,124.09091186523438,26613500.0
2021-09-29,124.70230421687955,125.2448536374094,123.74636753956123,124.30614471435548,23569400.0
2021-09-30,124.09955071745556,124.45263450993556,123.7119982514978,124.2890167236328,22567600.0
2021-10-01,124.9037893297214,125.37804239518412,124.34328809967904,125.3349380493164,26151800.0
2021-10-04,124.74860473936972,125.42982728003842,124.25710189997778,125.0159149169922,28027600.0
2021-10-05,124.68824786567508,124.77446973777263,123.7052290519591,123.80870056152344,22659200.0
2021-10-06,124.36918559111204,124.79171617369008,124.19672869372312,124.50715637207033,18696500.0
2021-10-07,123.47235767642736,123.60169701381284,122.95497401165905,123.20504760742188,14856000.0
2021-10-08,122.67045283978187,122.748069624204,122.04097927078058,122.34278869628906,17257800.0
2021-10-12,122.98946463458232,124.17942592778547,122.8601121486694,124.11907196044922,17968700.0
2021-10-13,124.69688888233875,125.49020130167855,124.67102100022274,125.32636260986328,23584600.0
2021-10-14,125.35215111959656,125.86091651351217,124.98998784167152,125.79193115234376,12946400.0
2021-10-15,125.03316837610416,125.15388952961082,124.5761516408562,125.0590362548828,11811500.0
2021-10-18,125.03311071203385,125.89540802728926,124.61921168484284,125.64534759521484,12115900.0
2021-10-19,124.73996658770224,124.8003205741676,123.86903764239683,123.9121551513672,12156300.0
2021-10-20,123.52414310826664,123.89492479635535,122.88603808600833,123.07574462890624,12782500.0
2021-10-21,123.30854356268756,123.43788292575594,122.64457079783296,122.92913055419922,13660000.0
2021-10-22,123.69658217306088,124.51576222236262,123.4896391798323,124.28295135498048,13740000.0
2021-10-25,123.88629792308382,124.42954963603592,123.85181180751398,124.09325408935548,8137900.0
2021-10-26,124.70548005576391,125.11939239501952,123.94666708236414,125.11939239501952,13671000.0
2021-10-27,126.2403699209615,127.7752586759172,125.8350889753433,127.39585876464844,22092300.0
2021-10-28,127.4389442704499,127.90459229797656,126.61976426067928,126.96469116210938,17497600.0
2021-10-29,126.30073327920444,127.62004758336906,126.17139389943044,127.3527374267578,19087300.0
2021-11-01,125.8831797785361,126.71203282651965,125.79683488111289,126.43575286865234,18035500.0
2021-11-02,126.48760841894294,127.41144915226158,126.48760841894294,126.99700927734376,9836700.0
2021-11-03,127.62730440812398,127.76543786530576,125.650118620148,125.68466186523438,20639400.0
2021-11-04,125.94373409918782,127.23020055506606,125.92647564229424,127.00572204589844,15922400.0
2021-11-05,128.23167252507747,129.14687085460096,127.89494836281156,128.90512084960938,21513000.0
2021-11-08,128.61151315144963,128.88779310497046,128.22297429353935,128.66331481933594,12083800.0
2021-11-09,130.20023226468336,131.03772816439647,130.0620856231167,130.33837890625,23430200.0
2021-11-10,130.2261440431415,130.31247582057486,126.9452334897034,127.95540618896484,28170600.0
2021-11-12,127.78266712195504,128.22299454290803,126.71205084383088,127.20419311523438,12712000.0
2021-11-15,126.82434907079256,126.88479316747116,125.38247806796082,125.6069564819336,15232700.0
2021-11-16,125.78828547205792,126.38403138887831,125.06303530131564,125.28751373291016,12998700.0
2021-11-17,124.8212661639094,126.3062963546376,124.7262920007547,126.2803955078125,14239900.0
2021-11-18,126.04727826964772,126.83295918737905,126.0127350269244,126.75525665283205,11054600.0
2021-11-19,127.42010317591044,128.30077161353267,127.42010317591044,128.0935516357422,14022100.0
2021-11-22,127.26467306763384,127.47189302615983,126.16816870320396,126.59122467041016,15266000.0
2021-11-23,125.99542316316166,126.15084135700276,124.76077270507812,124.76077270507812,15318500.0
2021-11-24,125.14067320254738,126.76386260986328,125.01115584114775,126.76386260986328,13769700.0
2021-11-26,128.49926997403634,130.09654518791334,128.36112340734095,129.967041015625,20064800.0
2021-11-29,128.05033959719125,129.19865858400905,127.92946460775704,128.92237854003906,23234200.0
2021-11-30,130.22614736110003,131.29676418879345,129.7253756114236,130.88232421875,31481100.0
2021-12-01,130.09043489836333,131.7501690181385,129.4853123711335,131.6896514892578,30826500.0
2021-12-02,132.1996700868439,132.2515479070162,130.3238245642994,131.85389709472656,17754200.0
2021-12-03,131.1191636537855,134.09286002024237,130.83390807980263,133.42724609375,34427100.0
2021-12-06,133.1678715846934,133.42720795002975,131.335237609273,131.59457397460938,30924200.0
2021-12-07,131.1537590383071,131.85395824583864,130.41033488911552,130.53135681152344,22115900.0
2021-12-08,130.0731648729707,130.08180458271315,128.2491836471729,128.27511596679688,33633900.0
2021-12-09,129.09632875928682,129.52855164640675,128.3529048658247,128.9925994873047,17544900.0
2021-12-10,129.5977529827188,129.87438205597977,128.63821731924514,128.6814422607422,14298700.0
2021-12-13,130.00398338610916,130.7992718172297,129.93482614987337,130.58316040039062,17860500.0
2021-12-14,129.98668874884245,130.4707762045367,129.07037846622202,130.27195739746094,14015500.0
2021-12-15,129.3297557490355,130.3497956121587,128.91482539712084,129.0185546875,25383900.0
2021-12-16,128.73122756620882,129.70915641138706,128.71391546839055,129.06874084472656,18677900.0
2021-12-17,130.1072352367944,130.66110348987883,129.95146598058037,130.5312957763672,18093500.0
2021-12-20,130.46202281499896,130.69568983691568,129.46679541891103,129.55332946777344,17147300.0
2021-12-21,128.20337918550976,129.1207227085286,127.75335687421592,129.06015014648438,16598200.0
2021-12-22,129.5792982297672,129.69180702534575,128.9648575891252,129.65719604492188,12253900.0
2021-12-23,129.45815794123067,129.46682059148108,128.1081050281188,128.53216552734375,11642500.0
2021-12-27,128.4802447075163,128.95621509032088,128.35908644921443,128.84371948242188,7821800.0
2021-12-28,129.46681042244998,129.62257965160816,128.09078287192713,128.33309936523438,9174600.0
2021-12-29,127.1388579017814,127.48502062657224,126.70614789316213,126.93115234375,11771200.0
2021-12-30,127.43311057030732,128.05621410286162,126.74077184466223,127.9956283569336,10355000.0
2022-01-03,126.70613298528454,127.16480448403412,124.86278433976578,124.88009643554688,33860400.0
2022-01-04,124.28294759560804,124.73296962380304,123.53003653719767,124.36083221435548,21996400.0
2022-01-05,124.74158109995984,124.75889318949848,123.50403740567891,123.6857681274414,20911700.0
2022-01-06,123.4002586330842,124.13587105827123,123.14062994153208,124.00605010986328,18996400.0
2022-01-07,123.8675636302238,123.96276035444134,122.50884794868792,123.11463928222656,18756800.0
2022-01-10,122.58673252875973,123.59062285552744,122.33576654969814,123.41754150390624,13775800.0
2022-01-11,123.65116786886358,124.30023262762889,123.49538546002664,124.2396469116211,24388700.0
2022-01-12,124.53391026672156,124.62910697776978,123.75503768924244,123.76368713378906,14440600.0
2022-01-13,124.09256971901198,124.98395123707076,123.78101799972129,124.86279296875,15166000.0
2022-01-14,124.11856700678986,124.15319121071629,122.70792781524256,122.9762191772461,22997500.0
2022-01-18,121.98958476141966,122.29247377805513,121.17608801028344,121.24532318115234,21171700.0
2022-01-19,121.61743614371991,122.63863831320882,121.42704274271787,122.08477020263672,17930500.0
2022-01-20,122.34439662121552,122.88096589310992,122.10208012626651,122.8376922607422,13959000.0
2022-01-21,124.10123683831304,124.70704147145132,123.4694838639044,124.30029296875,28916600.0
2022-01-24,124.88008470966584,124.9406572313222,123.26174064021946,123.279052734375,25001600.0
2022-01-25,123.85023258207424,124.3694897629431,122.71653471594446,123.08000946044922,15599000.0
2022-01-26,123.1146027411813,123.38289394271742,121.5828193678592,121.59146881103516,23655500.0
2022-01-27,123.24448801024096,124.0752839679184,123.17525281289056,123.8243179321289,21501800.0
2022-01-28,122.96747175602783,124.15310562579548,122.7597794967005,123.86751556396484,12826500.0
2022-01-31,123.04542881236992,123.71180601572487,122.85504853096045,123.2271728515625,13998400.0
2022-02-01,123.30340787528276,123.3727394643321,122.24612428366532,122.81809997558594,20806100.0
2022-02-02,123.01745165857552,124.4213935564098,123.00011545094372,123.2341079711914,18404600.0
2022-02-03,121.7088470333171,122.61013143645874,121.4835160147932,122.27214813232422,17234100.0
2022-02-04,121.19751087360982,121.44882630382396,120.27021578135324,120.46953582763672,23609800.0
2022-02-07,120.38284742115528,120.7294920323454,120.07086198162644,120.5475082397461,12962400.0
2022-02-08,119.77629534402227,120.09694249169114,119.4383119867446,119.74162292480467,16269200.0
2022-02-09,120.2182323654059,120.78153337892977,119.75892213009584,119.96690368652344,14349100.0
2022-02-10,119.2995754694568,119.44690010149402,117.72231195533152,118.06029510498048,30896200.0
2022-02-11,118.61495873289584,120.03622319453748,117.30635975207544,119.81090545654295,43210300.0
2022-02-14,118.840300462525,119.36894228586958,117.835012204419,118.32032012939452,23157400.0
2022-02-15,117.51435199949876,117.7223335305413,116.9423763418364,116.97703552246094,18198500.0
2022-02-16,117.81765851597692,117.92166250135811,116.56971648058014,117.67033386230467,16473700.0
2022-02-17,118.2509592424303,119.2215880755767,117.77431292574848,118.5456085205078,24508200.0
2022-02-18,119.178290300508,119.91491371890824,118.86630472811204,119.79358673095705,17522600.0
2022-02-22,119.325656120449,120.17494532889096,119.1349974702767,120.1056137084961,19534000.0
2022-02-23,119.31688872335162,119.46422656702968,118.35494794965612,118.45026397705078,17757800.0
2022-02-24,120.54753513290262,120.78151434701486,118.07764875031782,118.5282974243164,28150400.0
2022-02-25,118.60628296962086,118.99626152537604,118.01697116814822,118.6149444580078,15025400.0
2022-02-28,119.96693929341306,121.36220661771884,119.87162320085956,121.21488189697266,25817700.0
2022-03-01,121.80057876106753,123.51009206826504,121.488180054139,122.61628723144533,35664400.0
2022-03-02,121.3493630641382,121.85267295127844,118.37290827709,118.42497253417967,30397400.0
2022-03-03,119.31006240067794,120.36005985679728,118.90220820960896,119.63113403320312,20649100.0
2022-03-04,121.80057013160246,122.19975137818088,120.88940619751942,121.69644165039062,25853100.0
2022-03-07,120.7245377924766,122.04355604776669,120.42082528209576,120.76792907714844,23710900.0
2022-03-08,119.32744065147448,119.9695973316779,119.10182447575257,119.55307006835938,28331300.0
2022-03-09,118.94559853480484,119.17988760690696,118.12989015920976,118.38153839111328,18819200.0
2022-03-10,117.0018350170117,117.29687465872374,116.03860645869818,116.6807632446289,26868900.0
2022-03-11,116.56793342306388,117.53983481869304,116.4638049138646,117.0712432861328,15583800.0
2022-03-14,115.15343121060076,115.31831013727364,114.30301769746504,114.33772277832033,24385000.0
2022-03-15,115.2922847598334,115.54393302394352,113.84310589819005,114.13814544677734,17518800.0
2022-03-16,114.39849896937255,115.52660634789848,113.0881667033122,115.25759887695312,25857700.0
2022-03-17,115.25762918623234,115.7088616633727,113.73902626533696,114.39852905273438,19330600.0
2022-03-18,115.04068829406084,115.88241603434274,115.04068829406084,115.79564666748048,55891700.0
2022-03-21,113.92118844022602,114.25961923221898,112.59349739154904,113.11416625976562,26122000.0
2022-03-22,111.90799713472032,112.2377418272031,111.36996894174553,111.66500854492188,21830900.0
2022-03-23,112.26378382451324,114.19892706285574,111.82122438083962,114.11214447021484,21266100.0
2022-03-24,112.50674267400024,113.8344340512272,112.463364625214,113.21832275390624,17141600.0
2022-03-25,112.37656996758248,112.39392912992886,110.77119172073314,111.64764404296876,25684500.0
2022-03-28,112.28115446583725,113.29644734590354,111.97742860171942,112.60222625732422,17657800.0
2022-03-29,113.29641546942608,114.15551531446238,112.5848486536802,113.45262145996094,19319700.0
2022-03-30,112.87119808159248,114.55466594685618,112.80177467872178,114.33772277832033,16310200.0
2022-03-31,114.52865778661804,115.12742317563112,114.25097735820154,114.61544036865234,19901000.0
2022-04-01,112.99196901033996,115.55583103603578,112.73124896696804,115.05175018310548,23489700.0
2022-04-04,114.66064784373596,114.70410560639048,113.60035535136014,114.25218200683594,13609900.0
2022-04-05,113.6437577991806,113.66114355009832,111.49707508060192,111.67090606689452,25196900.0
2022-04-06,109.88056297035304,111.5057860507498,109.85449097201716,110.7670440673828,22952000.0
2022-04-07,109.60245997792413,110.08915500374644,108.99409119564622,109.9327163696289,23458800.0
2022-04-08,109.02884880617113,109.35911182667056,107.99462188233562,108.74205017089844,26859200.0
2022-04-11,107.69911583005246,107.93377707798707,106.51713660613814,107.0212173461914,30020700.0
2022-04-12,107.81209048072094,107.90769221763672,106.61272564694868,106.87345886230467,23124200.0
2022-04-13,106.94302113409796,108.02939881067056,106.80396160874956,107.09076690673828,17189500.0
2022-04-14,106.77787470123894,106.8387115774064,104.62249877425074,104.9440689086914,34274500.0
2022-04-15,106.77787470123894,106.8387115774064,104.62249877425074,104.9440689086914,34274500.0
2022-04-18,105.0483696026728,105.23088024171165,104.02282889470024,104.42261505126952,18784300.0
2022-04-19,103.55350250487784,104.04889036950108,103.1363306359058,103.64041137695312,26012300.0
2022-04-20,104.48341860691696,106.00434674454382,104.22268541674988,105.72623443603516,31423200.0
2022-04-21,105.01359866166057,105.0831284146297,103.57088612580064,104.9440689086914,23323200.0
2022-04-22,104.3530914676394,105.54376376120445,104.12712305943752,104.28356170654295,19773400.0
2022-04-25,105.49159428609865,106.19557138771692,105.27431879451608,105.32646942138672,25418900.0
2022-04-26,106.41283652190396,106.9256034493836,105.82184697709287,106.3867645263672,26931300.0
2022-04-27,106.19558621374767,106.30856709808408,104.9614562099126,105.02229309082033,14560500.0
2022-04-28,104.63119429693614,105.22218395067428,104.30093790806455,105.17872619628906,16892500.0
2022-04-29,103.69255812228404,105.13527063371414,103.51874037352664,103.8142318725586,26153400.0
2022-05-02,102.60671265232516,102.96364753183909,101.79707177683235,102.01471710205078,29233900.0
2022-05-03,103.6340290164232,103.86908311358955,102.63285890061957,102.70250701904295,21256700.0
2022-05-04,102.70250749950054,103.57308905783552,102.16274454220918,103.26838684082033,25575700.0
2022-05-05,101.29215386275057,101.39662603146694,99.26369742040538,100.4389877319336,48384500.0
2022-05-06,99.36817401028824,100.1516987054984,98.645589755705,98.95899963378906,32790500.0
2022-05-09,98.25381675629605,99.86439100840224,98.04487908128996,99.8295669555664,26773000.0
2022-05-10,100.89170557098775,101.82322765865544,100.5347705529897,100.73500061035156,33640800.0
2022-05-11,99.89054146127587,102.67640686035156,99.62937093893238,102.67640686035156,34173600.0
2022-05-12,102.74602611769224,103.50343441683944,102.43262288709006,102.48485565185548,26405700.0
2022-05-13,101.84063620694408,101.98863348154303,100.90040650594402,100.97005462646484,20782700.0
2022-05-16,101.1702722557347,101.80579965398285,100.8568623938602,100.86557006835938,11050600.0
2022-05-17,99.86437382689677,100.42154529239188,99.55967171951784,99.646728515625,15040800.0
2022-05-18,99.87310537194575,101.8580300224829,99.7773408807348,101.7709732055664,21337300.0
2022-05-19,103.28576500428528,103.35541310243714,101.72742367868052,102.01471710205078,21937500.0
2022-05-20,101.93638427781738,103.61660683241524,101.91026789563348,103.17261505126952,22780900.0
2022-05-23,102.47613791564386,102.94625267840452,101.457559250667,101.47496795654295,15925200.0
2022-05-24,102.6415603655757,104.15637031857534,102.60673630847104,103.4773178100586,23388200.0
2022-05-25,104.13022867857696,104.13893635124344,103.24223204282332,103.88646697998048,14410800.0
2022-05-26,103.6166042262565,103.67754466382272,102.55450040610356,103.41637420654295,14912900.0
2022-05-27,103.91261553384608,104.24343413552522,103.3728525755178,103.66885375976562,11190400.0
2022-05-31,102.01473082682574,102.05826255452936,100.92650405432676,101.47496795654295,28393700.0
2022-06-01,102.06542468934012,102.335782997471,100.89677308944655,101.35900115966795,15544800.0
2022-06-02,101.71657551407348,101.78634754941064,100.69618444912072,101.4113311767578,9832000.0
2022-06-03,100.3734859933718,101.21945355821518,100.18162289181242,101.19329071044922,15330400.0
2022-06-06,100.42582874058306,100.73979625393603,99.2571704066964,99.32694244384766,20815400.0
2022-06-07,99.9548622220301,100.9752531578486,99.92869937554654,100.39965057373048,14278700.0
2022-06-08,100.01588499208488,100.40834089461724,99.49260823743342,99.51004791259766,11476100.0
2022-06-09,99.28330694497414,100.04206267679533,99.14376956147971,99.84147644042967,15527300.0
2022-06-10,99.73680451131334,99.954837048868,98.52454413481536,99.22224426269533,21917100.0
2022-06-13,97.23380591176654,97.39078963293323,95.27151272409604,96.10875701904295,36968300.0
2022-06-14,96.39658037477622,96.78904308097596,94.7046451233908,94.89651489257812,21865900.0
2022-06-15,96.01281819132136,96.79773676476654,95.08836223472252,96.66691589355467,25202800.0
2022-06-16,94.58252512716626,97.43439483642578,94.29472719495206,97.43439483642578,26067300.0
2022-06-17,97.68731845366872,98.40246504587016,96.7715789613184,97.74836730957033,21614300.0
2022-06-21,96.01282865972316,96.8239101650788,95.76863322220991,96.09132385253906,17663800.0
2022-06-22,98.2803818157746,98.82109843234213,98.0100168536636,98.73388671875,23703800.0
2022-06-23,99.33566582269158,100.44326863604994,98.97808912190354,99.54497528076172,20669200.0
2022-06-24,98.9518877790303,99.57109939807542,98.11464361861051,98.1669692993164,18161300.0
2022-06-27,96.99832770182996,97.87045795391788,96.94600201592894,97.3297348022461,12053000.0
2022-06-28,97.05939432148996,97.83558985563629,96.69310114547578,97.78326416015624,13706600.0
2022-06-29,98.00999983374312,99.33564160391724,97.82685327085578,99.30947875976562,12925400.0
2022-06-30,100.1728869413374,100.96652205554436,100.07695207588668,100.18161010742188,25802100.0
2022-07-01,101.280046586737,102.75686065954504,100.68582344885534,101.21013641357422,21858800.0
2022-07-05,102.14514660323152,102.89666417429764,101.5159684816878,102.00533294677734,16689700.0
2022-07-06,102.5821111371276,102.713191069647,100.2926025390625,100.2926025390625,20205400.0
2022-07-07,100.58096918914408,100.64213893060108,99.19153934733409,99.41000366210938,13088000.0
2022-07-08,99.18277889675564,99.18277889675564,97.91568879350916,98.30892181396484,15320000.0
2022-07-11,99.4362029616574,100.31006008584772,99.35755235363986,100.00421142578124,13639900.0
2022-07-12,100.9392535034982,101.56843179451468,100.46736978523586,100.59844970703124,18547300.0
2022-07-13,99.41875636148502,101.93547001370146,99.13912225201688,101.75196075439452,20594800.0
2022-07-14,100.56349019612044,101.50725759115844,100.0304367600528,100.92176818847656,15665000.0
2022-07-15,101.22761677952492,102.0839997853475,101.0178929142832,101.48977661132812,16022600.0
2022-07-18,100.71205288996592,100.77322263371792,99.777025854327,100.4324188232422,15838300.0
2022-07-19,100.41491403148436,100.62463785090937,99.32259274927084,99.89059448242188,9276800.0
2022-07-20,100.91302913570092,100.97419887104854,99.66341311331274,100.15277099609376,9117300.0
2022-07-21,100.65961608043744,101.99661657061368,100.50232151294604,101.8830108642578,14754900.0
2022-07-22,103.368574667701,104.22495103723448,103.08894061501636,103.59577941894533,17715300.0
2022-07-25,101.98786914500664,102.71317219358652,101.77814529171889,102.58209228515624,24868100.0
2022-07-26,103.86669508918216,104.19875851382304,102.59086403618954,102.66077423095705,13536000.0
2022-07-27,103.12389185352949,103.54333958339014,101.98787480673737,102.08399963378906,15725600.0
2022-07-28,103.15885020836676,103.91910174293562,102.52093148746256,102.89669036865234,16637900.0
2022-07-29,102.8529886789076,104.25989928929906,102.52966578522842,102.61705017089844,16655900.0
2022-08-01,103.52139227169796,105.14096451475532,103.37256819446448,105.08843994140624,17974600.0
2022-08-02,105.18473815742404,105.65747934912748,102.68096444531878,102.86480712890624,17896300.0
2022-08-03,102.57590434815086,104.6069367839532,101.84053364443172,104.484375,16731200.0
2022-08-04,104.16046426300449,104.6594677187747,103.77526626938668,104.44935607910156,11003000.0
2022-08-05,102.48834702991915,102.52336563180494,101.4553216511926,101.96308135986328,19492300.0
2022-08-08,102.98735207089146,103.76649760778498,102.91731486599608,103.60891723632812,17476300.0
2022-08-09,103.06615479100856,103.61768280075326,102.82978087317792,103.20622253417967,8223200.0
2022-08-10,103.06616473721178,104.09919032436382,102.1907195507818,102.53214263916016,14665300.0
2022-08-11,102.31326516619308,102.4795951835176,99.8795223222495,100.14215850830078,20663800.0
2022-08-12,100.76372242265886,101.17518265870646,100.17717585085786,101.15767669677734,12178400.0
2022-08-15,101.8405253211206,102.20821064292966,101.07012939453124,101.07012939453124,9031800.0
2022-08-16,100.89502313793383,101.56911276152007,100.01082193269012,101.49032592773438,11066000.0
2022-08-17,100.72872421668065,100.76374282674549,100.07214030597753,100.43107604980467,14131300.0
2022-08-18,100.64992460139298,101.23647121765303,100.31725118748376,100.57988739013672,10738200.0
2022-08-19,99.12666387533312,99.22295670345926,98.69769091429886,98.9603271484375,16330900.0
2022-08-22,98.80274138982377,98.89028457008718,98.16366348357928,98.62765502929688,10457200.0
2022-08-23,98.2161722058077,99.34549700577152,97.82221796631428,98.08485412597656,17813200.0
2022-08-24,97.60338692686145,97.93606038925188,97.05185883585412,97.36701965332033,13971600.0
2022-08-25,97.454560366092,99.00409544669186,97.16566184423068,98.72395324707033,21429700.0
2022-08-26,98.31249130259329,99.79198903849944,98.05861141202564,99.46807861328124,18764400.0
2022-08-29,98.87276681579336,98.93404770258212,98.16365177824856,98.64514923095705,14278300.0
2022-08-30,98.59261832437232,99.37176384020027,98.23368266832456,98.89026641845705,14346600.0
2022-08-31,98.65391644642165,99.2229504526796,97.6821717920896,97.9448013305664,13623500.0
2022-09-01,96.38851551781912,96.72188559374683,95.57262995664578,96.15164184570312,22490400.0
2022-09-02,96.2217780841471,96.99379577376638,96.03754681821184,96.69551849365234,13024400.0
2022-09-06,95.53749665855376,95.59890708570404,94.2390961646466,94.30050659179688,24648500.0
2022-09-07,95.02867382332526,96.04634008949051,94.9321707569394,95.79192352294922,17050100.0
2022-09-08,95.48487150936906,96.0814329201621,94.7918137185044,94.80935668945312,14671400.0
2022-09-09,95.03743949277688,95.44976951972328,94.4233285210484,95.01988983154295,12529800.0
2022-09-12,95.30063996458456,95.52873874578142,93.80046495575228,94.2391128540039,14806900.0
2022-09-13,93.48460600403745,94.5198149580668,93.20387171277017,94.45840454101562,22158900.0
2022-09-14,94.16892422672008,94.9321739520324,93.97592478068792,94.78303527832033,13077800.0
2022-09-15,94.6163483787466,94.91463242393856,94.37948146355984,94.72162628173828,10260200.0
2022-09-16,93.8969599802643,94.79180536420624,93.66886121861936,93.93205261230467,18903800.0
2022-09-19,93.83555543135716,94.59003033444606,93.69519158762944,94.15138244628906,11084400.0
2022-09-20,92.72139350500176,93.7302783014932,92.46697692458464,93.21267700195312,20133800.0
2022-09-21,93.60744895235824,94.78302867636188,92.96702683656191,94.77425384521484,23132900.0
2022-09-22,92.80910273565648,92.95824138193665,91.87917153739866,92.3529052734375,29030600.0
2022-09-23,92.41432894669782,93.3705847724792,91.7300393485024,92.73015594482422,23042200.0
2022-09-26,92.4319112020781,92.47577868132198,90.55449821412628,90.9580535888672,25104600.0
2022-09-27,90.1070226513626,90.3438961915385,88.51911989150587,88.56298065185547,34609500.0
2022-09-28,90.47551553585588,91.63354575089537,89.90527860726299,91.5282745361328,39283100.0
2022-09-29,90.27375728755732,91.44056254225347,90.18602902858674,91.05455017089844,19127100.0
2022-09-30,91.47561458466735,91.99322249923893,89.68593734667539,89.87893676757812,26485700.0
2022-10-03,91.32467561212476,92.05457112577204,90.70910512423856,91.30709075927734,27192200.0
2022-10-04,91.58848387783178,92.0281789452153,90.84100360512262,91.05205535888672,13788700.0
2022-10-05,90.33976329161368,90.43649004658975,89.32846316275135,90.18147277832033,20522100.0
2022-10-06,90.21661274296686,90.43646023288642,89.28446153265608,89.68019104003906,13965700.0
2022-10-07,88.65127988674573,89.36359015724571,88.35229058766066,88.8095703125,14814800.0
2022-10-11,87.7103582340352,88.7304538720497,87.05081572266101,87.81588745117188,33246700.0
2022-10-12,87.3058560587932,88.41388956495848,87.22671416296015,88.2468032836914,21447600.0
2022-10-13,86.49683219555448,88.27319768545576,86.47924063203769,87.40260314941406,30292500.0
2022-10-14,88.10610251547696,88.10610251547696,86.4000834535174,86.68148803710938,18728200.0
2022-10-17,87.31462556239447,87.64000224662225,86.12745051766896,86.25935363769531,18969900.0
2022-10-18,86.13627023369376,86.58476112899538,85.18653388552238,86.4616470336914,16931500.0
2022-10-19,85.46792816719137,85.67018413824066,84.70285634516975,84.88752746582031,25431600.0
2022-10-20,84.35988565054308,84.71164300356966,83.31340937032272,83.4365234375,25434900.0
2022-10-21,81.80085992536027,82.60110809545438,81.13252831451018,81.93276977539062,46280300.0
2022-10-24,81.624995644043,82.26695342281644,80.77198610218858,81.25565338134766,31332600.0
2022-10-25,83.17273921102105,83.74434426866593,83.04962510127795,83.62122344970703,31213100.0
2022-10-26,84.21918458227759,85.02822855077562,84.21918458227759,84.82596588134766,24843900.0
2022-10-27,85.28322745490976,86.0922644768151,84.61488931501707,85.71412658691406,20270000.0
2022-10-28,85.17772311052272,85.8548505154975,84.7820002608797,85.12496185302734,22244100.0
2022-10-31,84.7380436649239,84.96668700482965,83.56845304100858,84.51819610595703,23956700.0
2022-11-01,85.84579333281435,85.88105632751898,84.81437595918607,85.30804443359375,17585100.0
2022-11-02,85.43149579370956,86.06620972563594,84.59401453262784,84.93782043457031,25010500.0
2022-11-03,83.89756364409632,84.96424408070443,83.82703765017291,84.4793930053711,29097500.0
2022-11-04,83.83585486530437,84.3295300957701,83.06008911132812,83.06008911132812,23561400.0
2022-11-07,83.57140485982747,83.62429600010626,82.19617468100964,82.23143768310547,14522800.0
2022-11-08,82.68986821716172,83.71246860049746,82.66341591545984,83.13064575195312,20360600.0
2022-11-09,82.70745591618332,83.76531879210667,82.59285623443887,83.40388488769531,15637500.0
2022-11-10,85.27280206264781,86.77144259034061,85.19345863019862,86.61276245117188,45380900.0
2022-11-14,86.31302263013797,86.38354189354236,85.59014133011854,86.08381652832031,13741100.0
2022-11-15,86.61276547281985,87.53840077121826,86.48934832979738,87.47669219970703,26608200.0
2022-11-16,88.17312874230947,89.43375266994032,87.9262944167422,89.38967895507812,28507700.0
2022-11-17,88.33178182452444,88.65795949798725,87.96153044971511,88.4463882446289,24528900.0
2022-11-18,88.68440360265905,88.94005527888034,87.75877518088761,87.8381118774414,14941300.0
2022-11-21,88.76373483779204,88.87833451454495,87.9791517817481,88.2083511352539,15534000.0
2022-11-22,88.72845983911289,89.58356876161915,88.62267088015346,89.46015167236328,18103100.0
2022-11-23,90.0419892656716,91.02051544189452,89.98909814016595,91.02051544189452,23234600.0
2022-11-25,90.45633865710047,90.73843592435524,90.2976585239116,90.71199035644533,9486100.0
2022-11-28,91.3378645050475,91.51417271904576,90.526835959492,90.96761322021484,14563200.0
2022-11-29,90.05082553369233,90.7648827803108,89.8392542616812,89.90096282958984,16576400.0
2022-11-30,89.58358471485872,90.5621109008789,89.36319605540783,90.5621109008789,21581700.0
2022-12-01,91.1488713597283,93.49938646022962,91.10468598246368,93.45520782470705,53156800.0
2022-12-02,93.04872110228204,94.6392934402386,92.43899799810754,94.63045501708984,24479500.0
2022-12-05,93.52589080995796,93.65844019408578,92.695261036791,93.3049774169922,20159700.0
2022-12-06,94.1090953870518,94.8955464429658,93.83516496628698,94.5067367553711,21754500.0
2022-12-07,95.76154106339006,96.919125097909,95.61131483079684,96.73355865478516,30546700.0
2022-12-08,96.05313422357746,96.71587435872196,95.8498976908416,96.46845245361328,13377300.0
2022-12-09,95.38159895164912,95.5848355622526,93.90589189493816,93.95891571044922,25872200.0
2022-12-12,95.31087300821773,95.53178639702934,93.8970286681718,94.2593231201172,16897100.0
2022-12-13,96.353578567276,96.38892551632831,94.9574044175444,95.1694793701172,23854700.0
2022-12-14,95.1341543192043,95.71736221712912,94.45373723959273,95.57598114013672,19517500.0
2022-12-15,96.01091106071952,96.65754163338536,95.80718286194248,95.94890594482422,20246200.0
2022-12-16,94.42532748305652,95.51485348161371,94.16844725968858,94.87708282470705,20838300.0
2022-12-19,93.7432459403471,93.75209898292636,92.99032508019576,93.28263092041016,26126800.0
2022-12-20,91.5730686491016,91.95395903903332,91.32504825715512,91.626220703125,28869000.0
2022-12-21,92.37914179703093,92.47657934513929,91.20103817575634,91.85652160644533,15894100.0
2022-12-22,91.82996160788922,92.22857165725384,91.57308137822304,91.8388214111328,11322500.0
2022-12-23,90.86444699872504,91.06817515452413,90.36839941815688,90.49241638183594,15408900.0
2022-12-27,89.0131505501198,89.52691103777555,88.5879745836841,88.703125,26475700.0
2022-12-28,89.15488809936375,89.27003852565285,88.00335680426984,88.1805191040039,17302900.0
2022-12-29,88.45510901209849,89.4560506265941,88.39310389895364,89.18145751953125,16593000.0
2022-12-30,88.46397672070405,89.0663150556672,88.02108108493853,88.18937683105469,20810200.0
2023-01-03,90.52782066719718,90.65183084349913,89.32314459050868,89.8723373413086,25313200.0
2023-01-04,91.43136760934976,91.66167521074256,90.5367166162107,91.10362243652344,21678200.0
2023-01-05,90.23553522437268,91.4933568729218,90.15581051698754,91.4844970703125,14771100.0
2023-01-06,90.97074601834142,93.2738083544412,90.91760071330988,93.16751098632812,27473700.0
2023-01-09,92.48544674121172,93.83184616318736,92.36142977685073,93.66354370117188,21472200.0
2023-01-10,92.59173126672204,92.84861146524098,91.67936762670068,92.1134033203125,20545200.0
2023-01-11,92.9814789335555,93.64582215913612,92.74231158783915,93.61038970947266,18794000.0
2023-01-12,93.73442094602125,95.49714347467552,92.61832218424728,95.4528579711914,32029600.0
2023-01-13,94.86822254535474,95.48828035114504,94.23045189165023,94.55819702148438,17750800.0
2023-01-17,93.60156342401672,94.47850166158882,93.58385057186682,93.947021484375,13911700.0
2023-01-18,96.07290498409412,96.34749807134726,94.88594811579344,96.2234878540039,35497200.0
2023-01-19,95.75402481322077,95.99319221534694,95.16940615100742,95.62115478515624,17194700.0
2023-01-20,94.74422523291402,94.99224568577225,93.99130407015149,94.0710220336914,22754100.0
2023-01-23,93.5129547674966,94.07100065963286,93.44208986619547,93.62810516357422,12961500.0
2023-01-24,94.00015656630494,95.17825362579036,93.35352607186788,94.97452545166016,16417200.0
2023-01-25,95.10738879747797,95.5857167821132,94.46075834842026,95.20482635498048,11906500.0
2023-01-26,94.90365543115423,95.35541077259252,94.3278898796034,94.76193237304688,15549400.0
2023-01-27,94.0621577214346,94.74421388510264,93.99129281251982,94.52276611328124,11845500.0
2023-01-30,94.30130969972348,94.92136745883136,94.06214910161482,94.17729949951172,11459700.0
2023-01-31,94.76191062832204,95.02764383556494,93.77868221801276,94.93020629882812,13705300.0
2023-02-01,95.5119067272003,96.43549332806936,94.50838354815838,96.0713882446289,25305800.0
2023-02-02,96.72858804946208,97.1104584413067,95.991488283156,96.19574737548828,19548400.0
2023-02-03,94.81922181295404,95.12116910718382,94.20645817909684,94.7570571899414,20619500.0
2023-02-06,93.91339414685493,94.41071113448132,93.85122952340164,94.05548858642578,15182400.0
2023-02-07,93.54039604968932,94.33966024519434,93.24733138209834,93.30061340332033,18290300.0
2023-02-08,93.282881226121,93.76243987831144,92.70563432392302,93.7446746826172,13530700.0
2023-02-09,94.55279933094332,94.68601116538638,92.7056123911026,92.85658264160156,20469900.0
2023-02-10,92.71451090064872,92.75003451429326,91.57778236576917,91.81755828857422,16598300.0
2023-02-13,92.1017382366336,92.7322671191292,91.98629157660586,92.59017944335938,13134300.0
2023-02-14,92.53687463179232,93.09636296735528,91.5955227693895,92.37702178955078,15440300.0
2023-02-15,91.95964470982344,92.3148672643647,91.02716856556282,91.51560974121094,15246900.0
2023-02-16,90.64530122337966,90.77851307346208,89.98813134519214,90.21902465820312,19267300.0
2023-02-17,89.78387241606266,90.92060089111328,89.66842575937152,90.92060089111328,19560900.0
2023-02-21,89.70394901787114,89.87267770384199,89.05565496254651,89.1533432006836,22728000.0
2023-02-22,89.6861777039957,90.30783070203049,89.65065409478494,89.9703598022461,15165400.0
2023-02-23,90.1746360750539,91.10710558695442,90.1124714409272,90.84957122802734,15829100.0
2023-02-24,90.08578982660916,90.40549545102805,89.30428417783685,89.66839599609375,21403600.0
2023-02-27,89.95259971939268,90.31670485004712,89.61513560129399,89.91707611083984,14209200.0
2023-02-28,89.31318531590026,90.3344670073198,89.05564424412071,90.3255844116211,14955700.0
2023-03-01,89.75583811224833,89.94279153306466,88.99021546006821,89.355224609375,19000000.0
2023-03-02,88.18896029715374,88.71421607878544,88.02871357640015,88.56287384033203,23763600.0
2023-03-03,89.8537650690342,90.7173166546698,89.53327155700178,90.70841217041016,30877300.0
2023-03-06,91.00219570965533,91.1090223483571,89.907175118044,90.0051040649414,16631900.0
2023-03-07,90.32557600076584,91.1357140422062,89.80922472987831,90.55704498291016,23096500.0
2023-03-08,91.16242367546154,91.66987048112703,90.28996781709344,90.64607238769533,20252400.0
2023-03-09,90.40570589670314,91.26925048264307,90.20984804285683,90.86863708496094,21550400.0
2023-03-10,92.613564419406,94.0913963707778,92.5868577587166,94.00236511230467,43921500.0
2023-03-13,96.32591047833114,97.12714401675392,93.51269880047153,94.21600341796876,51502500.0
2023-03-14,93.60174309108,94.02016551611456,92.36428478290124,92.6669692993164,38417800.0
2023-03-15,95.06176620751836,95.8897065764471,93.78869675405012,94.45639038085938,45164100.0
2023-03-16,95.59591341740077,96.174582547392,93.51271269998868,93.71746826171876,43089300.0
2023-03-17,94.94602032459406,95.90750062778032,94.77686912529376,95.1240692138672,38129000.0
2023-03-20,95.1507683318402,95.22199059876036,94.11807263001492,94.28722381591795,24242800.0
2023-03-21,93.54834173834728,93.8510262934724,93.06760145185594,93.47711944580078,18934900.0
2023-03-22,93.17443275397048,94.76798906233152,92.97857485002494,94.72348022460938,26388500.0
2023-03-23,93.79761081913226,94.85702032203876,93.3168705436654,94.72348022460938,25475100.0
2023-03-24,95.33772923942088,95.64042050174088,94.59882023602064,95.1240692138672,23652700.0
2023-03-27,93.5216386356106,94.1537212237182,92.88065156256292,92.8895492553711,22224500.0
2023-03-28,92.80050201048527,93.19221774614466,92.6046441426556,93.05867767333984,17794300.0
2023-03-29,92.31976450909131,92.98745810040722,92.23074005534195,92.8717269897461,16804400.0
2023-03-30,92.99635049409171,93.5216062495526,92.82719929946592,93.29904174804688,14315800.0
2023-03-31,93.7887100786863,94.86592180125656,93.54834332742342,94.69677734375,25396700.0
2023-04-03,94.4995083183545,95.58837796790972,94.3388553076111,95.14212036132812,18234800.0
2023-04-04,94.41024876623771,96.21313313069874,94.38347440200263,95.61514282226562,18052400.0
2023-04-05,96.18638907836409,96.72190380713678,95.86508977419416,96.61479949951172,23047700.0
2023-04-06,96.76647734355086,97.16811319027468,96.7397029823058,96.86465454101562,16447300.0
2023-04-07,96.76647734355086,97.16811319027468,96.7397029823058,96.86465454101562,16447300.0
2023-04-10,96.07032845235314,96.17743271976944,95.1064104736566,95.30276489257812,19134400.0
2023-04-11,95.54376636752228,95.57946098758404,95.06180728447166,95.49913787841795,13971200.0
2023-04-12,95.54376855050532,95.65086603184038,94.49952044202762,95.40096282958984,20563000.0
2023-04-13,95.54376806975829,95.84722001114947,94.4995199665349,94.65125274658205,22079400.0
2023-04-14,94.06215415218696,94.20495981892392,93.5087924076047,93.78547668457033,19801900.0
2023-04-17,93.19643390064309,93.34815984771414,92.5627489369782,92.66985321044922,19528800.0
2023-04-18,92.65200352958156,93.34816431709812,92.64308328004472,93.00008392333984,15922600.0
2023-04-19,92.7412620006091,93.03578685515885,92.35748017444033,92.91083526611328,16093900.0
2023-04-20,93.56237078547454,93.9639999048904,93.49096793466931,93.70516967773438,16450100.0
2023-04-21,93.9818616096136,94.12466051340186,93.0625651523184,93.17859649658205,15244700.0
2023-04-24,93.6784192056045,94.15145129648202,93.5713149020775,94.0800552368164,17034300.0
2023-04-25,94.90112739079044,95.61513534886774,94.8564989143202,95.46340942382812,21899900.0
2023-04-26,95.31169415843132,95.71332325418358,94.31207473410646,94.44595336914062,19610400.0
2023-04-27,93.89259374856226,93.9550695384797,93.36601306345104,93.5088119506836,20247600.0
2023-04-28,94.79402972912216,95.2849157670551,94.48165080014208,95.01715850830078,26954100.0
2023-05-01,94.19219183921444,94.32640835818772,92.0179060767617,92.2773895263672,32487300.0
2023-05-02,93.05583258928088,94.57693481445312,92.95740760484249,94.57693481445312,30057800.0
2023-05-03,94.845390166831,95.38224950058118,94.20115623571608,95.10487365722656,23656200.0
2023-05-04,94.1474595171556,95.24801997734664,94.0848260505312,94.16535186767578,25110500.0
2023-05-05,93.36899752923452,93.86112243897644,93.15425521704488,93.8521728515625,15096500.0
2023-05-08,92.6263329939216,92.93950709501752,92.44738221603932,92.53685760498048,20587000.0
2023-05-09,92.60845326524009,92.73372019213303,92.16106943304086,92.205810546875,19182500.0
2023-05-10,92.76055462476674,93.27057187914806,92.7337126892522,93.10057067871094,22886800.0
2023-05-11,94.21907068780436,94.41591390840884,93.70010362289044,94.08485412597656,19147200.0
2023-05-12,93.99535653748642,94.17430736005016,93.27953959415892,93.29743194580078,14198500.0
2023-05-15,92.51001308978384,92.58159612955332,92.26842886372984,92.33106231689452,20085300.0
2023-05-16,91.62422620641786,92.07161011677483,91.3647427192264,92.0537109375,29251700.0
2023-05-17,92.23266986621772,92.30425293122828,91.5794863444359,91.78528594970705,21340900.0
2023-05-18,91.44526442595084,91.49895513481944,91.0426216553868,91.10525512695312,25536600.0
2023-05-19,90.60418754524234,91.14104684930388,90.30891253872076,90.46102142333984,29038000.0
2023-05-22,90.5952342184032,91.00682656208764,90.07626728772168,90.13890075683594,20131100.0
2023-05-23,89.86152481308515,90.5952340901862,89.72730828616284,90.39838409423828,21749500.0
2023-05-24,90.6220568058513,90.69363984856253,89.95098114013672,89.95098114013672,18473400.0
2023-05-25,90.10308801870715,90.1925702334098,89.50359540879298,89.72728729248047,22492800.0
2023-05-26,89.58414556987506,90.52364756931848,89.47677098713757,90.45206451416016,17030300.0
2023-05-30,90.72942415938245,91.48102556851411,90.59520767159916,91.3557586669922,23125200.0
2023-05-31,91.25735480740433,92.32213054317933,91.14998705356868,92.1521224975586,23787000.0
2023-06-01,92.6572116352564,92.97121127770367,92.07406553089496,92.513671875,21040400.0
2023-06-02,92.4060277230016,92.46882766223,91.45505525906248,91.49990844726562,19136500.0
2023-06-05,90.92574795674676,91.90364067991766,90.8001480612468,91.3294677734375,14433200.0
2023-06-06,91.36531530845392,91.93052148317778,90.96160247908992,91.8677215576172,14332100.0
2023-06-07,91.6613931056244,91.89465295141508,90.41436087743092,90.50407409667967,25251100.0
2023-06-08,90.49510705466896,91.63447930651772,90.4323071170817,91.56270599365234,23845100.0
2023-06-09,91.1500244790818,91.7511106052382,90.91676462240908,91.4371109008789,22147400.0
2023-06-12,91.72417769594476,91.77801109423034,90.7193788569974,91.70623779296876,19010300.0
2023-06-13,91.60758079850098,91.80495401837037,90.584834881615,90.8001480102539,25910800.0
2023-06-14,91.17692338488386,91.7690428866077,91.02441024462618,91.5268096923828,29094200.0
2023-06-15,92.4329343980983,92.9712205308216,92.04716141478868,92.40602111816406,25732000.0
2023-06-16,91.90361751949123,92.25350383230722,91.53578445773742,92.04715728759766,16759100.0
2023-06-20,92.50471661977208,92.99814961503634,92.50471661977208,92.68414306640624,17162900.0
2023-06-21,92.2355725471232,92.98917870123526,91.81391285722104,92.90843200683594,19720100.0
2023-06-22,92.22661668557826,92.63032967023952,91.68832357978836,91.7870101928711,23630700.0
2023-06-23,93.1506526856088,93.25830580405224,92.3880801030234,92.70207977294922,22901900.0
2023-06-26,92.96223722757,93.12372372271815,92.54955103878662,92.80075073242188,12894900.0
2023-06-27,92.93530933560118,93.25828229888712,92.19068369022092,92.55850982666016,18105700.0
2023-06-28,92.77385877907427,93.15962493675968,92.2535125257109,92.95328521728516,23826800.0
2023-06-29,91.66139250729935,91.8139056634947,91.0154463814369,91.27561950683594,41091600.0
2023-06-30,91.56271057745748,92.4598564991482,91.39225750671876,92.35220336914062,32024900.0
2023-07-03,92.51231605201644,92.89014287565838,91.81064845030424,91.82864379882812,16011800.0
2023-07-05,91.65771460084832,91.75666841976988,90.62320177053164,90.95604705810548,28170300.0
2023-07-06,90.1374385924544,90.2993624142963,89.48075249397283,89.66966247558594,41375700.0
2023-07-07,89.21986947831024,89.59768941881366,89.04894799241929,89.12991333007812,28996500.0
2023-07-10,88.93199913283966,89.53471283111786,88.92300145971522,89.2468490600586,24665200.0
2023-07-11,89.57069742563594,89.9305288583376,89.3188174817089,89.70563507080078,20485500.0
2023-07-12,90.04747730281015,90.96504786198396,89.75061583582956,90.70417022705078,31928000.0
2023-07-13,91.1359671764208,91.72969014094392,90.88408720233753,91.65772247314452,32441500.0
2023-07-14,91.50481392562055,91.70272161852522,91.07301469899076,91.11799621582033,18569000.0
2023-07-17,91.0639940282101,91.29787862203348,90.78512106909204,91.1629409790039,18822000.0
2023-07-18,91.57677459716795,91.81965692509397,91.36986924409256,91.57677459716795,15407400.0
2023-07-19,91.75666580849872,92.63825248019836,91.51378353646676,92.61125946044922,27192500.0
2023-07-20,91.95458412580926,92.03554260482268,91.10898118563584,91.48680114746094,56951200.0
2023-07-21,91.90061158048164,92.07152621238345,91.42383092901048,91.5137939453125,20657500.0
2023-07-24,91.74766860046054,91.89160392033062,91.12696640735876,91.18093872070312,17546700.0
2023-07-25,90.70415753085447,91.3068711910528,90.6771713763998,91.010009765625,17160600.0
2023-07-26,91.46881236487803,91.47781003914405,90.79413092243348,91.09998321533205,19310700.0
2023-07-27,90.59623275881049,90.7941404341082,88.97700124524015,89.32783508300781,44794400.0
2023-07-28,89.41776074760246,89.83156444426321,89.19286698659904,89.78658294677734,27434000.0
2023-07-31,89.64266338612872,90.25437475116574,89.61567723024987,90.00249481201172,28663800.0
2023-08-01,89.15906910399437,89.23123512026037,88.31114250032431,88.52763366699219,34943400.0
2023-08-02,87.53538387978244,87.71579205655487,86.96709192903158,87.58048248291016,38121300.0
2023-08-03,85.86660059424558,85.98386524338204,85.28026358429908,85.55989837646484,59394800.0
2023-08-04,85.83049220502902,87.2106345717575,85.81244725995292,87.07532501220703,42071800.0
2023-08-07,86.6964793168596,86.77766093788736,86.14622538945592,86.21839141845703,35862900.0
2023-08-08,87.37301316475492,87.83306295911923,86.99415186686939,87.21966552734375,24010500.0
2023-08-09,87.39105843135978,87.76090416843951,87.3549754168546,87.67070007324219,20151100.0
2023-08-10,87.53536963075345,87.82402679588013,86.22738647460938,86.22738647460938,37253200.0
2023-08-11,85.96582525027824,86.47999621133644,85.87561426451242,86.02896881103516,26753500.0
2023-08-14,85.88459901818932,86.53407929050643,85.60496435510292,85.8395004272461,19072000.0
2023-08-15,85.5147754319085,85.8755917518544,85.29827738138476,85.31632232666016,24125000.0
2023-08-16,85.04570228776092,85.50575203750172,84.54055393957813,84.64879608154297,23076700.0
2023-08-17,84.34211546513504,84.44134203389982,83.90912617578589,84.28799438476562,32244900.0
2023-08-18,84.27897516109452,84.96453869478316,84.16171052172776,84.5856704711914,24181700.0
2023-08-21,83.58438571619988,83.67458980320215,83.19650194817243,83.45809173583984,29254100.0
2023-08-22,83.56634828713551,84.14366275444208,83.40397816307234,84.09856414794922,21308700.0
2023-08-23,85.06375098315446,86.19131922586791,85.00060743684773,86.18229675292969,38294700.0
2023-08-24,85.81246756916232,86.19133580199625,85.59597635192274,85.61402130126953,22300800.0
2023-08-25,85.38849783048212,86.15524291875063,85.25318825440392,85.89364624023438,23865200.0
2023-08-28,86.28151294501967,86.29053541687414,85.59594960880091,85.98383331298828,16037300.0
2023-08-29,85.66811944017456,87.0572842361482,85.64105890553382,86.87686920166016,28478100.0
2023-08-30,86.74156064675606,86.95805179133221,86.48897961559958,86.78665924072266,17550100.0
2023-08-31,87.08437170158939,87.54442157914181,86.98514512246764,87.17457580566406,26959700.0
2023-09-01,86.67605489967698,86.69414707167094,85.6084372798968,85.8165283203125,32469700.0
2023-09-05,85.30080184367449,85.30985137964878,84.58604036272168,84.6131820678711,29435900.0
2023-09-06,85.12889663377156,85.14699570603048,84.55890010753957,84.82128143310547,23636300.0
2023-09-07,85.04745376165823,85.1107866957954,84.75793079092092,85.05650329589844,18091500.0
2023-09-08,85.39126766888727,85.86174685209225,85.20126884970658,85.3822250366211,17052100.0
2023-09-11,84.77604855460865,85.02938727042458,84.64034001388929,84.76700592041016,17061500.0
2023-09-12,84.9479321507399,85.26459683095906,84.66745870579896,85.25555419921875,20034300.0
2023-09-13,84.97508359600864,85.52698791743973,84.88460894882405,85.23746490478516,23332300.0
2023-09-14,84.99317024383627,85.23745244580577,84.50459893712517,84.6222152709961,27800600.0
2023-09-15,84.55888644219148,84.57698551152545,84.10650634765625,84.10650634765625,25642900.0
2023-09-18,84.00700580922543,84.62224318699555,83.97986410036084,84.58605194091797,17963400.0
2023-09-19,84.21509326283565,84.53175799811851,83.96176147460938,83.96176147460938,24941800.0
2023-09-20,84.40509256137662,84.68556605660788,84.17890247740984,84.22413635253906,29451200.0
2023-09-21,82.59555677989148,82.6679392501851,82.05270205823392,82.0617446899414,59958700.0
2023-09-22,82.16129032552905,82.88510141201623,82.0346244208099,82.72224426269531,29524500.0
2023-09-25,81.12081141660705,81.46461784393576,80.6593817330758,80.6865234375,45587900.0
2023-09-26,80.91271520298181,81.08462187162672,80.26128667208893,80.40605163574219,38104100.0
2023-09-27,81.01223717714512,81.0846196569948,79.70033061526925,79.98986053466797,47111200.0
2023-09-28,79.2750948417094,80.27937926195166,78.8046156505975,80.23413848876953,60238000.0
2023-09-29,80.7679579961791,80.96700638893199,79.73653169079965,80.24320220947266,49010100.0
2023-10-02,79.70768095492357,79.80752032619684,78.70021597180894,78.89989471435547,44704300.0
2023-10-03,78.33716879808566,78.64576512447478,77.04834201787257,77.20263671875,71362600.0
2023-10-04,77.84705225017255,78.33717095288323,77.4840075145064,78.29179382324219,56281600.0
2023-10-05,78.15567684027013,78.2282885835081,77.72909150454329,77.90154266357422,35758800.0
2023-10-06,76.42208540233513,77.77445275596494,76.29501835126904,76.95758819580078,62787900.0
2023-10-10,77.91966466840667,79.11773031093672,77.62014652661551,78.65484619140625,54743900.0
2023-10-11,79.73494545422491,80.29767608642578,79.50803894642993,80.29767608642578,58517700.0
2023-10-12,79.91645642303293,80.04352348418355,77.99228718689625,78.11935424804688,66986700.0
2023-10-13,79.50801927618029,79.7167762585456,79.11773990234241,79.51709747314453,44183800.0
2023-10-16,78.22828681903931,78.39165977532132,77.96507444921626,78.23735809326172,38309800.0
2023-10-17,77.04833814693626,77.71997916526189,76.69436470993803,77.37508392333984,52949100.0
2023-10-18,76.58544888558725,76.89404520349433,76.10440840511224,76.69436645507812,63724600.0
2023-10-19,76.13164110479542,76.75790505270504,75.09694836237448,75.12417602539062,87696900.0
2023-10-20,75.32388237165098,75.82307945854161,75.12420353689471,75.55078887939453,52188800.0
2023-10-23,75.16049921576004,77.02113509677099,74.80652566565726,76.45840454101562,70890400.0
2023-10-24,76.6399150575353,77.46585083007812,76.32224052807672,77.46585083007812,46267700.0
2023-10-25,76.25870222703391,76.35854160009683,75.45091597198598,75.7413558959961,60737200.0
2023-10-26,75.76861247200961,76.98482784283846,75.69600073877433,76.90314483642578,49704100.0
2023-10-27,76.41298974995681,77.12093650134064,76.00455413787424,76.57636260986328,32362300.0
2023-10-30,76.06810293732403,76.69436684698708,75.55075659770841,76.23147583007812,45026900.0
2023-10-31,76.5764002977796,76.93944512101919,75.83214733072064,75.859375,37269200.0
2023-11-01,76.53878106842365,77.52238438589242,76.52056233194529,77.50416564941406,72308500.0
2023-11-02,78.94312077214306,79.51688575930957,78.52418026507395,79.27098846435547,69739400.0
2023-11-03,80.88301812791651,81.10160127382395,79.76280903589212,79.80834197998047,77692300.0
2023-11-06,79.298326287584,79.41672027695071,78.87027632450247,79.03421020507812,41341900.0
2023-11-07,79.79011998544438,80.60067993969955,79.77190125140991,80.199951171875,37834200.0
2023-11-08,80.58248178256892,81.62072744896996,80.55515367689536,81.56607818603516,53893400.0
2023-11-09,81.00141237974167,81.08337584137917,78.99777539819479,79.68994140625,88975100.0
2023-11-13,79.43493302815601,80.0906685010554,79.14349581224643,79.95405578613281,25661500.0
2023-11-14,81.96678281565963,82.10339551003445,81.32015680725642,81.76641845703125,65666800.0
2023-11-15,81.06517283684576,81.18356683261844,80.42764906748495,80.61890411376953,56205300.0
2023-11-16,81.3292826784476,81.93036892790951,81.28374278827717,81.62071990966797,49473900.0
2023-11-17,82.1125111580356,82.35840846799478,81.63892137442494,82.00321960449219,44091400.0
2023-11-20,81.62072100699326,82.56789375829639,81.61161163915438,82.50413513183594,40477800.0
2023-11-21,82.42216488591296,82.6953903113081,81.86661161644442,82.46770477294922,27721000.0
2023-11-22,82.98681789720456,83.16896352740093,82.31286377897513,82.7591323852539,31197500.0
2023-11-24,82.05787885703415,82.20360095852591,81.77555097090918,81.78466033935547,20199600.0
2023-11-27,82.24002227819109,83.18718803821558,82.15805186817445,83.15076446533203,39804400.0
2023-11-28,82.79555933985284,83.3602149382214,82.68626779738953,83.31468200683594,44989300.0
2023-11-29,83.88844724058657,84.42578169216961,83.58790070915362,84.36203002929688,61647800.0
2023-11-30,83.76095797666785,84.052395191357,83.02325904695095,83.3875503540039,60520900.0
2023-12-01,83.42318457805652,85.02203001574166,83.25873162564953,84.95807647705078,64172200.0
2023-12-04,84.5012498175554,84.8118862197839,84.13579809686792,84.62002563476562,33766300.0
2023-12-05,85.54280713431534,86.44730196981587,85.48799180019304,86.43816375732422,73588600.0
2023-12-06,86.86755202614543,87.75377026217971,86.67569142407808,87.58931732177734,61606100.0
2023-12-07,86.95889258389329,87.7811570907572,86.84925499284117,87.08679962158203,47970200.0
2023-12-08,86.26456128925568,86.53865186484559,85.79861706933085,86.37419891357422,44809200.0
2023-12-11,85.88997602438906,86.28283545490486,85.45143250899896,86.19146728515625,33909700.0
2023-12-12,86.017883208298,86.5203732904988,85.78947672445781,86.4472885131836,36996900.0
2023-12-13,86.94977138963345,88.60343893547339,86.81272611660408,88.47552490234375,70828500.0
2023-12-14,89.51218278200217,90.77704620361328,89.29220106208419,90.77704620361328,87798600.0
2023-12-15,90.456255109322,91.0611874026598,90.35543189495384,90.87787628173828,59941300.0
2023-12-18,90.28210488912634,90.28210488912634,89.84214840772724,90.1537857055664,34746000.0
2023-12-19,90.61206854582962,90.97869777360224,90.42875742837872,90.63956451416016,30018400.0
2023-12-20,90.84120860925336,91.37282062624578,90.35542786688367,91.253662109375,51229400.0
2023-12-21,91.41862745169676,91.51028299056996,90.51122572897428,90.67620849609376,65231200.0
2023-12-22,91.0886780459177,91.0886780459177,90.04378933343932,90.2637710571289,29244200.0
2023-12-26,90.31875460275876,90.62122420008544,90.26376267337938,90.52040100097656,24019700.0
2023-12-27,91.45532122514004,92.14274848268666,91.19868283451548,92.12442016601562,45082800.0
2023-12-28,91.73944897782695,92.1794054678236,91.25366820301832,91.45531463623048,36213000.0
2023-12-29,90.8595363679049,91.49197159090428,90.55707373300449,90.6303939819336,41616200.0
2024-01-02,90.03464330173942,90.41960089143808,89.82382919716821,90.10796356201172,47797400.0
2024-01-03,89.25551994770237,90.60287799841343,89.04471291518801,90.48372650146484,58159500.0
2024-01-04,89.29219781915363,89.49384422531975,88.97139989701216,89.10888671875,52604500.0
2024-01-05,88.44894846438727,89.53050065278576,88.18314249514268,88.2564697265625,45894800.0
2024-01-08,88.20147485253513,89.2555240492821,88.0731487054031,89.12720489501953,39485800.0
2024-01-09,88.57727301468421,89.06305371488831,88.53144174403963,88.55894470214844,34374000.0
2024-01-10,88.83391916735609,88.95307768437334,88.1006677225862,88.14649200439453,48227800.0
2024-01-11,88.14651570384764,88.75145512647838,87.72489443635013,88.64146423339844,78858900.0
2024-01-12,88.70557988461188,89.15469690461741,88.23812756174212,88.46726989746094,38883900.0
2024-01-16,87.6423924280945,87.79820759026563,86.6249995574241,86.90913391113281,61716700.0
2024-01-17,86.70749262209809,87.07412190236664,86.30420670738738,86.77165222167969,55506800.0
2024-01-18,86.57917264990135,86.68916353086142,85.70843423580095,85.96507263183594,77339100.0
2024-01-19,85.89174965572404,86.31337089776217,85.47929606910714,86.24004364013672,47030900.0
2024-01-22,86.90911866266492,87.14742868779598,86.51499350270097,86.75330352783203,35756400.0
2024-01-23,86.05671216852086,86.14836772247413,85.6350910260394,86.06587982177734,35786700.0
2024-01-24,86.62499163114617,86.65248759926382,85.33262518665018,85.561767578125,54574900.0
2024-01-25,86.15752848538735,86.35917488368042,85.7634033413245,86.12086486816406,57019400.0
2024-01-26,86.09337366479375,86.22169283573685,85.69008084590378,85.95588684082031,29276900.0
2024-01-29,86.44167707275642,87.22992749123614,86.26753360323494,86.94579315185547,38243600.0
2024-01-30,87.51407218074911,87.84403081724248,86.83580561323744,87.73404693603516,40151400.0
2024-01-31,88.19231115830847,88.82474629903261,87.99066476602717,88.5956039428711,80646700.0
2024-02-01,89.57949119920595,90.72888933207,89.36800587136585,90.33349609375,84291200.0
2024-02-02,88.52205858021873,88.84389572449243,87.98874308748108,88.3381576538086,63823300.0
2024-02-05,87.01404244129108,87.21633765539885,86.45313553503597,86.55428314208984,53827400.0
2024-02-06,86.6554383950234,87.49220376077773,86.62785395709669,87.40025329589844,33411500.0
2024-02-07,86.95886186277818,87.56574742339468,86.91288313290023,86.97724914550781,40120200.0
2024-02-08,86.45312517184445,86.71059624144485,86.12210497023972,86.47151947021484,50087700.0
2024-02-09,86.21406066324828,86.44394029928428,86.12211021190782,86.29681396484375,27951300.0
2024-02-12,86.34278035890388,86.56346281365707,85.97497159073608,86.39794921875,27890300.0
2024-02-13,85.38650562682552,85.57040655762657,84.89916184636901,84.91754913330078,49768500.0
2024-02-14,84.8715620145484,85.56120090302403,84.80719599890546,85.3497085571289,44191600.0
2024-02-15,86.03016936493577,86.1772957277989,85.51524112565701,85.79109954833984,49598500.0
2024-02-16,85.03709155327549,85.37730897879939,84.9083524825111,85.2945556640625,33116800.0
2024-02-20,85.32213130679702,85.6899401480215,85.2577652857355,85.36810302734375,24469300.0
2024-02-21,85.35890363520964,85.42326964929062,84.60489874938848,84.76121520996094,36343100.0
2024-02-22,84.89914408387499,85.2945373162073,84.84396820388184,85.17499542236328,45190700.0
2024-02-23,85.28534513804716,86.43474332050063,85.28534513804716,86.3152084350586,38406700.0
2024-02-26,86.43474523739572,86.4623296719272,85.68993744356632,86.0577392578125,27855000.0
2024-02-27,85.73591523004289,85.94740760203432,85.3773035250156,85.45086669921875,30242000.0
2024-02-28,85.58880185938047,86.06694849426918,85.42328821357845,85.9933853149414,34574200.0
2024-02-29,86.26922303195686,86.7105949866583,86.23244145111764,86.60025024414062,51038600.0
2024-03-01,86.18978319539713,87.17675921537177,85.79314757779538,87.13986206054688,45832800.0
2024-03-04,86.42962151133017,86.85393535836448,86.41117644891804,86.78936004638672,23864200.0
2024-03-05,87.84089662383624,88.25597731288576,87.60106862881881,88.02537536621094,37721900.0
2024-03-06,88.08071961893096,88.70795720989231,88.00693234272198,88.54192352294922,40571600.0
2024-03-07,88.88319948612659,88.92009663568994,88.07148330796801,88.45889282226562,39075000.0
2024-03-08,88.36666939927828,88.5972713475672,88.07149918696499,88.3021011352539,25023200.0
2024-03-11,88.51425451169541,88.56037771815518,87.97003727001903,88.2559814453125,17787900.0
2024-03-12,87.66563977614594,87.8224474160639,87.34279844766392,87.51805114746094,29566000.0
2024-03-13,87.16752141151397,87.3888972731949,86.90002235316912,87.0937271118164,38270100.0
2024-03-14,86.45727263327485,86.4757176899208,85.6547754396441,85.75624084472656,58365600.0
2024-03-15,85.839261083789,85.95917859260778,85.59021409320283,85.72857666015625,34997700.0
2024-03-18,85.53487465817044,85.77469560876854,85.32271777696612,85.47030639648438,29519500.0
2024-03-19,85.64555289776396,86.03296243989115,85.49797132632074,85.71012115478516,26953100.0
2024-03-20,85.87616940356574,86.51263307186052,85.12902129724642,85.68246459960938,43460100.0
2024-03-21,86.03296940968762,86.18055803049967,85.53487540797894,85.86693572998047,34276600.0
2024-03-22,86.88159389477366,86.9000389545159,86.5034033146331,86.6878890991211,30262300.0
2024-03-25,86.43885806866378,86.47575523538734,86.06067442522347,86.25437927246094,24011800.0
2024-03-26,86.25436541232311,86.58643282206059,86.04220849710768,86.49418640136719,34423000.0
2024-03-27,86.69711910922764,87.3520278930664,86.65100293531489,87.3520278930664,50157800.0
2024-03-28,87.15829600373586,87.64717092734604,87.00148839378765,87.27821350097656,34540400.0
2024-03-29,87.15829600373586,87.64717092734604,87.00148839378765,87.27821350097656,34540400.0
2024-04-01,86.33610596607522,86.34536253682242,85.5679729900357,85.6512680053711,48945400.0
2024-04-02,84.74431609887847,85.32735297299669,84.53145733237477,85.17928314208984,43086300.0
2024-04-03,84.45741501022593,85.18852868126828,84.26306941068717,85.16075897216797,45494400.0
2024-04-04,85.72531538484749,85.84562964492656,85.1792976406905,85.77159118652344,47957400.0
2024-04-05,84.85539186027167,85.30886508127446,84.5684945867955,84.57775115966797,42495900.0
2024-04-08,84.42966817727779,84.7628270812563,84.3371165843277,84.5684814453125,37879800.0
2024-04-09,85.02196707075085,85.47544025016362,84.99419735468031,85.35513305664062,32522000.0
2024-04-10,84.40191103578239,84.49446264251931,83.33763816527066,83.49496459960938,74368900.0
2024-04-11,83.64302062514118,83.69855299213656,82.83787544100659,83.11550903320312,65751200.0
2024-04-12,83.88364756838473,84.17053775072411,83.55048158728938,83.55973815917969,47900100.0
2024-04-15,82.5694871527873,82.60650637533321,81.92166134927616,82.26408386230469,55993100.0
2024-04-16,81.48670612499768,81.97719849613122,81.24608469475844,81.71807098388672,45103200.0
2024-04-17,82.24557297668102,82.71755215000556,81.86613126327316,82.62500762939453,57947000.0
2024-04-18,82.58799946179418,82.61576211562354,81.98644940627534,82.20856475830078,43839500.0
2024-04-19,82.7268156165465,82.7268156165465,82.28259905630506,82.50470733642578,44826800.0
2024-04-22,82.0697437633245,82.47694817804235,82.04198110972014,82.36589050292969,24969000.0
2024-04-23,82.11602027048725,82.86564016707358,81.94943728672415,82.3936538696289,27222700.0
2024-04-24,81.95868537772218,82.0234672558025,80.97770063516434,81.81061553955078,48986800.0
2024-04-25,80.94066211043265,81.34786642452407,80.82960446276405,81.23680877685547,49282600.0
2024-04-26,81.67177030143976,82.00493616157587,81.4866812950055,81.66251373291016,31589800.0
2024-04-29,82.0512348623655,82.3843937548677,81.88465188576693,82.34738159179688,39228600.0
2024-04-30,81.82911676185681,82.11601397119857,81.53297004240656,81.64402770996094,41054700.0
2024-05-01,82.28298327519106,82.84949197591158,81.94865003917788,82.24583435058594,59679500.0
2024-05-02,81.9207841984685,82.66374846602741,81.75361759253936,82.59873962402344,58925400.0
2024-05-03,83.51814188885798,83.69459747438836,82.9051953825513,83.43455505371094,50066100.0
2024-05-06,83.46242115842425,83.81532524025951,83.276676574223,83.75960540771484,23868200.0
2024-05-07,84.41899669289872,84.73475191008444,84.14967231536424,84.27040100097656,30525800.0
2024-05-08,83.87104507280418,84.01035173959727,83.73174549144251,83.75960540771484,31171700.0
2024-05-09,83.46242756099412,84.29825345500768,83.4159896400236,84.1682357788086,39606700.0
2024-05-10,83.8431762737068,83.93604501325268,83.5459920559016,83.69458770751953,21913800.0
2024-05-13,84.09396302199076,84.14968287073454,83.87106945614872,83.90821838378906,23157500.0
2024-05-14,84.18680182151294,84.43754813700878,83.9731973349987,84.38182830810547,25746400.0
2024-05-15,85.3198421769039,85.68203533439927,85.0969486296507,85.53343963623047,65142900.0
2024-05-16,85.80275611220225,85.83061603168139,85.38484314915068,85.4498519897461,37902400.0
2024-05-17,85.10624469745594,85.25484040796078,84.82763128297606,84.87406921386719,24755000.0
2024-05-20,84.58614972800119,84.80903614467985,84.52114089457693,84.62329864501953,17922800.0
2024-05-21,85.1898239721693,85.22696581105559,84.91121058249226,85.05979919433594,15334400.0
2024-05-22,84.76259952106584,85.23623936349126,84.75331760574313,85.16194152832031,38073700.0
2024-05-23,85.25481243426356,85.25481243426356,84.34468171963586,84.61400604248047,51294700.0
2024-05-24,84.48399732848968,84.94834819248231,84.41898849094798,84.86476135253906,19164400.0
2024-05-28,84.81832898179381,84.84618889945988,83.61101392309821,83.64816284179688,45973700.0
2024-05-29,82.97022092701945,83.02594785681835,82.35728138269486,82.63589477539062,45508400.0
2024-05-30,83.21166863570464,83.5552908060976,83.0630800521776,83.43455505371094,29548600.0
2024-05-31,84.02893511872165,84.196101712486,83.81533060457703,84.00106811523438,41308800.0
2024-06-03,84.46513459186872,85.4249645356971,84.43717948432277,85.35973358154297,42272100.0
2024-06-04,85.91886730758358,86.47799796374444,85.72317442178394,86.35684967041016,42581500.0
2024-06-05,86.66438468625617,86.99053955078125,86.09594030395124,86.99053955078125,43153900.0
2024-06-06,86.58982466745779,87.06508291569767,86.53391444165621,86.86006927490234,22891900.0
2024-06-07,85.57407621823282,85.57407621823282,85.17336971539866,85.26655578613281,35240500.0
2024-06-10,84.80062693830187,84.85653716449438,84.47447210277531,84.6981201171875,20586500.0
2024-06-11,84.82857102748893,85.61134964066878,84.72606421969584,85.5740737915039,30329200.0
2024-06-12,86.68302437262467,87.19555855517771,86.18913167469717,86.21708679199219,42554600.0
2024-06-13,86.86937940932215,87.58691995485461,86.61776920465142,87.48441314697266,33093800.0
2024-06-14,87.98765041295208,88.37903627166727,87.81991260069653,88.22061920166016,28776700.0
2024-06-17,87.14894264217304,87.41918723221436,86.92529464372709,87.34464263916016,31040200.0
2024-06-18,87.4937398680698,88.15537023985854,87.34464357072953,88.14604949951172,26881000.0
2024-06-20,87.04644064449582,87.59624344069782,86.98120257412457,87.55896759033203,30246300.0
2024-06-21,87.81989143325104,88.04354653544577,87.21417130667962,87.55896759033203,22596400.0
2024-06-24,87.64283322641303,87.91307067871094,87.35394718591787,87.91307067871094,56939100.0
2024-06-25,87.66148066182717,88.10878378851956,87.63352554946677,88.06218719482422,22890200.0
2024-06-26,86.92530990709281,87.10236845467513,86.7668928432786,86.80416870117188,38489100.0
2024-06-27,87.1489486694336,87.32600719817134,87.0557625894398,87.1489486694336,23140800.0
2024-06-28,87.34464927412644,87.38191801866374,85.5274887084961,85.5274887084961,55119600.0
2024-07-01,84.52813141596937,85.1451285119167,83.96722950381574,84.0513687133789,49735400.0
2024-07-02,84.77119558179082,84.8927220766905,84.21029364280403,84.70575714111328,34204700.0
2024-07-03,85.22927649520129,85.90236176830258,85.15448765768868,85.81822967529297,35563300.0
2024-07-05,86.25760520234445,86.68763748758097,85.9117192816089,86.5287094116211,34895500.0
2024-07-08,86.51000200324077,86.79979981121167,86.21085380822888,86.71566772460938,16095700.0
2024-07-09,86.44458073094836,86.6408961042746,85.88367864540805,86.3323974609375,30289800.0
2024-07-10,86.42587102737431,86.64088715629138,86.24825645018846,86.6034927368164,23572500.0
2024-07-11,87.5757163648059,88.00574144186199,87.37940103390565,87.44483947753906,49761800.0
2024-07-12,87.43548397754068,87.81877136230469,87.25786229852761,87.81877136230469,27796500.0
2024-07-15,86.94001994520573,87.22047447535031,86.7343542407337,86.80914306640625,37918900.0
2024-07-16,87.43549417401644,88.07118500580854,87.30461727914063,88.0337905883789,36383700.0
2024-07-17,87.80005688045235,88.24878263495852,87.5850479541972,88.0524673461914,29036800.0
2024-07-18,87.57570220100523,88.00572720851248,87.29524769807455,87.37938690185547,34553100.0
2024-07-19,86.97740997846553,87.0895932113256,86.7717442843494,86.86522674560547,32164700.0
2024-07-22,87.31396802724346,87.4261441477399,86.2856465065761,86.61283874511719,36160400.0
2024-07-23,86.76242196694888,86.9680877275997,86.46327371479958,86.49131774902344,23498000.0
2024-07-24,86.55674262879307,86.79980277436765,85.50972747663639,85.55646514892578,50757100.0
2024-07-25,86.03323188496535,86.8091499654091,85.967793440365,86.2575912475586,44999100.0
2024-07-26,86.89329253036601,87.0802646319539,86.66893314071696,86.9306869506836,34423800.0
2024-07-29,87.56635783472565,87.5850586067421,87.14568318366781,87.39808654785156,25801300.0
2024-07-30,87.6411595517379,87.9216141152058,87.22048483879189,87.7346420288086,28169800.0
2024-07-31,88.37033391568653,88.66013173775079,88.09922973635781,88.63208770751953,47445300.0
2024-08-01,89.23707944498716,89.95930913676128,89.21832348495565,89.39653015136719,77254200.0
2024-08-02,90.98166173928462,92.26666304311364,90.87848608647924,92.18224334716795,91912900.0
2024-08-05,93.5047702204352,93.73925905565063,91.82582930156896,92.66999053955078,90686300.0
2024-08-06,92.06031444334089,92.30418482586968,90.59709930419922,90.59709930419922,61316900.0
2024-08-07,89.99679383010125,90.46577140536188,89.57471687477866,89.95928192138672,51337100.0
2024-08-08,89.21831084997423,89.48093718941492,88.95567735450251,89.40589904785156,37815800.0
2024-08-09,90.52208652923088,90.5502240490234,90.1281397840383,90.28759765625,32141800.0
2024-08-12,90.07185179022358,90.81283738099772,89.9311570554634,90.6158676147461,24261400.0
2024-08-13,91.2630563268384,91.31933135661926,90.96291090795512,91.24429321289062,30366900.0
2024-08-14,91.49755823339292,92.06971163802616,91.46003915616735,91.81645965576172,31334100.0
2024-08-15,90.42827044579302,91.07545471191406,90.2406750993566,91.07545471191406,38723700.0
2024-08-16,91.39436340332033,91.48815749870836,90.991042352724,91.39436340332033,28541000.0
2024-08-19,91.37561944340176,92.06971163802616,91.3662450411196,91.81645965576172,25322100.0
2024-08-20,92.21975939285254,92.72625608382508,92.0321712062837,92.54804229736328,25239300.0
2024-08-21,92.54804216010864,93.04515729420632,92.11658360681574,92.60432434082033,29230000.0
2024-08-22,92.13534893466772,92.20100551705136,91.38498185939976,91.68512725830078,33453800.0
2024-08-23,92.0978503051634,92.54806492541856,91.88211739743488,92.28543853759766,32005100.0
2024-08-26,92.5667967781079,92.57617117734078,91.99464355958447,92.05091857910156,23198700.0
2024-08-27,91.44125781126216,91.99465514498226,91.36622682780028,91.8914794921875,21507700.0
2024-08-28,91.92899931488256,92.1072059525988,91.66637298053791,91.77892303466795,18501400.0
2024-08-29,91.32871352138388,91.58195831311428,91.10359908869984,91.4787826538086,24988200.0
2024-08-30,91.6194803314088,91.91024420460322,90.48455519858209,90.50331115722656,42896200.0
2024-09-03,91.80471909820292,92.2752230003943,91.67297857993488,91.98351287841795,48947900.0
2024-09-04,92.105838443093,93.18799882033204,92.03996818600818,93.16918182373048,40885200.0
2024-09-05,93.47970915631176,93.79965553385846,92.95274709837558,93.6961441040039,47450900.0
2024-09-06,93.6773245227484,94.83476003654104,93.3385611579019,93.68672943115234,57406400.0
2024-09-09,93.53617087847093,94.19487342535312,93.3103310308712,94.09136199951172,26961400.0
2024-09-10,93.97845776366306,94.95710680167365,93.93140449883438,94.75008392333984,31703400.0
2024-09-11,94.56188115578652,95.26763707552476,94.43014062511436,94.6748046875,39497100.0
2024-09-12,94.43953627684944,94.61833004277958,93.8090628213221,94.23251342773438,41618700.0
2024-09-13,94.5336336022814,94.6747861945216,94.11958791286196,94.48658752441406,25722100.0
2024-09-16,94.6936080720819,95.38995898188465,94.48659239601778,95.3523178100586,30866300.0
2024-09-17,95.4840749368326,95.64404456043982,94.797135995283,94.8912353515625,31699400.0
2024-09-18,94.3266069838812,94.78770591204004,93.66790448553824,93.71495056152344,48897000.0
2024-09-19,93.084480222562,93.45147265224784,92.94332763130151,93.40442657470705,39979800.0
2024-09-20,93.15037118586235,93.39503525315848,92.89630220855835,93.04685974121094,37067600.0
2024-09-23,92.68925831953516,93.24444941568058,92.23757146527058,92.84922790527344,35703900.0
2024-09-24,92.21875735919475,93.0562536629072,92.07760476410763,92.83041381835938,31005400.0
2024-09-25,92.46341041778147,92.51986857739588,92.02113568928635,92.05877685546876,36738200.0
2024-09-26,92.2846501268965,92.4540318464598,91.6729935185112,92.27523803710938,33332300.0
2024-09-27,92.72689787134824,92.9339207101363,92.41636361316615,92.755126953125,28317600.0
2024-09-30,92.82101129803462,92.88688155862202,92.10584334071424,92.3128662109375,34175500.0
2024-10-01,93.27201485440916,93.77235951522358,92.88495142848402,92.97935485839844,45254200.0
2024-10-02,91.91259089226138,92.26189153793116,91.62937337387822,92.19580841064452,35810800.0
2024-10-03,91.89372132542783,92.05421512082638,91.3272933959961,91.3272933959961,39677800.0
2024-10-04,90.1000191078389,90.59092131108495,90.0622562918168,90.20386505126952,56954100.0
2024-10-07,89.66576343186364,89.93953126164035,89.45807153132584,89.52415466308594,42606600.0
2024-10-08,89.10878110769296,89.71297186826091,89.06157577849902,89.67520904541016,33709600.0
2024-10-09,89.3730971594986,89.59967405475834,88.95772058989708,89.1654052734375,35807700.0
2024-10-10,88.62728701770344,88.82553637515467,88.18359019056201,88.81610107421875,53667400.0
2024-10-11,88.24968226389966,88.80666758146437,88.19303443993743,88.45736694335938,27406400.0
2024-10-15,89.1748593371565,89.68464661379011,89.0898983923117,89.59968566894531,46429100.0
2024-10-16,90.05282055959913,90.26995496742568,89.81680834360216,89.977294921875,32281500.0
2024-10-17,89.01436259796115,89.15597135907247,88.42904974654408,88.5517807006836,43427200.0
2024-10-18,88.7877803060471,89.00490746676425,88.60840875391746,88.61785125732422,25258600.0
2024-10-21,87.81542577896141,87.88150891406379,87.06963348388672,87.06963348388672,49504700.0
2024-10-22,87.46611697459431,87.56996291192654,86.93744478385203,87.15457916259766,32096900.0
2024-10-23,86.70142947186055,87.20178133483023,86.5315076196505,86.91856384277344,33354200.0
2024-10-24,87.06961419350934,87.79652851858671,86.81471701278615,87.47555541992188,32507400.0
2024-10-25,87.78712043963078,87.83432577383718,86.87139169519953,86.98468017578125,28667100.0
2024-10-28,87.10737025094065,87.1262552583239,86.30493029763255,86.7486343383789,33156500.0
2024-10-29,86.06893101997659,86.90913391143134,85.88956663807886,86.88081359863281,46545200.0
2024-10-30,87.6454993843463,88.07032572523356,87.00355302504617,87.1357192993164,41951100.0
2024-10-31,87.04128580258187,87.73988701470698,86.72975521070971,87.27729797363281,52173800.0
2024-11-01,87.3919162474123,87.638192181079,86.00895380694831,86.04683685302734,80402000.0
2024-11-04,87.41086982034884,87.68556891668898,86.7951654476438,87.38245391845703,49747600.0
2024-11-05,87.17405202751502,87.9981492316941,86.76674061305835,87.84658813476562,46986000.0
2024-11-06,84.91016338955833,85.93317914770509,84.82491568979499,85.44061279296875,98895700.0
2024-11-07,85.96158821720108,86.78568538358695,85.86686614938019,86.510986328125,56221400.0
2024-11-08,87.145643734406,87.71398344382929,86.99408262424964,87.60978698730469,56756200.0
2024-11-12,86.54888655660396,87.0035554251784,85.73426367134076,85.87635040283203,57908400.0
2024-11-13,86.6909680114994,86.70991676376791,84.98594887574136,85.06172943115234,49009100.0
2024-11-14,85.7816022676867,86.22680388944686,85.5069032409234,85.55426788330078,53328300.0
2024-11-15,85.17538896965841,85.86687385780479,84.78702628867958,85.32695007324219,73722400.0
2024-11-18,84.92911703619015,85.810038891847,84.70177537005465,85.47850799560547,36010600.0
2024-11-19,86.0279011731293,86.26470997477595,85.83845702254439,85.91423034667969,29585100.0
2024-11-20,85.3932584397512,86.037378692842,85.35536816288334,85.63954162597656,27755400.0
2024-11-21,85.67743102050007,86.0563265904048,85.25117802112719,85.57323455810547,28365700.0
2024-11-22,85.73426867655093,85.91423846857067,85.39326339179635,85.62059783935547,21547500.0
2024-11-25,87.33508693380453,87.88448511182575,87.13616839903783,87.83712768554688,56858000.0
2024-11-26,87.29721334065657,87.56243808241135,86.96567518663089,87.49613189697266,31122200.0
2024-11-27,88.13076422745732,88.4528207278656,87.78028460039737,88.10234832763672,39442200.0
2024-11-29,88.83171885524243,89.03063738664095,88.50966234540613,89.0116958618164,31905700.0
2024-12-02,88.65525124299705,89.49171588102388,88.3986132984561,89.22557067871094,39406000.0
2024-12-03,89.28260008380576,89.3776509061728,88.38910639934709,88.45564270019531,32768900.0
2024-12-04,88.02791852433376,89.52974631329539,87.96138221732475,89.40617370605469,35851100.0
2024-12-05,89.08297803429566,89.7198264272723,89.02594899967441,89.58675384521484,23695800.0
2024-12-06,90.03351524861888,90.15708059434364,89.36814497832181,89.71984100341797,31761500.0
2024-12-09,89.33963014811751,89.3871591858008,88.84536151501094,88.89288330078125,30509600.0
2024-12-10,88.4176188577475,88.68377130684297,88.31306803192234,88.47465515136719,28706500.0
2024-12-11,88.4651639967761,88.67428019031655,87.55266290380197,87.6382064819336,38748400.0
2024-12-12,87.10589878454996,87.21045686066672,86.49756484273212,86.5736083984375,45368400.0
2024-12-13,86.30745447907616,86.35497625765277,85.62307705074839,85.68961334228516,39486000.0
2024-12-16,86.06983877427695,86.13637507736603,85.5945773945226,85.9462661743164,23482300.0
2024-12-17,86.04129205208348,86.48803877982378,85.98426302366082,86.15535736083984,23839900.0
2024-12-18,85.85097806613257,86.23266664853472,85.05897553166635,85.07806396484375,61328400.0
2024-12-19,84.03796225551405,84.34331166358261,83.50360261142008,83.78986358642578,99083300.0
2024-12-20,84.47691214155259,84.83951961406302,84.24790187688104,84.26698303222656,45542400.0
2024-12-23,84.1238439380883,84.19063889224547,83.43680596384087,83.49405670166016,32764600.0
2024-12-24,83.05512721445454,83.86621097660586,82.99787646986417,83.84712982177734,22377600.0
2024-12-26,83.21732693485312,83.93299022869957,83.20778271917285,83.79940032958984,19981800.0
2024-12-27,83.47498845731691,83.76124947078358,83.0742113902954,83.11238098144531,27262300.0
2024-12-30,83.80895984481919,84.00934473006457,83.6562814864771,83.78033447265625,48519600.0
2024-12-31,84.09521807072987,84.23835220692479,83.26505318498756,83.33184814453125,31917300.0
2025-01-02,83.7803253469659,84.08567475028536,83.21733306203383,83.56085205078125,27841300.0
2025-01-03,83.70399992369641,83.85667101037892,83.18872135594569,83.29368591308594,21962200.0
2025-01-06,83.06466580913789,83.23642531138718,82.70205837099809,82.9215316772461,30231500.0
2025-01-07,82.63525753582292,82.79747280971362,81.86234347072875,81.98638916015625,41757200.0
2025-01-08,81.5569947434612,82.2535696453372,81.43294177291327,82.09135437011719,44590800.0
2025-01-09,81.5569947434612,82.2535696453372,81.43294177291327,82.09135437011719,44590800.0
2025-01-10,81.3756953334733,81.9195992050743,81.26119385320212,81.54745483398438,47115800.0
2025-01-13,81.61425731081715,81.73831029934695,81.14669256971817,81.51883697509766,33258900.0
2025-01-14,81.32798028393277,81.45202596792349,81.00354247026728,81.3852310180664,33412900.0
2025-01-15,82.73069820696197,82.99788536392684,82.44443717322949,82.78795623779297,54120700.0
2025-01-16,82.67343378021245,83.39864138322608,82.32991477247464,83.05512237548828,34651100.0
2025-01-17,83.4272676939935,83.47498149897983,83.0551233114346,83.19825744628906,29875600.0
2025-01-21,83.86619623428608,84.13337603554841,83.6180975844981,83.94253540039062,30548600.0
2025-01-22,83.84712006198514,83.9520846015862,83.32229736397981,83.50360107421875,25278400.0
2025-01-23,82.67343260991197,83.00740739601152,82.56846806569435,82.854736328125,31949000.0
2025-01-24,82.74977400445249,83.28413367655101,82.63526524038657,83.22688293457031,21110400.0
2025-01-27,84.12384069345828,84.38147628381215,83.82802823922536,84.209716796875,42864200.0
2025-01-28,83.81849138237573,84.1620103864104,83.64673916046273,84.15247344970703,25519100.0
2025-01-29,84.38148263025286,84.56278634679586,83.618105457539,83.980712890625,25342800.0
2025-01-30,84.3623954936898,84.64865645307661,84.13337799005585,84.29559326171875,25094900.0
2025-01-31,84.33376736491999,84.6009544668109,83.42726335812854,83.74215698242188,48790100.0
2025-02-03,84.82618796848662,85.32414836672483,84.07924371809003,84.42398834228516,70657200.0
2025-02-04,83.83985100059319,84.70170538725822,83.77281771927304,84.68255615234375,33414000.0
2025-02-05,85.65930945005499,86.35837692444893,85.60185445158469,86.0806655883789,48331200.0
2025-02-06,86.05195192720461,86.32966330793356,85.75509131259888,86.04237365722656,22509900.0
2025-02-07,85.4582262305425,85.65932607028552,85.17094387637228,85.48695373535156,31171200.0
2025-02-10,85.47737742425727,85.735932257445,85.08474873354805,85.2283935546875,22736100.0
2025-02-11,84.77831693907545,84.92196177221287,84.63467210593805,84.68255615234375,21513000.0
2025-02-12,83.59085649278315,83.88771708576904,83.1790785866678,83.53340148925781,48536200.0
2025-02-13,84.35694272297177,85.12304346563134,84.33779349214045,84.92194366455078,42718100.0
2025-02-14,85.59228120998415,85.87957083136448,85.34330466460501,85.37203216552734,27460700.0
2025-02-18,84.7878952304839,85.07517759074986,84.3090839906276,84.36653900146484,29429200.0
2025-02-19,84.22288655444412,84.70169775101533,84.16543154880087,84.47187042236328,20584300.0
2025-02-20,84.70169775869046,84.99856566872526,84.70169775869046,84.78788757324219,27913400.0
2025-02-21,85.10391479654004,86.11899231564783,85.05603074877537,85.81255340576172,46912300.0
2025-02-24,85.5444140740437,86.24347436184026,85.47738079567856,86.06153106689453,26218000.0
2025-02-25,87.11490265614536,87.62244131116096,86.95210861700421,87.54582977294922,50125100.0
2025-02-26,87.54584077487388,88.15871854543165,87.33516267135478,88.06295776367188,32220200.0
2025-02-27,87.44049072265625,87.90015264578643,87.27769668353702,87.44049072265625,53373600.0
2025-02-28,87.95760830883354,88.5609150441155,87.59371445875377,88.51303100585938,49388600.0
2025-03-03,87.811767391614,89.06059017977067,87.77334106026056,88.92610168457031,42904200.0
2025-03-04,88.8012231218562,89.13744436560224,87.67727306551454,87.83097839355469,56722000.0
2025-03-05,87.95586282217717,88.18642082563056,87.04326121133063,87.12971496582031,50215900.0
2025-03-06,86.91838251524028,87.22578586236185,86.19790523332344,86.8415298461914,42827500.0
2025-03-07,87.55240449413449,87.57162132720273,86.44767112309107,86.56295013427734,36903600.0
2025-03-10,87.49476793249767,88.02311357233278,87.3314614981345,87.46595001220703,41440800.0
2025-03-11,87.38909228728525,87.88861997795507,86.59176233631955,86.8415298461914,40555700.0
2025-03-12,86.45727292872468,86.8223121092905,86.24593175558043,86.32278442382812,32734600.0
2025-03-13,86.0538073101638,87.13932376382537,85.86167563977646,87.0816879272461,38675400.0
2025-03-14,86.46688456741605,86.85114059390312,86.32278764134912,86.6205825805664,24658000.0
2025-03-17,87.22578654628035,87.5908257335138,86.8223136951472,87.05287170410156,26700300.0
2025-03-18,86.59176554156748,87.43712294517472,86.57255603813117,87.13932800292969,23654700.0
2025-03-19,87.11050215051635,87.62924664494751,86.82230832169677,87.5908203125,31378700.0
2025-03-20,88.57067042433164,88.6090967586387,87.57161504864332,87.6484603881836,35645800.0
2025-03-21,87.73492056354324,87.84059114952426,87.0528696270763,87.12971496582031,29192100.0
2025-03-24,86.6494097443499,86.70705291837092,86.16909149226575,86.23633575439453,27985600.0
2025-03-25,86.04420707472742,86.53413371945089,85.98657123266861,86.22673034667969,22333800.0
2025-03-26,85.87128379921135,86.07301655571045,85.58308995902762,85.65994262695312,25095600.0
2025-03-27,85.35254359918304,85.52545844621996,85.1412024162408,85.41018676757812,23674500.0
2025-03-28,86.34199883595144,86.7838907098919,86.2747545796795,86.59176635742188,39869400.0
2025-03-31,87.63886324756936,87.74452651032922,86.80310692917483,87.44673156738281,38824300.0
2025-04-01,87.97312660584,88.6094289151777,87.93456216084233,88.20450592041016,39800100.0
2025-04-02,89.05289818048536,89.05289818048536,87.40430697305572,88.14665222167969,43488400.0
2025-04-03,89.19750489783135,89.39997004664683,88.54192412878483,88.55156707763672,57467400.0
2025-04-04,90.28693729747964,90.7111314603846,89.48674165352635,89.51566314697266,92794200.0
2025-04-07,88.58049275687611,88.8793653420967,86.5751932703478,86.81621551513672,124987600.0
2025-04-08,86.0738721230241,86.96083231377152,85.05194004913754,85.1772689819336,73861900.0
2025-04-09,84.13604813269717,85.71716094122073,82.80560789203298,85.67859649658203,131353500.0
2025-04-10,84.5891713509219,85.01337288747455,83.24908815726593,83.31657409667969,78592000.0
2025-04-11,82.78632393721794,84.16497148243786,81.94756387082589,83.76969146728516,94814100.0
2025-04-14,84.26138126069453,84.56024650118104,83.70220786750039,84.367431640625,37596400.0
2025-04-15,84.02035245972029,85.02300583839053,83.91430208805416,84.66629028320312,22553900.0
2025-04-16,84.64702226869923,85.32188166740505,84.32887111413115,85.13870239257812,35607300.0
2025-04-17,84.87839090866974,85.0326413137968,84.09748122331713,84.38670349121094,31758400.0
2025-04-18,84.87839090866974,85.0326413137968,84.09748122331713,84.38670349121094,31758400.0
2025-04-21,83.49011120620268,83.94323424171037,82.89238069588684,82.91165924072266,39343200.0
2025-04-22,83.70219923685092,83.89501407752556,83.29728365818536,83.3744125366211,32552100.0
2025-04-23,85.68821857513568,85.86175487092916,84.03962744280483,84.18424224853516,44082200.0
2025-04-24,84.86875495771072,85.17726314881803,84.60845415960146,85.07121276855469,24190800.0
2025-04-25,85.70751129642834,85.90996909840533,85.41828166193828,85.69786834716797,22513900.0
2025-04-28,85.47612345155004,86.31487606792,85.42791606548569,86.23774719238281,20130500.0
2025-04-29,86.11241984961866,86.97045837815833,86.09314130809156,86.9608154296875,22129500.0
2025-04-30,86.55591481605647,86.81622298184907,86.1220776802899,86.25704956054688,42630600.0
2025-05-01,86.37123174240176,86.39058122314368,85.44230163470434,85.8196792602539,29932800.0
2025-05-02,84.87139783522,85.21974757117933,84.70690139948385,84.89075469970703,32090400.0
2025-05-05,84.52303605104846,84.58109925375231,84.0198683833198,84.41659545898438,22862800.0
2025-05-06,83.99084935296038,84.69721984863281,83.8360239726878,84.69721984863281,21095200.0
2025-05-07,85.07459392628525,85.35520937943085,84.97783175890265,85.05524444580078,23161600.0
2025-05-08,85.17135507537662,85.21006141836293,84.07792857031389,84.1069564819336,25483700.0
2025-05-09,84.18436516691152,84.48433008269896,84.10695248461808,84.23274993896484,17007900.0
2025-05-12,83.58442785319808,83.97148388172408,83.40058196107,83.44895935058594,32115000.0
2025-05-13,83.34252119826667,83.4973465672019,82.73291291866403,83.11029052734375,53912200.0
2025-05-14,82.97481499478273,83.09093401165165,82.44261206223264,82.55873107910156,42119800.0
2025-05-15,82.85869202000045,83.52636341576529,82.7135524839463,83.28445434570312,59448000.0
2025-05-16,84.0585791409116,84.07792862117643,83.41025712359895,83.50702667236328,31778200.0
2025-05-19,82.16199388631036,83.33283281097344,82.08458121794955,83.26509857177734,49361900.0
2025-05-20,82.6651840209961,82.82968044928704,82.30715586899777,82.6651840209961,35493100.0
2025-05-21,81.93943938171256,82.30713850546606,81.04921578790167,81.2524185180664,77053100.0
2025-05-22,80.81698895004094,81.69754161839758,80.60411514313876,81.67819213867188,61747900.0
2025-05-23,82.02652582308514,82.0749105910298,81.58141401141471,81.81365203857422,47139200.0
2025-05-27,82.58776068770686,83.24575369854978,82.39423637142107,82.9554672241211,56773400.0
2025-05-28,82.64582739931966,82.77161747200095,82.22006502642945,82.59744262695312,34806800.0
2025-05-29,82.99417088415639,83.4683180361386,82.86838080969083,83.36187744140625,38933200.0
2025-05-30,83.30380999977024,83.6715165383157,83.10060725174856,83.48766326904297,49042100.0
2025-06-02,82.83692880288753,83.01175202136905,82.35130957487901,82.7106704711914,46213100.0
2025-06-03,82.98262770312856,83.27399483486157,82.44844351334108,82.56499481201172,33731300.0
2025-06-04,83.32256226391722,84.15782807156748,83.1865894496451,83.90530395507812,57441500.0
2025-06-05,84.1869654175766,84.42977507701701,83.74019653340177,83.96357727050781,37664700.0
2025-06-06,83.32254993833682,83.45852273249503,82.82721623963965,82.89520263671875,38130100.0
2025-06-09,82.59412335526139,83.17686497627516,82.59412335526139,82.98262023925781,26560800.0
2025-06-10,83.62363153665662,83.7013323933458,83.06031144060248,83.40995788574219,24857000.0
2025-06-11,83.34198033433674,83.91501495078785,83.24485795814772,83.66249084472656,36334800.0
2025-06-12,84.39091907003576,84.69200065667357,84.10925899448718,84.6628646850586,43017800.0
2025-06-13,84.23552756406539,84.38120742700455,83.31284644232981,83.84703063964844,49374000.0
2025-06-16,83.60422292441967,83.94415496242145,83.0020523071289,83.0020523071289,36496600.0
2025-06-17,83.5265114844879,84.1675324549877,83.2837018580795,84.01213073730469,34521600.0
2025-06-18,84.38121002135098,84.58516924569916,83.86645472990615,84.15782928466797,38589000.0
2025-06-20,83.66248651401996,84.29379304151306,83.47794882183962,84.0024185180664,26001900.0
2025-06-23,84.42977765910392,84.92511145430055,84.27437591552734,84.27437591552734,36851800.0
2025-06-24,83.98299363310446,85.07077600234243,83.94414320420859,84.88624572753906,32959100.0
2025-06-25,84.60459846024573,84.99309539794922,84.30351685325785,84.99309539794922,26345300.0
2025-06-26,85.0707789528112,85.42042541503906,84.69199652039133,85.42042541503906,30467500.0
2025-06-27,85.05135673796619,85.62439131685464,84.73084624858596,84.87653350830078,74993500.0
2025-06-30,85.33302478623385,85.89634495788906,85.09021513396479,85.71180725097656,53695200.0
2025-07-01,85.91456570595324,86.09004112326942,85.45638691847697,85.92431640625,38960600.0
2025-07-02,84.99821477843581,85.38815360366168,84.91047333643554,85.37841033935547,39382200.0
2025-07-03,84.97869893270105,85.09568502295113,84.66674346297258,84.78372955322266,26729100.0
2025-07-07,84.36454798511464,84.38404195016744,83.76013094199513,83.97460174560547,38314700.0
2025-07-08,83.41891983320738,83.87710604673047,83.29219048296682,83.86735534667969,31407000.0
2025-07-09,84.02334764001913,84.74474334716797,84.01359693871004,84.74474334716797,29821900.0
2025-07-10,84.64724864176983,84.87146268213601,84.31579177489134,84.80322265625,24525500.0
2025-07-11,84.06234156233315,84.1013294916874,83.48716919668034,83.6333999633789,40764800.0
2025-07-14,83.38968385690629,83.72113331710916,83.17521305907822,83.45792388916016,24609500.0
2025-07-15,83.73088448653255,83.75038588877456,82.76577332851348,82.87300872802734,40455000.0
2025-07-16,83.13621336293942,83.50666560811614,82.07361756780796,82.98998260498047,65987700.0
2025-07-17,83.07772489639481,83.34093431336642,82.85350340685164,82.97048950195312,31875500.0
2025-07-18,83.28244750462574,83.31169216988465,82.96074131156632,83.09722137451172,27534900.0
2025-07-21,84.0525903048936,84.33530113527817,83.79912414013403,83.83811950683594,40019500.0
2025-07-22,84.00385442345619,84.58877011970056,83.94536508511374,84.34505462646484,35190300.0
2025-07-23,83.88686404318405,84.03308736863966,83.63339788305174,83.87711334228516,31008500.0
2025-07-24,83.39942369089566,84.07207322472058,83.36042832931666,83.73087310791016,25164800.0
2025-07-25,83.64314867952893,84.26705966087097,83.56515794745978,84.25730895996094,27196200.0
2025-07-28,83.8283739333272,84.03309404283016,83.67239989458473,83.71139526367188,26812500.0
2025-07-29,84.062350621092,85.14444056101613,84.03309851451542,85.12494659423828,47828300.0
2025-07-30,84.58875664744465,84.77398277283737,84.38403655824476,84.68624877929688,40670900.0
2025-07-31,84.93971308362214,85.21268065811486,84.65700224538767,84.73499298095703,49814100.0
2025-08-01,85.68518593276917,86.04726627790967,85.64604150631864,85.93962097167969,63434500.0
2025-08-04,86.07663453579569,86.26256872042578,85.77327452174615,86.17449188232422,36425200.0
2025-08-05,85.96898736803233,86.5561389006274,85.90048648033017,86.43871307373047,28586100.0
2025-08-06,85.95918945188699,86.16469955726129,85.0588900416325,85.93962097167969,42589300.0
2025-08-07,86.03750144065762,86.36043744618652,85.71456543512873,85.79285430908203,29213100.0
2025-08-08,85.48949088573426,85.51884734580025,85.28398819923461,85.42098999023438,21596300.0
2025-08-11,85.6656267236644,85.7928405238693,85.41119165721783,85.51883697509766,20100900.0
2025-08-12,85.03932427144763,85.10782515341005,84.69681986163548,85.08824920654297,41052300.0
2025-08-13,85.56778312901373,85.92985610548132,85.55799515326008,85.79285430908203,30817500.0
2025-08-14,85.63626719924767,85.63626719924767,85.02953974439157,85.15675354003906,33397400.0
2025-08-15,84.80447627907546,84.92190211151379,84.40325144214539,84.55004119873047,36343600.0
2025-08-18,84.64790150031178,84.68704593450231,84.14881929692928,84.3053970336914,26777500.0
2025-08-19,84.5989555946467,84.89253507122103,84.5989555946467,84.794677734375,28780600.0
2025-08-20,84.73595899923399,85.10782733889597,84.7066025442157,84.98060607910156,25912500.0
2025-08-21,84.70661200339667,84.82404530261998,84.26625019687444,84.55982971191406,28643900.0
2025-08-22,84.97082844745364,85.43076616773796,84.86318313138554,85.18611907958984,49871900.0
2025-08-25,84.87297402615344,85.18612201111799,84.79468516340307,84.94147491455078,27011900.0
2025-08-26,84.6576808628147,84.93168440823555,84.37388934333264,84.89253997802734,30259300.0
2025-08-27,84.26623915616294,84.80446570787048,84.15859384582143,84.794677734375,38142800.0
2025-08-28,84.92189675944083,85.3916224577019,84.80447093440308,85.35247802734375,32205900.0
2025-08-29,84.90232814844107,85.0001854911696,84.5891801720878,84.7457504272461,41686400.0
2025-09-02,84.11510467529297,84.32138863580575,83.96776434237086,84.11510467529297,48760600.0
2025-09-03,84.40980555853339,85.27423470771589,84.37051230251298,85.03848266601562,52499500.0
2025-09-04,85.48052187906147,85.69663104804789,85.0483110355112,85.68681335449219,40501600.0
2025-09-05,86.65928945652479,87.04238931514824,86.58070294849385,86.99327087402344,69668000.0
2025-09-08,87.59247381069788,88.17203989922373,87.54336286739928,88.15238952636719,54538700.0
2025-09-09,87.81841129645272,87.96575912050076,87.41566107701621,87.65142059326172,37126400.0
2025-09-10,87.81840813201981,88.47655322870767,87.61212418355441,88.15238952636719,40713600.0
2025-09-11,88.31939750633947,88.87931328406385,88.30957231882228,88.74178314208984,46694400.0
2025-09-12,88.24080845597193,88.38815628680108,87.90681953979774,88.35868072509766,32968600.0
2025-09-15,88.55515436517076,88.85966774497602,88.47656784960081,88.56497955322266,24820100.0
2025-09-16,88.49620738351682,88.89895763976,88.44709643396041,88.7516098022461,26794200.0
2025-09-17,89.10523151486053,89.42939522176425,88.28009570938359,88.52567291259766,49121800.0
2025-09-18,87.68089053152697,87.88717449183056,87.3272587440289,87.61212921142578,55717900.0
2025-09-19,87.49425546784248,87.65142849283802,87.2192101685226,87.44513702392578,32509200.0
2025-09-22,87.24868574813293,87.33709745590966,86.97364042513506,87.13080596923828,24758200.0
2025-09-23,87.39602340344736,87.77912327213785,87.17991424789433,87.73983001708984,26689000.0
2025-09-24,87.50408266715364,87.58266918145806,87.13080047141894,87.40585327148438,28098000.0
2025-09-25,87.27814831213409,87.45496422210776,86.89504842292821,87.40585327148438,29882500.0
2025-09-26,87.41566708226696,87.88717865272808,87.12097890834816,87.32726287841797,30955100.0
2025-09-29,87.71036061980351,88.15239661715412,87.68089255256973,88.04434204101562,32286200.0
2025-09-30,88.0738185360642,88.44709321568459,87.63177503960688,87.78894805908203,38584000.0
2025-10-01,88.17337573265853,88.36066647863731,87.81851301422958,88.01566314697266,39408900.0
2025-10-02,88.03536962161579,88.40995109324184,87.91708706889867,88.2719497680664,23208300.0
2025-10-03,88.35080977962623,88.43952922218674,87.99594705040187,88.10437774658203,25884500.0
2025-10-06,87.44394815810028,87.8875303626306,87.38480687236665,87.4045181274414,28371000.0
2025-10-07,87.7002321888036,88.10437680802626,87.54251207949123,87.90723419189453,29103300.0
2025-10-08,88.32123777285904,88.34095654668252,87.85794435462037,87.97623443603516,22506200.0
2025-10-09,87.89737480493532,88.01566488691961,87.73966221613169,87.90723419189453,21578700.0
2025-10-10,88.69581766267423,89.42525435023815,88.61695760982717,89.3266830444336,59389400.0
2025-10-14,89.35626092433839,89.62240422362615,89.13939952169176,89.56326293945312,29800000.0
2025-10-15,89.66182566843176,89.996977127844,89.17882101274343,89.3661117553711,31333900.0
2025-10-16,89.22810311092744,90.19411994504564,89.1591024456696,90.0363998413086,39631200.0
2025-10-17,89.94768876603406,89.98711879233774,89.60268543651263,89.89839935302734,40240400.0
2025-10-20,90.15469638767472,90.2532676993286,89.97726501849417,90.24341583251952,28429300.0
2025-10-21,90.6771294434293,90.87427958362716,90.59827690785905,90.6869888305664,24514300.0
2025-10-22,90.67713122667368,90.86442198341766,90.5095592445917,90.74613189697266,30496200.0
2025-10-23,90.3025610766709,90.47999245363476,89.98712835323617,90.12512969970705,28275100.0
2025-10-24,90.28284097988316,90.29270036748945,89.85898507943244,90.16455841064452,28266000.0
2025-10-27,90.01669686125763,90.47999030792693,89.78997607142679,90.47013092041016,30033600.0
2025-10-28,90.53912358621858,90.8644156609262,90.4996935601472,90.70669555664062,23564500.0
2025-10-29,90.56870420693056,90.5785635946621,89.7209773542416,89.78997802734375,39551600.0
2025-10-30,89.09996038027322,89.67168447050898,89.06053035468712,89.26753234863281,42649200.0
2025-10-31,89.26753182030015,89.36611064393615,88.91266911263396,89.00138854980469,38247300.0
2025-11-03,88.66009110387994,88.85794590312369,88.46222875695938,88.77880096435547,40752300.0
2025-11-04,88.81837942331254,89.09537918000431,88.77880695125981,88.97666931152344,26383800.0
2025-11-05,88.55126838959858,88.59084085884398,87.92801143357951,88.00715637207031,44643400.0
2025-11-06,88.60073687781556,88.88763164681278,88.57105940993266,88.79859924316406,33027400.0
2025-11-07,88.40286879961349,88.9074083209738,88.40286879961349,88.6106185913086,28530100.0
2025-11-10,88.5314807214079,88.70955306388105,88.43255331951771,88.5908432006836,24093500.0
2025-11-12,88.98654687604218,89.35258654107888,88.91729694456782,89.15473175048828,23594900.0
2025-11-13,88.83816033841985,88.9766602025869,88.42265319824219,88.42265319824219,33825900.0
2025-11-14,88.82827316855908,88.87773309716563,87.91812896728516,87.91812896728516,38550500.0
2025-11-17,88.1258776186991,88.34352243519135,88.02695021511457,88.1357650756836,25605800.0
2025-11-18,88.3929814818658,88.49190888446404,87.84887699373704,88.10608673095703,31967400.0
2025-11-19,88.27427390216737,88.35341129768766,87.8983391958179,87.92801666259766,25782400.0
2025-11-20,88.03683428731725,88.46222889928484,88.03683428731725,88.2742691040039,32945000.0
2025-11-21,88.68977672285166,88.70955918552406,88.24459206210918,88.5413818359375,41938600.0
2025-11-24,88.98655121807417,89.10526862682713,88.81837388309845,89.04591369628906,30865700.0
2025-11-25,89.34269506360218,89.61969480043277,89.16462272597155,89.27344512939453,36503300.0
2025-11-26,89.18441700229044,89.6691665649414,88.86784478109513,89.6691665649414,34099000.0
2025-11-28,89.49109670460619,89.56034664405132,88.98655711854742,89.2437744140625,40704300.0
2025-12-01,88.2122248115827,88.35121927241828,88.07323035074712,88.13279724121094,47086600.0
2025-12-02,87.94416345043153,88.32143303582895,87.8250220986393,88.1725082397461,27605700.0
2025-12-03,88.28172087303614,88.52000358099626,88.10301262938101,88.42071533203125,23278600.0
2025-12-04,88.27179348674666,88.29164659072238,87.84487979228811,87.94416046142578,25541500.0
2025-12-05,87.91437890088957,87.91437890088957,87.41796796994075,87.53710174560547,32808100.0
2025-12-08,87.55696358680687,87.56688635182418,86.93148095774613,87.24918365478516,32255200.0
2025-12-09,87.70587835929264,87.71580869866244,87.20946743561642,87.33853912353516,25771800.0
2025-12-10,87.36832931201192,87.88459337965472,87.22933484862232,87.67610168457031,46833500.0
2025-12-11,88.05337965542977,88.19237412006953,87.52718524291778,87.55696868896484,26778700.0
2025-12-12,86.75277225542688,86.87191360666844,86.5641412509149,86.71305847167969,47030100.0
2025-12-15,87.09033912165958,87.24918668838724,86.76270607358185,86.77263641357422,28611800.0
2025-12-16,86.56414171173118,87.28889743874376,86.54428103243698,87.24918365478516,41018700.0
2025-12-17,87.00097618611323,87.35839265889489,86.95133963827833,87.16976165771484,24668300.0
2025-12-18,87.49739593069866,87.74560141877753,87.43782903744145,87.58675384521484,39048900.0
2025-12-19,87.31964063163431,87.46914501746576,87.12030651993169,87.25984191894531,37858100.0
2025-12-22,87.1302637977624,87.17013213904643,86.96082905038666,87.07046508789062,25547100.0
2025-12-23,86.78142392766462,87.28973576576449,86.74155558701871,87.20999908447266,33624100.0
2025-12-24,87.46914130324483,87.78808043089121,87.35950526523119,87.73824310302734,25942000.0
2025-12-26,87.8080109609863,87.8777786576588,87.30966809786592,87.44920349121094,26522700.0
2025-12-29,87.65850929052299,87.77811431884766,87.49904352353228,87.77811431884766,29399800.0
2025-12-30,87.44920448329246,87.7482132462003,87.37943678582847,87.56880950927734,25106800.0
2025-12-31,87.38940513088536,87.61864619464647,86.84122493761443,86.87113189697266,36500000.0
2026-01-02,87.11033836433707,87.12030735125,86.7315929027355,86.74156188964844,40731300.0
2026-01-05,86.89106470241352,87.22993421022291,86.82129700350518,87.17013549804688,30178000.0
2026-01-06,86.86116387675224,87.05052899680886,86.61199244142254,86.99073028564453,39015200.0
2026-01-07,87.54886841892697,87.71831076739949,87.19006856196535,87.49903869628906,39930900.0
2026-01-08,87.04057072890112,87.2598428164948,86.96083404175633,87.06050109863281,28204900.0
2026-01-09,87.01067102276768,87.70834802220985,86.83126727946699,87.63858032226562,57348800.0
2026-01-12,87.21000555039117,87.61865036922819,87.12030748036881,87.37944030761719,36103100.0
2026-01-13,87.58873700243174,87.61864396102757,87.24986751276374,87.52893829345703,30451400.0
2026-01-14,87.61864814247889,88.13692138791322,87.59871016913016,88.0372543334961,39233500.0
2026-01-15,88.34622685769969,88.36616483158424,88.01731872558594,88.01731872558594,37988900.0
2026-01-16,87.83791082739272,88.0272835497955,87.41930464492111,87.5090103149414,46382400.0
2026-01-20,86.34288551262826,86.741561341427,86.25318744330575,86.36282348632812,66009500.0
2026-01-21,86.51232562828707,87.19007223842974,86.3329218901873,87.0206298828125,51220100.0
2026-01-22,86.9807621210947,87.46914361391465,86.85119571097793,87.39937591552734,42419300.0
2026-01-23,87.53891326578946,87.7382473787418,87.21000513572001,87.63858032226562,35968800.0
2026-01-26,88.10701963992163,88.19671770522912,87.90767793239061,88.05718231201172,38882400.0
2026-01-27,87.81798045855969,87.9575158527169,87.38940528961723,87.5090103149414,35180100.0
2026-01-28,87.21997142780441,87.4093365480257,87.0006993478662,87.3096694946289,38750300.0
2026-01-29,86.86116159974179,87.44920252173254,86.79139390384275,87.32960510253906,43855000.0
2026-01-30,87.09039610220141,87.26979983725546,86.84122467041016,86.84122467041016,45832200.0
2026-02-02,86.73158898238007,86.77145732412073,86.26315307617188,86.26315307617188,38171400.0
2026-02-03,86.20334847467177,86.49238825495426,86.14354976292671,86.47245788574219,27438200.0
2026-02-04,86.34287952061719,86.49238389655505,86.17344477647154,86.25318145751953,37872900.0
2026-02-05,86.64189091218643,87.19007110595703,86.46248717641684,87.19007110595703,50268900.0
2026-02-06,87.16016462985644,87.24987030029297,86.91099319568977,87.24987030029297,33461800.0
2026-02-09,86.91099555216621,87.2897410089983,86.74156079732496,87.22993469238281,24708900.0
2026-02-10,87.94754774673508,88.23658752441406,87.92761737770252,88.23658752441406,37253700.0
2026-02-11,87.74821233145995,88.18675648472411,87.64854527956591,87.76814270019531,37014000.0
2026-02-12,88.067153426643,88.98410249111875,88.0571844399984,88.93427276611328,48454900.0
2026-02-13,89.33293989835248,89.5123436352341,89.22330385891878,89.42264556884766,56785200.0
2026-02-17,89.63194989583003,89.8213226218438,89.46251514313815,89.57215118408203,32356700.0
2026-02-18,89.39274974142448,89.56218449846952,89.17347765390313,89.2332763671875,35415400.0
2026-02-19,89.10371069873116,89.4226498457629,89.07381134183899,89.32298278808594,28658600.0
2026-02-20,89.40271015900889,89.4425785021377,88.63526546507879,89.11367797851562,49610800.0
2026-02-23,89.25320843312768,89.70171396129072,89.2332704606133,89.44257354736328,33614600.0
2026-02-24,89.65188050647124,89.75155516513144,89.46251538405635,89.60205078125,24933900.0
2026-02-25,89.41268068083602,89.78145715802692,89.41268068083602,89.61202239990234,23625800.0
2026-02-26,89.76151447496066,90.02065489409723,89.75155309261174,89.97081756591797,29447100.0
2026-02-27,90.38943078568056,90.55886553385471,90.24989539258316,90.5189971923828,51272000.0
2026-03-02,89.9800033569336,89.98999786376953,89.36000061035156,89.61000061035156,55465500.0
2026-03-03,88.9800033569336,89.66999816894531,88.94000244140625,89.43000030517578,51850400.0
2026-03-04,89.2699966430664,89.44000244140625,89.0999984741211,89.1500015258789,47069500.0
2026-03-05,88.62999725341797,88.94000244140625,88.51000213623047,88.79000091552734,45768900.0
2026-03-06,88.31999969482422,88.94000244140625,88.0199966430664,88.45999908447266,58136900.0
2026-03-09,88.30000305175781,89.31999969482422,88.20999908447266,89.2300033569336,52465300.0
2026-03-10,88.80000305175781,88.86000061035156,88.66000366210938,88.73999786376953,8247707.0
