Date,Close,High,Low,Open,Volume
2020-11-02,306.92559814453125,308.93332384063365,304.1742157069411,306.92559814453125,86068300
2020-11-03,312.3446960449219,314.4082189715023,307.00929292148163,310.16963593850346,93294200
2020-11-04,319.3252868652344,323.4151432960798,315.65369476603786,316.83416747960666,126959700
2020-11-05,325.5529479980469,327.3655114983096,324.2702142429703,324.6234340730945,82039700
2020-11-06,325.4786376953125,326.7334873150784,323.1455483916412,325.2648392554505,74973000
2020-11-09,329.5684509277344,338.69628436700145,329.103693970947,338.3151802584542,172304200
2020-11-10,329.085205078125,330.1448364825855,325.8040211888103,328.57395526410835,85552000
2020-11-11,331.5298156738281,332.35706849505874,330.0332831809549,331.27882870533216,58649000
2020-11-12,328.3135681152344,331.5761706976934,326.50103318782095,330.5165113279506,67546200
2020-11-13,332.8590087890625,333.6026087311802,329.7079423371588,330.2284679699451,62892200
2020-11-16,337.0139465332031,337.2091365588106,334.24398420061374,335.5360224634201,74541100
2020-11-17,335.2013854980469,336.409770903095,333.0820943880079,334.59720697878305,66111000
2020-11-18,331.1672668457031,336.01933135427623,331.13007834082595,335.4709214650384,70591300
2020-11-19,332.5616149902344,332.9334150256051,329.1874736453594,330.53528068591817,59940900
2020-11-20,330.2843017578125,332.50585453742735,330.20995309552933,332.3013602579922,70417300
2020-11-23,332.2641296386719,333.5282836694918,329.85669132516,332.0968238948421,63230600
2020-11-24,337.6181640625,338.1665740612137,333.9651798999618,334.82031711721845,62415900
2020-11-25,337.0975341796875,337.5622911569882,336.00071452122154,337.5344068730107,45330900
2020-11-27,338.0364074707031,338.5104403756147,337.02321213244505,338.1944089835005,28514100
2020-11-30,336.5398254394531,337.52510797754314,333.85354481889163,337.2555409838347,83872700
2020-12-01,340.220703125,341.76369976470494,339.20753627179033,339.8024388460691,74231400
2020-12-02,340.9365234375,341.09452496721,338.5290850488173,339.10537931768437,45927000
2020-12-03,340.843505859375,342.2377769204486,339.7373818816019,340.8342016416823,62882000
2020-12-04,343.7808532714844,343.7808532714844,341.3362262394426,341.4291833383519,50749900
2020-12-07,343.0743713378906,343.5670126985919,341.80094150173,343.00929853997224,48944300
2020-12-08,344.0782470703125,344.6452370556998,341.75446181901555,341.8009261774338,42458900
2020-12-09,340.9923095703125,344.8962524151043,340.155752415466,344.73825087726243,74098300
2020-12-10,340.8807678222656,341.9310950867418,338.74286804799897,339.6166137038823,57735400
2020-12-11,340.4810485839844,340.8900371114811,337.6553457695817,339.1797343449143,57698600
2020-12-14,338.9565734863281,343.73426062304117,338.7799635596942,342.65604936198173,69216200
2020-12-15,343.5391540527344,343.5391540527344,340.12785278149966,341.50351566005907,63865300
2020-12-16,344.0782470703125,344.99845695254,342.86986171972654,343.7529114618271,58420500
2020-12-17,346.0023193359375,346.20681357249737,344.89619528816195,345.7234764526828,64119500
2020-12-18,344.62078857421875,346.4597381046368,342.6044762600976,346.29171920031933,136542300
2020-12-21,343.3885803222656,353.2834348654009,337.9464259916311,340.690848610834,96386700
2020-12-22,342.8098449707031,343.82733077167063,341.68034656595023,343.7153181678852,47949000
2020-12-23,343.117919921875,345.0315351063921,342.79119749130325,343.7806801753628,46201400
2020-12-24,344.4527587890625,344.4807619388975,343.00588190186073,343.5939480483956,26457900
2020-12-28,347.4118957519531,347.8039398547463,346.38506609890993,347.01047928251126,39000400
2020-12-29,346.7491149902344,349.1201528820118,346.1610203351437,348.94279009754194,53680500
2020-12-30,347.2438659667969,348.2800395515808,346.85182184412906,347.57058839397877,49455300
2020-12-31,349.0081481933594,349.7362586191651,346.53444152154736,347.0478421277476,78520700
2021-01-04,344.2567443847656,350.47370017311397,340.5508422079817,350.34299981269083,110210800
2021-01-05,346.6277770996094,347.71995701585035,343.5659756645781,343.61266657677504,66426200
2021-01-06,348.7000732421875,351.9019187189158,344.5647799187049,345.11552753738533,107997700
2021-01-07,353.8808288574219,354.627598413459,350.90303753627427,351.0804002911338,68766800
2021-01-08,355.89715576171875,356.1118370621761,352.01389123519994,355.2717141545609,71677200
2021-01-11,353.4981384277344,355.26239380181204,352.5926652872222,352.71402176287364,51034700
2021-01-12,353.5728759765625,354.5903619209888,351.3231942418903,353.6849170835824,52547700
2021-01-13,354.5249938964844,355.52379194885276,352.7140474834026,353.4981642054425,45303600
2021-01-14,353.2834167480469,355.77581089223776,352.9473789690196,355.27172573626217,49989100
2021-01-15,350.70703125,352.4619426341767,348.8400787887009,351.6591667497863,107160000
2021-01-19,353.4607849121094,354.0022171031651,351.6871856917085,353.1714095466067,51233300
2021-01-20,358.35235595703125,359.19247922371085,355.36521935611944,355.7572635864285,61836100
2021-01-21,358.6788635253906,359.34165209686404,357.75473126120266,358.9122325607861,47840100
2021-01-22,357.4093933105469,358.5762386300744,356.4385700282183,356.82129871151545,52860500
2021-01-25,358.8190612792969,359.1737584354347,353.28352374055055,358.1469570302598,70402000
2021-01-26,358.2589111328125,360.1818702142021,358.0255420356784,359.77113832425107,42665300
2021-01-27,349.5028076171875,355.01965506445595,347.262470561871,354.9263017522696,123351100
2021-01-28,352.5086669921875,356.5226037699403,350.88442731269146,351.3231338347947,94198100
2021-01-29,345.45159912109375,351.61254871858694,343.77132460135704,350.64172533967934,126765100
2021-02-01,351.2017822265625,352.2379271972738,345.74094042873577,348.8587477068479,75817600
2021-02-02,356.1678161621094,357.72673387812904,351.2857540949605,354.39421716202406,64450700
2021-02-03,356.44793701171875,358.1748738940465,355.1690790166105,356.9986846197431,52427100
2021-02-04,360.4992370605469,360.54589948348286,356.5599656893547,357.48409816801393,47142600
2021-02-05,361.9180908203125,362.62754192923927,360.45255466954404,362.3755135819587,48669800
2021-02-08,364.5318603515625,364.57852277431755,362.5155480071299,363.3743303003986,38365200
2021-02-09,364.28912353515625,364.88656203696013,363.2809816726569,363.69168503335237,35551100
2021-02-10,364.1304016113281,366.1840607481003,361.7220454304173,366.0347011302047,59154400
2021-02-11,364.7184753417969,365.63329226629037,362.28211615236023,365.2132165845234,42913300
2021-02-12,366.520263671875,366.7629482149384,363.84116191669295,363.91585599720855,50593300
2021-02-16,366.2027893066406,367.9484141469032,365.48402271648996,367.7523635871387,50972400
2021-02-17,366.28680419921875,366.53883256205916,363.4303403165047,364.44785462236365,52290600
2021-02-18,364.72784423828125,365.47461384883314,361.9460747372213,363.67301150998657,59712800
2021-02-19,364.083740234375,366.2774151168697,363.6356613794077,365.98803975869316,83241000
2021-02-22,361.2833251953125,363.7010253533057,361.01260909636693,361.3113283443458,67414200
2021-02-23,361.7220458984375,363.075597852257,354.9076806868084,359.0709767740869,107284100
2021-02-24,365.7080383300781,366.1374579842798,359.6404417407371,360.6299244440038,72433900
2021-02-25,356.8960266113281,365.810743501983,355.4491495573829,364.438532027057,146670500
2021-02-26,355.0570373535156,359.9297848553106,353.0687567328293,358.7816272202917,152701600
2021-03-01,363.6636962890625,364.9145796408334,355.2530939230072,359.9391348464769,105348800
2021-03-02,360.8259582519531,364.1211286457314,360.3218730437514,363.88775955697247,79595300
2021-03-03,356.04656982421875,361.096651920439,355.9438726099805,360.12585700592814,119940200
2021-03-04,351.64056396484375,358.4549301482067,347.14120097339406,355.8598669496521,183433000
2021-03-05,358.10955810546875,359.1643910019848,347.8506615219816,355.15042536468866,152039600
2021-03-08,356.3265380859375,361.8900482908478,356.0465066194313,359.0709604074307,123149200
2021-03-09,361.4140625,363.9717786646601,359.67778162011194,360.1818668416844,113633600
2021-03-10,363.6636962890625,365.3626300474982,362.3475197320477,363.7663934988811,109899400
2021-03-11,367.3509521484375,369.3299174808508,365.68002148147286,366.1374442709955,86245000
2021-03-12,367.8456726074219,367.98568835649854,365.17594403357333,365.988063865654,64653600
2021-03-15,370.03936767578125,370.300739917359,365.9507366566855,368.0977208919714,73427200
2021-03-16,369.5726013183594,371.36485984183645,368.79780004485065,370.6554372330348,73722500
2021-03-17,370.8327941894531,371.63557011212924,367.1362076288322,368.28439370276624,97959300
2021-03-18,365.4373474121094,370.3287545797214,364.75589939193253,368.237776582105,115349100
2021-03-19,364.7611083984375,366.71846014757364,362.578969155588,365.13571611364415,113624500
2021-03-22,367.6737976074219,369.0598779072766,365.22008364773114,365.276273388736,73778600
2021-03-23,364.77984619140625,368.4885113362142,363.9931613777038,367.0368956527284,90686600
2021-03-24,362.925537109375,367.82361875706545,362.8787218556425,366.1846847460537,97588600
2021-03-25,364.96722412109375,365.76325496649565,359.5353110691454,361.4833173294105,116128600
2021-03-26,370.8486328125,371.2513354528067,365.51975365812234,366.1191203770628,114409100
2021-03-29,370.66131591796875,371.5697547729306,367.87980961613647,369.3688948067096,108107600
2021-03-30,369.67791748046875,370.35222281435466,368.07642444952893,369.3875943515062,76262200
2021-03-31,371.17633056640625,372.7403541757832,370.2210766312015,370.24917149456826,112734200
2021-04-01,375.184814453125,375.24103277878845,372.9090440416976,373.1150826333132,99682900
2021-04-05,380.5698547363281,381.1130603362482,377.77900235176537,377.8539124789563,91684800
2021-04-06,380.3450927734375,381.3940060302929,379.6707873110672,380.0079543326237,62021000
2021-04-07,380.78521728515625,381.13173016634283,379.71758377503375,380.17647612247123,55836300
2021-04-08,382.59271240234375,382.6489021342962,381.1036273441264,382.04016098431885,57863100
2021-04-09,385.374267578125,385.54286537621095,382.3492818264006,382.471035788063,61104600
2021-04-12,385.5147399902344,385.78631418087707,384.1661291967522,384.7748703761354,56704900
2021-04-13,386.6573181152344,387.2848083159337,385.02775850316095,385.4117407781049,56551000
2021-04-14,385.3367614746094,387.68744137767425,384.79355598094213,386.629153835871,61659900
2021-04-15,389.4761657714844,389.7477684777227,387.43452968630845,387.4813449270554,60229800
2021-04-16,390.7780456542969,391.38678681954315,389.34515029209115,390.7686711718235,82037300
2021-04-19,388.8581237792969,390.2910191020154,387.52826201872847,389.84150124750823,78498500
2021-04-20,386.0110778808594,388.7457400683616,384.53133874397116,387.6406372471208,81851800
2021-04-21,389.66357421875,389.8696127711152,385.2524800177592,385.3929829340343,66793000
2021-04-22,386.104736328125,390.32851244037596,385.03710277731346,389.4950123134233,97582800
2021-04-23,390.29107666015625,391.70525180773853,386.5917853934421,386.6666955199945,73209200
2021-04-26,391.1058349609375,391.67713539485504,390.35661941365066,390.94664023299106,52182400
2021-04-27,391.0215148925781,391.6021897569146,389.87894270910715,391.40549711447903,51303100
2021-04-28,390.9091796875,392.41701387986393,390.44091281471174,391.2931619528754,51238900
2021-04-29,393.4002685546875,394.0183841082512,390.01002178149986,393.6437764159888,78544300
2021-04-30,390.8154602050781,391.9767813050414,389.9163959508624,391.1245322985736,85527000
2021-05-03,391.6584167480469,393.19431720102517,391.1620550150992,392.8103349425953,68128300
2021-05-04,389.2421569824219,390.15997035681755,385.54286577673696,389.6636086069614,101591200
2021-05-05,389.3639221191406,391.12461021240586,388.80199613054106,390.8904767655513,60162200
2021-05-06,392.47320556640625,392.60430542945204,387.42527493393436,389.43881678077094,74321400
2021-05-07,395.32958984375,395.98517484775925,392.5574581716832,393.24113804267915,67733800
2021-05-10,391.4148864746094,395.9102366829871,391.2931325239228,395.68547774679007,81852400
2021-05-11,387.921630859375,388.9143543332636,384.0350215703877,386.8820921309742,116888000
2021-05-12,379.68011474609375,386.40441956933836,378.3595988550545,385.1307475097692,134811000
2021-05-13,384.2410583496094,386.17969003386344,381.1879492380252,381.2347930730612,106394000
2021-05-14,390.1411437988281,390.993392781113,386.95693536241697,386.985030226416,82201600
2021-05-17,389.1484680175781,389.96327633452273,387.1255518204116,389.02674264587563,65129200
2021-05-18,385.7956237792969,389.65413734142436,385.6364005040264,389.410629478329,59810200
2021-05-19,384.7842712402344,384.962214952343,379.6052403632547,381.0943542868471,106467100
2021-05-20,388.9237365722656,390.18806285746604,385.54286343600126,385.6645888163089,78022200
2021-05-21,388.6053161621094,391.6584253302021,388.1464237708593,390.4128194386064,76578700
2021-05-24,392.56683349609375,393.64384150721315,390.609452962444,390.85296086401064,51376700
2021-05-25,391.69580078125,394.00903989913496,391.1151545265216,393.6531525608854,57451400
2021-05-26,392.47320556640625,392.9789132133939,391.2463486400701,392.2858873840644,43088600
2021-05-27,392.6792297363281,394.0184660906669,392.3982524731179,393.5033839792261,56707700
2021-05-28,393.381591796875,394.5147894803722,393.14745839065523,394.25256120863554,58520200
2021-06-01,393.03509521484375,395.89151145679193,392.59492324968153,395.7510371233868,54216600
2021-06-02,393.6532287597656,394.49613202119497,392.67925421266847,393.690698113344,49097100
2021-06-03,392.1922607421875,393.33483315522676,389.86030065702096,391.3306656259086,58138800
2021-06-04,395.7791442871094,396.07884192817824,392.25776845640075,394.046551239309,55938800
2021-06-07,395.3951416015625,395.94769302205015,394.45860795719597,395.7697493431614,51555000
2021-06-08,395.4794616699219,396.3504311779216,393.6438635649378,396.2567720889371,47134300
2021-06-09,394.8894348144531,396.39726895606424,394.66467586891736,396.3223302537251,48436300
2021-06-10,396.7249755859375,397.680258127959,394.7957187001208,396.11623447588136,51020100
2021-06-11,397.38055419921875,397.4929336539654,395.98512833488803,397.2775492259465,45570800
2021-06-14,398.2702941894531,398.37329916833056,396.24737815172665,397.4929552839291,42358500
2021-06-15,397.5397644042969,398.45754897502957,396.6594205967574,398.42010821183635,51508500
2021-06-16,395.3202209472656,397.90506306952614,393.2692384667754,397.68030413045653,80386100
2021-06-17,395.1890869140625,396.17243576818447,392.70727857401477,394.90813826452404,90949700
2021-06-18,389.85784912109375,392.59205290595094,389.6511365019584,391.89675985715155,118676300
2021-06-21,395.4389953613281,395.62692633353106,390.80678650635434,391.6242317543802,72822000
2021-06-22,397.5531311035156,398.389386740263,394.70615149146886,395.4296600028668,57700300
2021-06-23,397.073974609375,398.4363740041373,396.98941426136173,397.62833378473624,49445400
2021-06-24,399.4229431152344,399.8457448281696,398.9719259471938,399.22563564919795,45110300
2021-06-25,400.841796875,401.29281413405675,399.845825517884,400.174690477139,58129500
2021-06-28,401.6498107910156,401.81893148712265,400.1652591125572,401.3679429641706,53159600
2021-06-29,401.8658752441406,402.6739153566939,401.33029776996494,402.03499591780417,35970500
2021-06-30,402.20416259765625,402.8806740439344,401.37731208840023,401.4054988705683,64827900
2021-07-01,404.4310302734375,404.5907744987678,402.8994814377987,402.96526015847866,53441000
2021-07-02,407.5222473144531,407.8792989685119,404.5155237085029,405.5960838218622,57697700
2021-07-06,406.780029296875,407.79481088022624,404.0364200440292,407.57869308441616,68710400
2021-07-07,408.21759033203125,408.4994868338858,405.4457944463871,407.4659236755757,63549500
2021-07-08,404.89141845703125,405.6524902342203,401.6967636141339,402.8806657894251,97595200
2021-07-09,409.2135925292969,409.5142706843359,404.6941297476529,406.4042044959093,76238600
2021-07-12,410.6793518066406,410.93306153821294,408.69681441503684,409.1290213300447,52889600
2021-07-13,409.27935791015625,411.3934527310656,409.01627170163516,409.8900906791253,52911300
2021-07-14,409.8900451660156,411.46859091611077,408.64039298286,410.9799818157925,64130400
2021-07-15,408.4900817871094,409.22296681332864,406.58269968847173,408.54645535264586,55126400
2021-07-16,405.2860107421875,409.7209124013847,404.89139582198015,409.67394399277407,75874700
2021-07-19,399.30084228515625,405.3518538666455,396.48204913878226,400.4471526449849,147987000
2021-07-20,405.02294921875,406.3008168970858,399.1692457026754,399.96790941735486,99608200
2021-07-21,408.3021545410156,408.44311713039826,404.97599944679223,406.2256517266708,64724400
2021-07-22,409.1571350097656,409.40143954488997,407.49405769372373,408.48062363685614,47878500
2021-07-23,413.3666076660156,413.70484906884116,410.4068806943092,411.09276865256516,63766600
2021-07-26,414.3813171386719,414.3907222902915,412.727644885463,412.7746132950754,43719200
2021-07-27,412.4927978515625,413.366616835825,409.6551944295432,413.33843005163095,67397100
2021-07-28,412.3236083984375,413.7048180381999,410.8954303476653,413.12227210530915,52472400
2021-07-29,414.03363037109375,415.114161755324,413.24437191632796,413.25377706703324,47435300
2021-07-30,412.0229797363281,413.4793446420124,411.32765796830415,411.4592154045569,68951200
2021-08-02,411.1585388183594,414.2967915787936,410.80148711775246,413.74243239731,58783300
2021-08-03,414.5035095214844,414.62566180738776,409.75855272178563,411.9572078453096,58053900
2021-08-04,412.4645690917969,414.47529306625523,412.22966968933605,413.2162357099742,46732200
2021-08-05,415.0766296386719,415.1611899786431,413.31018162796113,413.6296413592664,38969700
2021-08-06,415.76251220703125,416.18534257573646,415.11418760127896,415.39608407182965,46930000
2021-08-09,415.4242858886719,416.0538002146291,414.65380898521596,415.73434047583487,41222600
2021-08-10,415.94110107421875,416.6552044987499,415.1894343873146,415.87532235369696,43339300
2021-08-11,416.9746398925781,417.0686053915082,415.88470318832685,417.012231826999,44034300
2021-08-12,418.2243347167969,418.3652973166653,415.92233746699225,416.8243432652148,38909400
2021-08-13,418.9853515625,419.00413319074835,418.18668791120035,418.67526831383185,39470300
2021-08-16,419.9719543457031,420.1034831034583,416.1195983231061,417.67933383173784,73740000
2021-08-17,417.2189025878906,418.08331627311867,414.2215841205355,417.40680489265077,92673900
2021-08-18,412.6524658203125,417.77328419430097,412.4081899435472,416.20414359044753,89351900
2021-08-19,413.2913513183594,414.4940636710407,409.77726576987084,409.91819966300045,92812200
2021-08-20,416.5799560546875,416.9088209320755,413.1504307316215,413.6390398091952,72008700
2021-08-23,420.2444763183594,421.15588723398355,416.6552062239017,418.27131541425854,54973000
2021-08-24,420.9115905761719,421.44716815686525,420.3948233013429,420.9115905761719,38744700
2021-08-25,421.7947998046875,422.31156706123744,420.7236446811897,421.0995066942213,40529700
2021-08-26,419.3048400878906,421.74777094308087,419.21087459171173,421.5128715397554,57829600
2021-08-27,423.0538330078125,423.4296663250528,420.05651427346226,420.1128878373361,77235100
2021-08-30,424.91424560546875,425.70350417202803,423.4860388594857,423.73034341850786,48357400
2021-08-31,424.28466796875,425.1584868096362,423.683340446527,424.82024545480607,59300200
2021-09-01,424.51019287109375,425.7410634582663,424.2752934663014,425.22429623742056,48721400
2021-09-02,425.8163146972656,426.6243550139611,424.6136307014119,425.9384669949634,42501000
2021-09-03,425.712890625,426.22968653702213,424.27530736753846,424.67935614944514,47170500
2021-09-07,424.1907653808594,425.4592279980526,423.5142538966394,425.3652624941409,51671500
2021-09-08,423.6739807128906,424.3880841041836,421.74778832170443,423.65519908257835,56181900
2021-09-09,421.8605651855469,425.233717323856,421.6162606196501,423.47667429804756,57970400
2021-09-10,418.53436279296875,424.21891687872017,418.41221051546853,423.79611515765436,89948200
2021-09-13,419.6055603027344,421.8042443220271,417.28475265947947,421.5411580929,83738600
2021-09-14,417.3411560058594,421.25926266690806,416.44852665062126,421.05255000960284,78197100
2021-09-15,420.8270263671875,421.32501200583664,416.6552102465529,417.7639286610175,78792200
2021-09-16,420.15985107421875,421.2779457838027,417.2000958380673,420.30078497254937,77786700
2021-09-17,416.06707763671875,419.8092317575897,415.70888206973706,419.38507550677497,118425000
2021-09-20,409.12945556640625,411.5048166227596,404.24672580141237,409.9212425851907,166445500
2021-09-21,408.7430114746094,412.7773715752907,408.21515342525714,411.4765682514919,92526100
2021-09-22,412.730224609375,414.7756961285755,408.85612048010717,411.0241068459511,102350100
2021-09-23,417.74481201171875,419.35669165274265,414.37028960016744,414.60594149043527,76396000
2021-09-24,418.4329528808594,419.149343878641,415.8879007953416,416.1047109041707,62094800
2021-09-27,417.2359313964844,418.5649830834851,416.5383820618651,417.39615861384715,61371100
2021-09-28,408.82781982421875,414.7851074945161,408.092586956221,414.4551890406225,130436300
2021-09-29,409.5159606933594,411.95731138665417,408.95039027329,410.2134812439846,82329200
2021-09-30,404.51068115234375,411.702753721443,404.1713274228365,410.995797948249,140506000
2021-10-01,409.3179931640625,411.0052691446982,402.7103321875053,406.24511136235,129240100
2021-10-04,404.0395202636719,409.05417312694203,401.89034633726635,408.1492774715863,128570000
2021-10-05,408.2434387207031,410.49625637556306,404.74637188186426,405.5475654887487,90682500
2021-10-06,409.9400939941406,410.1474688443581,403.00251494341944,404.6332078979385,113032200
2021-10-07,413.48431396484375,416.33097897892,413.05072245970354,413.2298202312821,72437500
2021-10-08,412.730224609375,414.64374599907245,412.0986935121197,414.25727336121037,74557400
2021-10-11,409.7421875,414.9925198577681,409.67619805003494,412.07042992014857,65233300
2021-10-12,408.7336120605469,411.0712898886133,407.9418249170345,410.6659754162395,71181200
2021-10-13,410.2040710449219,411.02413525942126,406.77299348127605,409.761044211489,72974000
2021-10-14,417.10394287109375,417.2547635679065,413.4089077144482,413.88021160469805,70236800
2021-10-15,420.28045654296875,420.6480873239112,418.60261612356084,419.2247406070854,66260200
2021-10-18,421.5247802734375,421.86410527039766,417.8297450763768,418.4895820363863,62213200
2021-10-19,424.77679443359375,424.84275511760603,422.54278977547085,423.1555078607133,46996800
2021-10-20,426.4451904296875,426.7468318240217,425.1255452871089,425.23865361845753,49571600
2021-10-21,427.5574645996094,427.78368126436493,425.4083199861109,425.84191151559463,41305400
2021-10-22,427.1144104003906,428.5754696428719,425.1632054936649,427.12384568285273,58845100
2021-10-25,429.4049987792969,429.73491728325956,426.42638325821224,428.2078971538363,45214500
2021-10-26,429.79150390625,432.17630081960397,429.41446648729857,430.96035730094394,56075100
2021-10-27,427.8873596191406,430.92255769132396,427.81193489095295,430.25331425071147,72438000
2021-10-28,432.0160217285156,432.0914176968122,429.31074189544364,429.3201484126634,51437900
2021-10-29,432.89263916015625,433.1848452815996,429.41441402054215,429.7066201419855,70162400
2021-11-01,433.6372375488281,434.2593620586386,431.9028429000094,433.88229598037555,48433600
2021-11-02,435.3905944824219,435.7016712064641,433.6750411563234,433.8070200734591,48908400
2021-11-03,438.0487060546875,438.4540205123054,434.38194783725373,434.824974662078,52509800
2021-11-04,440.1130676269531,440.19789888786755,438.30324776244527,438.65200809046394,52847100
2021-11-05,441.6400451660156,443.63836916180196,440.12246036838644,442.34700103807825,66390600
2021-11-08,442.0170593261719,443.24246669971006,441.3289740571507,442.7428857270056,50405200
2021-11-09,440.5560302734375,442.6203436197412,439.1421185987696,442.38469167396323,51149100
2021-11-10,437.0118713378906,440.5560862579335,435.52256350840406,438.85937477305515,69429700
2021-11-11,437.15313720703125,438.5859192378718,437.1342954099264,438.5104945172473,34848500
2021-11-12,440.4523010253906,441.00843613085505,437.47365716434865,438.4257001711479,53466700
2021-11-15,440.6031799316406,441.90398336577135,439.4720677725637,441.74375614047045,46980500
2021-11-16,442.3469543457031,443.4875016443956,440.26379931709175,440.339195278399,48857500
2021-11-17,441.2724609375,442.2621876920173,440.6503362929629,442.08308989588795,47858300
2021-11-18,442.7712707519531,443.0351998440244,439.5758157913373,442.30937326624314,50625600
2021-11-19,441.97930908203125,443.9116432330203,441.6116782955716,442.657958965768,57315600
2021-11-22,440.7350769042969,446.3624458670388,440.5277020654347,443.8645412849062,72762000
2021-11-23,441.3195495605469,442.17732611315665,437.79420558269936,440.4052188410492,73206500
2021-11-24,442.49774169921875,442.62028529745334,438.49165914885833,439.31172320953215,61858800
2021-11-26,432.6286926269531,437.2757420644132,431.49755178793635,435.80527623335524,112669600
2021-11-29,437.9355773925781,439.78308057442894,435.23029768476994,437.43599642318605,86268800
2021-11-30,429.41448974609375,437.3983804999548,429.1694024657504,435.4848874481755,148559600
2021-12-01,424.64483642578125,438.00160231739363,424.4468968317913,435.14550168253277,131939200
2021-12-02,431.14874267578125,432.722910142391,424.465657744763,424.86156562340545,127637800
2021-12-03,427.397216796875,433.8823339250444,423.15548194038644,432.8172113357215,137331600
2021-12-06,432.4590148925781,434.34423038043997,427.5291660360214,429.9516748417892,98977500
2021-12-07,441.40435791015625,441.9699283158001,432.3270406361957,437.7564705046071,95484700
2021-12-08,442.5732116699219,443.02567377766377,440.03759434211855,441.80029512259415,72238800
2021-12-09,439.5851745605469,442.67692714355326,439.387234967476,441.28185717622887,61272600
2021-12-10,443.72320556640625,443.87402627279704,439.7359928119884,442.2998872884148,77159800
2021-12-13,439.7925720214844,443.55356831350923,439.50977239360935,443.2048079952957,87724700
2021-12-14,436.7666931152344,439.010104059482,433.8351969554868,436.5121993902541,97264100
2021-12-15,443.5912170410156,443.8362754973497,434.29708958094557,436.82330023675024,116899300
2021-12-16,439.6794128417969,445.7309387127813,438.1240869835833,445.4481678837098,116568600
2021-12-17,434.9999694824219,439.60659254948297,433.28785760056076,436.58910721798844,135511600
2021-12-20,430.37445068359375,430.77172069522163,426.74212338428225,429.9014909487797,107134800
2021-12-21,438.0174255371094,438.1593076705926,431.6324697258457,433.80807275170514,69806300
2021-12-22,442.3970947265625,442.5106004481901,437.5634310546569,437.7620949346776,58890200
2021-12-23,445.14971923828125,446.6537277682901,443.2957251145635,443.3997624025647,56439700
2021-12-27,451.4494934082031,451.49677783042705,446.48341665361187,446.5307010758358,56808600
2021-12-28,451.08056640625,452.91565229770765,450.3143740241347,451.8846036460607,47274600
2021-12-29,451.6576232910156,452.6792035816923,450.181991278277,451.1846635723899,54503000
2021-12-30,450.40899658203125,453.095404283241,449.9455053015741,452.083263571022,55329000
2021-12-31,449.2738342285156,451.07107517141947,448.9995384088033,449.9170813081463,65237400
2022-01-03,451.8751220703125,452.00756463480985,448.2238872560393,450.5413723302358,72668200
2022-01-04,451.7237548828125,454.02236074484955,449.86029268767675,453.30345283185306,71178700
2022-01-05,443.04974365234375,452.13057588020047,442.9551459366762,451.35491502576446,104538900
2022-01-06,442.6335754394531,445.35782823235684,440.2593082446205,442.5862910110763,86858900
2022-01-07,440.8835144042969,443.8253383803812,439.5213883297057,442.6429392786295,85111600
2022-01-10,440.3349304199219,440.5524733976893,431.90678546000674,437.6768993282456,119362000
2022-01-11,444.3456115722656,444.44020928004124,437.0620210810528,440.0700665321806,74303100
2022-01-12,445.54693603515625,447.6090622228809,443.57943642604664,446.086117009949,67605400
2022-01-13,439.4079284667969,447.30636106377136,438.3768798065865,446.65367438215316,91173100
2022-01-14,439.5876770019531,439.9376625709824,435.0283384384738,436.248582581367,95890900
2022-01-18,431.8027648925781,435.08510657220825,430.6865868583265,434.8770031364011,109709100
2022-01-19,427.319091796875,434.7540044741665,427.04476708624003,433.3540622278281,109357600
2022-01-20,422.5894775390625,433.93104152080394,420.4611589616414,429.2109131132616,122379700
2022-01-21,414.2937316894531,423.8285852162134,414.26535526607927,421.4637870445088,202271200
2022-01-24,416.05316162109375,416.5639661506676,398.00503320354795,408.6655338392634,251783900
2022-01-25,410.9736022949219,415.93967913794035,404.0494653685355,409.6398524787366,167997300
2022-01-26,409.9425964355469,420.02610174271774,405.66702183195844,416.8856420829711,186391100
2022-01-27,407.9182434082031,417.7085142657729,406.22506858864034,414.5586155924304,149878300
2022-01-28,418.049072265625,418.0963566867088,404.6832271039297,409.2803813325248,164457400
2022-01-31,425.5785827636719,425.9285683081596,416.02479145329517,417.3774492101084,152251400
2022-02-01,428.4541931152344,429.09741136310794,422.76920842520514,426.30693765567827,123155400
2022-02-02,432.6162414550781,433.3445889976843,428.548770732719,430.86628479936365,117361000
2022-02-03,422.4476318359375,428.4731341093042,421.60574966980835,426.5623872138765,118024400
2022-02-04,424.43408203125,428.2934208063521,419.8274299173056,422.21116548081926,118454400
2022-02-07,423.0719299316406,426.6001909007989,421.7381800825274,425.2002486311931,84472900
2022-02-08,426.5529479980469,427.47995951404795,421.1422872227027,422.5706349264903,81012000
2022-02-09,432.79595947265625,433.1175685965065,430.4027846055387,430.6014195917351,92589900
2022-02-10,425.0205078125,432.95675649430774,423.0151633217596,426.9312545906798,140103700
2022-02-11,416.6396484375,427.18664391321806,415.20186134997584,425.1056385655254,153214600
2022-02-14,415.27752685546875,417.7180150863629,411.7965503726483,416.1288774138365,123006300
2022-02-15,421.9747009277344,422.1449595121164,419.21260324556744,419.73287629852035,88482700
2022-02-16,422.4476318359375,423.82866614912444,418.03964373808554,419.92201420472077,84863600
2022-02-17,413.4235534667969,422.4192566946621,412.81818002832114,419.2504207563761,102259100
2022-02-18,410.74658203125,414.9369979489971,408.46691286548753,413.6789090102442,132642900
2022-02-22,406.3386535644531,411.9479493682577,402.82927137444875,408.5331937704951,124391800
2022-02-23,399.1307373046875,409.8290843455233,398.5631798415869,409.2615268824227,132578000
2022-02-24,405.1372375488281,405.5723812250493,388.43232758179744,388.79175267882744,213942900
2022-02-25,414.07623291015625,414.16136219529494,404.72107583636694,406.376434848572,121804500
2022-02-28,413.01678466796875,414.5018850268596,407.40748965693734,408.665549734316,145615000
2022-03-01,406.7264709472656,413.52763436039083,404.0116577742562,411.51282123663765,137785900
2022-03-02,414.2086486816406,415.9396684351106,408.2304313077541,408.9871552603508,117726500
2022-03-03,412.14654541015625,417.254504541962,410.33983584072405,416.6491311196768,105501700
2022-03-04,408.7980041503906,409.9330901221698,404.7400017983939,408.4007052966077,113978200
2022-03-07,396.7469177246094,408.92089427144623,396.6806964467157,408.2114548095824,137896600
2022-03-08,393.7389831542969,404.10625256186984,392.67008952422367,396.9267271799458,164772700
2022-03-09,404.29541015625,406.28184664972684,399.9536436179305,402.1481835320033,116990800
2022-03-10,402.4697570800781,403.3683631013067,397.7023156906367,399.6698151473772,93972700
2022-03-11,397.3524169921875,405.5818994399163,396.84161237205296,404.9670575295323,95636300
2022-03-14,394.4483337402344,401.59001264837735,393.303779511708,398.127973539518,95729200
2022-03-15,403.12249755859375,403.75624741323844,395.79162195110837,397.0685900922245,106219100
2022-03-16,412.0614013671875,412.118154221395,401.82654660662627,406.64130172019,144954800
2022-03-17,417.2166442871094,417.2166442871094,409.7627953751919,410.1411573323763,102676900
2022-03-18,421.7863464355469,422.1089546797308,414.85969463963477,415.5998027190798,106345500
2022-03-21,421.6629943847656,423.6271083158259,418.1427105740209,421.6155341135983,88349800
2022-03-22,426.5970764160156,427.53643659552324,423.05782555472354,423.05782555472354,74650400
2022-03-23,421.10321044921875,425.553357225726,421.0178166955982,424.05417417852397,79426100
2022-03-24,427.4510498046875,427.4605476512933,422.01411175984157,423.13375729905124,64736900
2022-03-25,429.5385437011719,429.81372063765116,425.4963992292135,428.0867920742761,77101300
2022-03-28,432.5939025878906,432.5939025878906,427.04307687633553,428.9407930883645,68529800
2022-03-29,437.94537353515625,438.43879819961757,433.7988689428911,436.49362203558076,86581500
2022-03-30,435.2412414550781,437.6133868108244,433.1252773732855,436.7973537508844,79666900
2022-03-31,428.5422668457031,435.29813157975457,428.086804553789,434.47262970310084,121699900
2022-04-01,429.7568054199219,430.26916792356127,426.1701231101965,430.12684500588364,89048800
2022-04-04,433.4383239746094,433.54271341244913,429.13052949203757,429.9560313211461,59601000
2022-04-05,427.9634094238281,434.4156320427128,426.81529938704466,431.93912663814103,74214500
2022-04-06,423.68408203125,425.9708333848193,420.790076589019,424.0351838301639,106898000
2022-04-07,425.8190002441406,427.640820370861,420.8469935201735,422.8016387112071,78097200
2022-04-08,424.68035888671875,427.5838618920814,423.1337157978344,425.0598962746841,79272700
2022-04-11,417.4216613769531,422.2418477063847,416.9187677503184,421.3973501116836,89770500
2022-04-12,415.8749694824219,422.95344185969435,414.3188285059621,420.4199783284058,84363600
2022-04-13,420.6382141113281,421.39728888608715,415.4479599836638,415.6282453101172,74070400
2022-04-14,415.4005432128906,421.98561991128474,415.29615377751963,420.86594548757074,97869500
2022-04-18,415.57135009765625,417.2603162227855,413.332030102549,414.4706713145492,66002500
2022-04-19,422.27972412109375,423.00083642794516,415.2961149824249,415.4669024532441,77821000
2022-04-20,421.9666442871094,424.6803932967964,420.7995674484736,424.06364137177405,65224400
2022-04-21,415.65679931640625,426.99566580375813,414.7459035993521,425.60084316349423,85417300
2022-04-22,404.25146484375,415.6756941570096,403.68214426024474,414.5655465281797,132471800
2022-04-25,406.5951843261719,406.76597183059135,397.4197139696294,402.00271470283917,119647700
2022-04-26,394.8198547363281,404.25150641243613,394.7913901520683,404.0522253657664,103996300
2022-04-27,395.9299621582031,401.2910329549323,393.7855627963593,395.9014975768421,122030000
2022-04-28,405.9309387207031,407.66736507678297,396.24310664725425,400.69325298442976,105449100
2022-04-29,390.9294738769531,404.0901289590842,390.1798679914565,401.92673399978656,145491100
2022-05-02,393.28271484375,394.64907282127996,384.3064963886446,390.99596335297906,158312500
2022-05-03,395.0854797363281,397.5050559376166,392.2199101812944,393.7855489717306,100028200
2022-05-04,407.1170349121094,407.6863555366896,392.55205797111023,395.74970498454525,144247900
2022-05-05,392.64691162109375,403.26463455087514,388.5004069530426,402.83763688449426,172929100
2022-05-06,390.30328369140625,393.5863245784682,384.98020369998983,390.0755670157502,151770800
2022-05-09,377.8068542480469,385.62543597067287,376.22224843041454,384.38243413729964,155586100
2022-05-10,378.6796875,385.3121948088029,374.62807478065565,383.8035142558361,132497200
2022-05-11,372.6639709472656,383.37658562932586,371.9143650365518,377.71190234105785,142361000
2022-05-12,372.2749938964844,375.5580349064348,365.45270165002927,369.45688410235164,125090800
2022-05-13,381.17529296875,382.5606177445396,375.3777546786815,376.42150442353085,104174400
2022-05-16,379.62860107421875,383.31017481839024,377.26595387479733,379.5242405914911,78622400
2022-05-17,387.4376525878906,387.6748670554885,381.9911887211895,385.73918889197347,83029700
2022-05-18,371.8194274902344,383.1487926664534,370.57642600894525,382.86414689090776,117674500
2022-05-19,369.5422058105469,373.98288298423296,367.3123838565206,368.74516861446125,98510700
2022-05-20,369.7035217285156,376.7250646538933,361.07840657695476,373.13838281901803,131432200
2022-05-23,376.62066650390625,377.3892390375753,370.41512812387145,372.7398124572106,76414900
2022-05-24,373.7456970214844,374.9412384284281,367.1700889774752,372.4836996470706,91448800
2022-05-25,377.0476379394531,379.02127847657516,371.8479154715119,372.2464195513246,91472900
2022-05-26,384.58160400390625,386.2231386417738,378.0724525251895,378.2812024273643,82168300
2022-05-27,394.02276611328125,394.1366244354948,386.84940224535666,387.0486543092304,84768700
2022-05-31,391.8119201660156,395.1613876894027,389.0602378053124,392.40020748267347,95937000
2022-06-01,388.64276123046875,394.95266140674994,386.11879536858646,393.9374053108898,86585800
2022-06-02,396.0439147949219,396.0913461194014,386.22322720889935,388.4815142256935,79609600
2022-06-03,389.54412841796875,392.86513105129364,388.56680594414985,391.30899020382157,71874300
2022-06-06,390.7302551269531,395.3037288108325,389.5536514825728,393.5673313620774,57508900
2022-06-07,394.4781799316406,394.93364215486133,386.7639604571099,387.2289205256619,59272400
2022-06-08,390.1893615722656,394.55411386892246,389.3923243809042,392.7607584707246,64350000
2022-06-09,380.9095764160156,390.68280270998093,380.9095764160156,388.4055491902739,86289800
2022-06-10,369.8648376464844,375.539018923671,369.81740632911726,374.6850525131261,132893900
2022-06-13,355.82171630859375,362.28343636021015,354.20864627859,360.42368296422063,170004900
2022-06-14,354.7495422363281,358.6114013157457,351.6372890983715,357.5771495518812,104011800
2022-06-15,359.80694580078125,364.26656078644334,353.0890153068255,358.0610216928037,125666800
2022-06-16,347.8987731933594,351.96938204270447,345.460201230786,351.5613800602234,134473300
2022-06-17,348.6488037109375,352.0032306713774,345.1324194424218,348.3152920555213,111113900
2022-06-21,357.425537109375,358.8168459845613,354.3188884339103,354.3951412687327,76811900
2022-06-22,356.7775573730469,360.90384806528573,352.7655877768449,353.18489115070895,90059400
2022-06-23,360.27484130859375,361.00860756659887,355.3480709955404,358.9216589541497,79292100
2022-06-24,371.7293701171875,371.7389089912618,363.4291246578567,363.45771219814634,98050300
2022-06-27,370.3095397949219,372.94922009178134,369.21364511264136,372.6538057621737,66009600
2022-06-28,362.7430114746094,374.6645107225344,362.62866130813416,371.87235419067196,86548900
2022-06-29,362.4476013183594,364.286801041329,360.6179404700163,363.29574686594935,65676000
2022-06-30,359.5029602050781,362.75254644984545,355.0335903944629,358.5404645110338,112508300
2022-07-01,363.3052673339844,363.7436484326006,356.21526590396945,358.84543616792405,74839700
2022-07-05,363.9913635253906,364.0104412734267,355.3575774256308,358.197399099367,81438000
2022-07-06,365.22064208984375,367.7173839005978,361.7423560768026,364.1342575317376,70426200
2022-07-07,370.6907043457031,371.4911846715667,365.2397895803047,367.0027657050705,64525900
2022-07-08,370.38568115234375,372.26300695261864,367.5172722738607,369.0515185508626,72397800
2022-07-11,366.15460205078125,368.6703928823558,365.4589331166824,367.6983874150096,58366900
2022-07-12,362.91448974609375,367.99376527770045,361.1610528959377,365.60183463812973,62219200
2022-07-13,361.00860595703125,363.9532680138976,357.0347924506578,357.4540957624864,84224600
2022-07-14,360.1319580078125,361.2183137887282,353.58514853179514,356.0342257471146,89704800
2022-07-15,367.01226806640625,367.1266182327333,362.6381997127906,364.5536231626373,79060400
2022-07-18,363.9818420410156,370.78593810865794,362.75251969143335,370.10934695957155,63203600
2022-07-19,373.81634521484375,374.38812509860895,367.26002700439284,367.9175404264999,78506000
2022-07-20,376.1987609863281,377.61868645262103,372.63471171351443,374.00697188868077,71843800
2022-07-21,380.0296936035156,380.0773298161558,373.20651865026207,375.61749846498117,64903900
2022-07-22,376.5036315917969,381.35417735040375,374.27371656662916,380.15347177188477,72197300
2022-07-25,376.96112060546875,377.8187758914489,374.71212748110185,377.1326458462782,53631500
2022-07-26,372.5013122558594,375.52216914554964,371.6055305018474,375.31251747797376,52946400
2022-07-27,382.17376708984375,383.9272039462675,375.51257991177977,375.80799416530095,82342100
2022-07-28,386.9671630859375,387.6628029165216,379.41973266149375,382.98381076172706,73966600
2022-07-29,392.6086730957031,393.5997563368219,387.6342373050366,388.40613000686983,87003700
2022-08-01,391.4460144042969,393.961834059431,389.18751167139686,389.90222919861486,69997500
2022-08-02,388.8635559082031,393.5711649045606,387.6818987628926,389.8736878063429,63435400
2022-08-03,394.95294189453125,396.125060100099,390.71227266816476,390.9981480641734,67820600
2022-08-04,394.6861877441406,395.5628918410747,393.0375617721677,394.87676168254734,45656600
2022-08-05,394.01904296875,394.6670466027406,390.3311048647374,390.38827994526997,56814900
2022-08-08,393.5616760253906,397.97387129591357,392.45624248886287,395.71536800879284,53886100
2022-08-09,391.99884033203125,393.33297422227287,390.9219943442848,392.8279082108979,44931800
2022-08-10,400.2323303222656,400.3752971125264,397.11617195301557,399.07926069918796,68665700
2022-08-11,400.2323303222656,404.95901714510643,399.4890251570347,403.0912008165285,59489700
2022-08-12,407.0078430175781,407.1126543031395,401.2233884335798,402.17634520529884,61694500
2022-08-15,408.68499755859375,409.2091411942346,404.7302330587942,404.7874081344015,54048300
2022-08-16,409.4855651855469,411.4200664046575,406.79821992098886,407.60823905019834,59289000
2022-08-17,406.57904052734375,409.29497340825594,404.5683155020595,405.87386175365134,63563400
2022-08-18,407.7607116699219,408.4468126683968,405.4831308884467,406.7791382170342,49023200
2022-08-19,402.2812194824219,405.2544402076987,401.4044863824872,404.9876134524029,68016900
2022-08-22,393.90472412109375,397.6022013931033,392.9994034708054,397.43064705593497,77695600
2022-08-23,392.95172119140625,395.8773053899406,392.39898999121,393.47583577048323,49105200
2022-08-24,394.20965576171875,395.5818868105569,392.0369154016521,392.72301638510424,49177800
2022-08-25,399.77484130859375,399.8224775068638,394.6098036276728,395.70569792523617,50942300
2022-08-26,386.242919921875,400.2037312847819,386.1857448401869,399.6605680087445,103087000
2022-08-29,383.6889953613281,386.74797850113623,382.32627413715045,383.2792309230537,65370800
2022-08-30,379.47686767578125,385.0897964252239,377.37084157658956,384.8515572575619,85652400
2022-08-31,376.5894470214844,382.3643626848254,376.456048197128,381.115991650528,76029700
2022-09-01,377.7711486816406,378.11419917142905,371.69127962474215,374.40721232996884,78740100
2022-09-02,373.7876892089844,382.66925174178203,371.967538604723,381.44946845140964,99632100
2022-09-06,372.37744140625,375.5793625780909,370.14752578687444,374.63594456887637,76637400
2022-09-07,379.0672302246094,379.8391230597622,371.8438290382599,372.06299053346413,70964200
2022-09-08,381.5448303222656,382.0022309523516,375.5793117281485,376.78958541975953,80821700
2022-09-09,387.4721984863281,388.33939256969063,383.5269438047842,383.79377051643957,76706900
2022-09-12,391.6366882324219,392.3609447639195,389.2447571690339,389.5497103488156,69256300
2022-09-13,374.6072998046875,384.1368671918231,373.48281783266907,382.9265935212206,122947100
2022-09-14,376.0367736816406,377.561510437167,372.72047341951594,375.912884639726,85023700
2022-09-15,371.76751708984375,377.3327815354644,370.4905584164042,374.473911020677,87633800
2022-09-16,368.9313049316406,369.59154848057193,365.63008718698416,367.5725640058656,103084800
2022-09-19,371.7923889160156,371.7923889160156,365.6971224730672,365.7736885415829,73278500
2022-09-20,367.5247802734375,369.46722829975914,364.75943675286993,368.45294682008785,77274900
2022-09-21,361.1137390136719,372.51963061277917,361.10416095449915,369.4576302203021,106746600
2022-09-22,358.08038330078125,361.98440540246816,357.3340248459854,360.3385855788934,89472600
2022-09-23,352.08087158203125,354.6357020723969,347.6218469958117,354.5974190369315,122346900
2022-09-26,348.5978088378906,354.24334411898207,347.37301464402196,350.6072445688274,92581200
2022-09-27,347.7079162597656,354.42514263246454,345.3061598238864,352.14778414446056,108294100
2022-09-28,354.549560546875,356.2432124213187,346.96157731312644,348.66480724606794,110802200
2022-09-29,347.1433410644531,351.2770028154836,344.186612303056,350.98995311103505,112952300
2022-09-30,341.7752990722656,350.1287964039732,341.64135226905466,346.19604000195835,153711200
2022-10-03,350.7986145019531,352.65494737821973,343.7177718900961,345.50711675915556,89756500
2022-10-04,361.6686706542969,361.6973756271638,350.7603429439157,356.3388901479635,103602800
2022-10-05,360.8266296386719,363.0944101650707,354.9514544776004,357.2862230097623,88065700
2022-10-06,357.10443115234375,362.3863509600016,356.6068393173464,359.4200436718051,82333500
2022-10-07,347.1433410644531,357.190489539672,345.3731233499691,353.0567985872474,107789500
2022-10-10,344.4927978515625,348.502090968868,342.24417363850046,348.26287314182775,76042800
2022-10-11,342.3111572265625,347.37301498969447,340.3687094983833,342.78959291529037,92482800
2022-10-12,341.1820373535156,344.3014472178976,340.9332414645344,342.7226153717063,76991800
2022-10-13,350.1861877441406,351.65977770954976,333.096451291965,334.1490155529715,147254500
2022-10-14,342.2059020996094,354.2911917996768,341.5647854530019,352.6549207827784,123737000
2022-10-17,350.9996032714844,352.1095776923561,341.8710411766843,348.31079674902963,93168200
2022-10-18,355.1236877441406,359.2573792050148,351.6693668016211,358.9511733483431,97162900
2022-10-19,352.6071472167969,355.8126725772297,349.7843646155051,353.07600490663964,79746900
2022-10-20,349.65032958984375,356.5972242614072,348.8848150632648,352.1573276114291,88283100
2022-10-21,358.1474304199219,358.63541501231197,347.86106212496895,349.37290619784375,131038400
2022-10-24,362.5299072265625,363.6685866686993,357.01831794034774,359.6784487928094,85436900
2022-10-25,368.31890869140625,368.6346633675463,362.33846314683217,362.4532830290649,78846300
2022-10-26,365.5439758300781,370.8641781012246,364.9028883902584,365.16123313746095,104087300
2022-10-27,363.592041015625,368.3955254058148,362.97005118304014,366.54877042964904,81971800
2022-10-28,372.24212646484375,372.7205621969107,363.3049504940016,363.486758408299,100302000
2022-10-31,369.55328369140625,371.6488343281588,368.6442734105965,369.7733746190449,96631300
2022-11-01,367.9361877441406,373.55304750624583,366.759254586953,373.313829651351,85407600
2022-11-02,358.702392578125,371.86895295670394,358.59715073623875,367.3429405262177,126990400
2022-11-03,355.0088806152344,358.0613028304703,352.88462486045256,355.44903329915525,87100100
2022-11-04,360.1185607910156,362.5298662303547,354.04242150065716,360.74052136688584,103505200
2022-11-07,363.56329345703125,364.15654904195054,359.3339090978177,361.4198817033071,68286900
2022-11-08,365.52490234375,368.51033666449064,361.4294936112006,364.6732727169054,84641100
2022-11-09,357.99432373046875,364.7020020044285,357.4967318827505,363.5441665136991,78495500
2022-11-10,377.6675720214844,378.0024828489434,369.0078976049732,371.31393196232233,141455800
2022-11-11,381.32281494140625,382.1265833794771,376.6341219172314,378.5287377221533,93839900
2022-11-14,378.0789794921875,382.9207458842393,377.8014786416533,379.55256945541026,71903500
2022-11-15,381.30364990234375,384.9589054196068,377.47616455268087,383.8489311640371,93194500
2022-11-16,378.3948059082031,380.62430341627146,377.76326728154146,379.6674320185533,68508500
2022-11-17,377.2369689941406,377.9163687088292,373.3138196401911,373.6199962931831,74496300
2022-11-18,378.9497375488281,380.6529672847848,376.08870172305114,380.5859792858429,92922500
2022-11-21,377.5718994140625,378.7488618021571,375.72514453630845,377.6197605070804,51243200
2022-11-22,382.65283203125,382.81551300299,378.107693296842,379.5238733518545,60429000
2022-11-23,385.064208984375,385.5521935507362,382.0883236888626,382.3179634847973,68261600
2022-11-25,384.9779968261719,385.5329985034652,384.22208956433803,384.4995612015916,30545400
2022-11-28,378.8349914550781,383.5236558705619,378.0694767496235,381.8778357555847,67881600
2022-11-29,378.1842956542969,380.16499726824185,376.3375116508364,378.9689080128027,52310000
2022-11-30,390.0973205566406,390.0973205566406,376.509764364217,378.4330559976652,144566700
2022-12-01,389.8102722167969,392.3172705907876,387.29369578444215,391.14030826651214,76398200
2022-12-02,389.36053466796875,390.2695449532932,384.7962687221607,384.90151055673,85342700
2022-12-05,382.3562316894531,387.46592136062503,380.99749068100294,386.52820609599246,77289800
2022-12-06,376.8446350097656,382.7389660938728,374.74911359581864,382.1935716115177,77972200
2022-12-07,376.20355224609375,378.576603761954,375.0648729769194,375.9930393761272,65927900
2022-12-08,379.1507263183594,380.2224176484129,376.3088170014075,378.09819110581316,60737900
2022-12-09,376.3183288574219,380.4711466315057,376.1939309211038,377.906738656957,81447700
2022-12-12,381.74383544921875,381.74383544921875,376.4427600120724,377.11255243392947,75405800
2022-12-13,384.63360595703125,392.78613994486886,381.85868467865026,392.52779517391076,123782500
2022-12-14,382.1744079589844,388.01132898247715,379.2176790178847,384.28908544733156,108111300
2022-12-15,372.8257751464844,378.2033872647171,371.16082840278256,377.29434783488267,117705900
2022-12-16,368.42413330078125,371.60591903070724,366.28053050111725,370.2601535058197,119858000
2022-12-19,365.29998779296875,368.95281312475913,363.62739574583253,368.6163644403792,79878100
2022-12-20,365.79986572265625,367.4244062499485,363.21405999982943,364.5406106633448,74427200
2022-12-21,371.2695007324219,372.40378672559586,367.8666134174116,368.40491962893446,78167400
2022-12-22,365.97296142578125,371.25029904353386,360.2534206059007,368.2126968828108,100120900
2022-12-23,368.0780944824219,368.22227840834165,363.3871151892416,364.9443602601523,59857300
2022-12-27,366.6265563964844,368.30877056523445,364.94434222773435,367.9627291601254,51638200
2022-12-28,362.0701904296875,368.5395164418001,361.8394961456738,366.559282940557,70911500
2022-12-29,368.58758544921875,369.46234043156596,364.3964532994833,364.92516683940227,66970900
2022-12-30,367.61676025390625,367.7609442126424,363.77169823163365,365.8961161204958,84022200
2023-01-03,366.069091796875,371.4617765380731,363.19488834099036,369.481572187265,74850700
2023-01-04,368.8952331542969,370.93311118520086,365.28086572711294,368.3376827734689,85934100
2023-01-05,364.6848449707031,367.04954946455626,364.08886516079207,366.9342023188302,76970500
2023-01-06,373.0478210449219,374.172514342468,364.71366740381876,367.78969873225174,104189600
2023-01-09,372.83642578125,378.4502421621429,372.6538123234202,375.2492115932317,73978100
2023-01-10,375.4510192871094,375.51831490424064,371.3079678453285,372.2500184786919,65358100
2023-01-11,380.1996765136719,380.2765941727516,376.22005305330094,377.0371345019458,68881100
2023-01-12,381.5838928222656,383.05462766402485,377.21976916675254,381.3051469866937,90157700
2023-01-13,383.064208984375,383.6409740118004,378.10407668529746,378.37322978669755,63903900
2023-01-17,382.3625183105469,384.7272522586673,381.68002810706065,383.0450378495243,62677300
2023-01-18,376.32574462890625,384.6214688994839,376.12388712892096,383.55447849264397,99632300
2023-01-19,373.5862121582031,375.9316728273004,372.2596611662881,374.2782951082531,86958900
2023-01-20,380.54571533203125,380.69952130177495,373.3362255124201,374.98960301780386,91806400
2023-01-23,385.1117858886719,387.0535315568682,380.3919689603618,381.3532344202499,84178800
2023-01-24,384.69842529296875,385.61160982281007,382.2375882127455,383.4295479228715,59524900
2023-01-25,384.84259033203125,385.17903907302156,378.315590364586,380.6130286416279,84800300
2023-01-26,389.0721740722656,389.2356020993196,384.5350001709371,387.51492880424684,72287400
2023-01-27,389.966064453125,392.35001274142974,387.8128397640022,388.0243192842186,68346200
2023-01-30,385.0732727050781,389.43742549092923,384.7752828014121,387.1976608576454,74202000
2023-01-31,390.7351989746094,390.78325051393244,385.2463520169904,385.59242284079636,86811800
2023-02-01,394.8878173828125,397.64667374216685,386.76514229657437,389.51434727901096,101459200
2023-02-02,400.63623046875,402.10696549767323,396.88730091811186,398.7905878170156,101654500
2023-02-03,396.3777770996094,400.81881836953994,395.16657335854075,395.647206038585,94736800
2023-02-06,393.9553527832031,395.35882127051354,392.2923825560251,393.91692329199503,60295300
2023-02-07,399.10772705078125,400.3573601589839,391.7828904374817,393.03252354568434,90990700
2023-02-08,394.7435607910156,398.47327457670247,394.0514486520687,397.12750912194093,76227500
2023-02-09,391.321533203125,398.51180904846075,390.0911146487058,398.35800306222177,78694900
2023-02-10,392.2347412109375,392.6192415030363,389.3221082284389,390.13916034833926,70769700
2023-02-13,396.83917236328125,396.9737635969899,392.42696780662374,392.8883857479932,64913500
2023-02-14,396.6565246582031,398.9731481995332,392.6864943036978,395.3107297793623,88389300
2023-02-15,397.9446105957031,398.02149891037635,393.6092948018598,394.45521294070613,61555700
2023-02-16,392.4654235839844,396.9160869350225,392.33086168681325,392.95567830940917,76431500
2023-02-17,391.4848937988281,391.72521011052794,388.39921123505167,390.3313637684741,89257800
2023-02-21,383.6313781738281,388.5050004519839,383.37184709473024,387.4476027187317,82655900
2023-02-22,383.10272216796875,385.59239604305503,381.6415799797693,384.0447434887899,83742300
2023-02-23,385.1405944824219,386.6209513962091,380.9014105944118,386.005727465885,96242400
2023-02-24,381.0263671875,381.86266335503956,378.39250949469886,380.1035606580243,108194400
2023-02-27,382.3240966796875,385.74619914411034,381.38204603041686,384.3811893735747,80444700
2023-02-28,380.9110107421875,383.81402149088365,380.8052563009639,381.8434392898417,96438600
2023-03-01,379.4498291015625,381.3243080421548,378.1425224642881,380.09388971599026,99706800
2023-03-02,382.40093994140625,383.2468580842527,377.13319562899125,377.4696443451899,85127800
2023-03-03,388.5337829589844,388.7837212979694,383.5736510140776,384.22730430859224,90120000
2023-03-06,388.802978515625,391.66755968109305,388.3608046899115,389.36049948409084,72795900
2023-03-07,382.8431701660156,388.9952923529964,382.2279755486132,388.7549759968016,108310600
2023-03-08,383.4679870605469,384.2273655669412,381.228222362903,382.95851759749536,74746600
2023-03-09,376.39300537109375,385.9287692148654,375.40290337271455,384.25614779204574,111945300
2023-03-10,370.96197509765625,377.93115001910456,369.43356646272906,375.84519096258424,189253000
2023-03-13,370.4331970214844,375.2683898395796,365.9056454879313,367.0207168016272,157790000
2023-03-14,376.5565185546875,378.2098962725371,372.057774034171,375.3741515115561,149752400
2023-03-15,374.2013854980469,374.4032430136639,368.84713029743835,370.9427111182641,172996900
2023-03-16,380.76678466796875,381.11285543111916,371.3271816979503,371.83665113455567,143254200
2023-03-17,376.3145751953125,380.5699373745293,374.9250679756725,379.4313224007107,140553400
2023-03-20,379.93310546875,380.34804947070256,376.39181416317825,377.096197140022,93055800
2023-03-21,384.92181396484375,385.40428095041835,381.7085673503459,383.31036127614743,91524200
2023-03-22,378.3602294921875,388.3762484060382,378.3216533371149,384.7481168502928,111746600
2023-03-23,379.3831481933594,385.28854009810937,376.66202699883297,381.2358051510508,119351300
2023-03-24,381.8726501464844,381.9594906772583,375.745313041757,378.09975447868356,107682400
2023-03-27,382.586669921875,384.93148190774815,381.6892883746926,384.1595170439499,74010400
2023-03-28,381.7279357910156,382.5867118272092,379.88490812660376,381.8919580974175,62871700
2023-03-29,387.2762756347656,387.5175091402753,384.69988883904426,385.9060563665928,77497900
2023-03-30,389.5438537597656,390.1710549480257,387.67187951037874,389.9201626937426,69840000
2023-03-31,395.03436279296875,395.3334899911043,390.3640561017006,390.4702141593181,112062600
2023-04-03,396.53961181640625,396.9448675779732,394.11761821973766,394.5132446662317,67391100
2023-04-04,394.33966064453125,397.4756967004807,392.95978239984845,397.1861987806899,66601500
2023-04-05,393.3070983886719,394.3685316622369,391.64741075567434,393.60622556838814,65200200
2023-04-06,394.84130859375,395.12114767265496,391.4543811498551,392.5061555770095,63743300
2023-04-10,395.24658203125,395.32379323799756,391.73423775786677,392.3517801746106,63681000
2023-04-11,395.3528137207031,396.76160930806424,394.5808781941237,395.8738863972432,59297900
2023-04-12,393.7413635253906,397.71691691277425,393.15276783554935,397.4274190026867,86420400
2023-04-13,398.97125244140625,399.3282733011196,393.68340364910426,394.83167743693525,85814800
2023-04-14,397.9967041015625,400.5344854544586,395.6808681891024,398.33443692050383,78161500
2023-04-17,399.4247741699219,399.444062248447,396.67470643651706,397.90982075343015,66436400
2023-04-18,399.6852722167969,401.14233186449803,398.30542377354743,401.0072269804307,63560000
2023-04-19,399.61785888671875,400.5248699320839,397.7072785927563,397.7651722882593,55227300
2023-04-20,397.4370422363281,399.19322927918245,395.8834830992031,396.79052346430586,75840400
2023-04-21,397.7458190917969,398.2089685800001,395.7870041880718,397.73616032830944,73457400
2023-04-24,398.16070556640625,398.58527886560444,396.2018908008796,397.54313369577346,64332100
2023-04-25,391.84039306640625,396.7422743683408,391.7824993811231,396.182596147338,97766700
2023-04-26,390.1807556152344,393.53873703125976,389.6211067696234,392.4580155035605,80447000
2023-04-27,397.9484558105469,398.2186361671352,392.47726678031995,392.7281590569557,92968400
2023-04-28,401.34503173828125,401.354690502432,397.00282830350733,397.0607219935082,89433100
2023-05-01,400.9397888183594,402.97578569300146,400.70818460344674,400.9011832079652,62122300
2023-05-02,396.4335021972656,400.2739503234408,393.5194119627244,400.22568595239403,103998500
2023-05-03,393.71240234375,399.3572727392138,393.4711688178537,396.9352787160303,91531800
2023-05-04,390.9237060546875,392.9886494487858,389.5824336944863,392.66057543093643,94901900
2023-05-05,398.16070556640625,399.2124800515957,394.31062848009987,394.57115004883383,87891800
2023-05-08,398.2668762207031,398.74934325278616,396.8580807323069,398.48882165654356,50046800
2023-05-09,396.5203552246094,397.63968229335507,396.2887804681279,396.71335381997807,49220100
2023-05-10,398.37298583984375,400.0037265657887,394.5325381303641,399.3668666271847,96142900
2023-05-11,397.67828369140625,397.96775213394324,395.59402256278725,397.50460262588405,70157100
2023-05-12,397.1572570800781,399.1353898248603,394.72563353857635,398.92310312657764,70481500
2023-05-15,398.52740478515625,398.9326605786748,395.84488941598204,397.7650986721773,54289400
2023-05-16,395.86419677734375,398.34408437055214,395.8545380135922,397.417726473918,57705500
2023-05-17,400.6695861816406,401.2774699124527,396.240542315304,397.89057133669587,87287000
2023-05-18,404.5292663574219,404.95383964691223,400.12916994583713,400.3510859057206,97177200
2023-05-19,403.9407043457031,405.9670718257059,402.715248651571,405.43636985479037,103793300
2023-05-22,404.1047058105469,405.64860605306404,402.71519853702625,403.9599716044401,60745400
2023-05-23,399.56951904296875,404.0371682026997,399.1738925667831,402.45466229795704,86383500
2023-05-24,396.67474365234375,398.3440901959979,395.5071816719006,397.9581224571478,89213700
2023-05-25,400.10986328125,401.5669229937081,397.94842061968114,400.1967038045329,90961600
2023-05-26,405.29156494140625,406.0152654358038,400.6888403981192,400.76602216064424,93830000
2023-05-30,405.44598388671875,407.76181972765335,404.05647649266785,407.23111777674455,72216000
2023-05-31,403.1976318359375,404.51958655367883,401.62478488360745,403.61254634126084,110811800
2023-06-01,407.02850341796875,408.0899368025651,402.1748861409727,403.42928867439025,88865000
2023-06-02,412.91461181640625,413.70583539601955,409.08382227275683,409.6145242472178,91426200
2023-06-05,412.1233215332031,414.5549446371605,411.41890910486813,413.26193659754,65460200
2023-06-06,413.0207824707031,413.5514844991804,411.05230846684015,411.70848609976423,64022200
2023-06-07,411.5926208496094,414.55497554838854,411.16804749778333,413.416360399151,85373300
2023-06-08,414.0821228027344,414.53564295041497,410.88819369048633,411.6601290941159,61952800
2023-06-09,414.8251647949219,416.84187353554825,413.8312838471978,414.88305848527847,85742800
2023-06-12,418.58831787109375,418.6655290743698,415.0856325178986,415.80933294952047,76104300
2023-06-13,421.3480529785156,421.9945422203873,419.38923828050775,420.0550450473256,95899700
2023-06-14,421.849853515625,423.6639342094121,418.38574387055274,421.6858312205728,100612100
2023-06-15,427.0798034667969,428.33420591477267,420.9331784663069,421.0296483104209,110303100
2023-06-16,425.62506103515625,429.6444062311506,425.1504965071728,429.072983957888,114165800
2023-06-20,423.4168395996094,424.56937878552253,421.3345310858184,423.6783584670495,76160400
2023-06-21,421.24737548828125,423.2328262923549,420.65656392245774,422.4289690630937,76982300
2023-06-22,422.7679138183594,422.8744366393495,419.9495221436889,420.2885094450029,70637200
2023-06-23,419.57183837890625,421.36360329009193,418.8551442371661,419.3006544152612,92074500
2023-06-26,417.8575744628906,420.92776119205604,417.6154448665978,419.00041906375236,72823600
2023-06-27,422.4386901855469,423.05852660175333,418.2837379082009,418.7389427456429,72813700
2023-06-28,422.6517333984375,423.6686658346734,420.7340564410632,421.35389281030996,75636000
2023-06-29,424.31756591796875,424.48222704472147,421.8284961877175,422.23525734843753,67882300
2023-06-30,429.3247985839844,430.3126766273395,427.2231008300768,427.5427284266672,104964000
2023-07-03,429.8187561035156,430.099605137091,428.6952712987132,428.9761498891222,32793400
2023-07-05,429.1795959472656,429.9156794454101,427.9883075842431,427.9980022271676,58418400
2023-07-06,425.81884765625,426.24499816119686,423.3006936425201,425.5864126742204,80658300
2023-07-07,424.7437438964844,428.705010268812,424.50161428998615,424.8212419223924,86134200
2023-07-10,425.81884765625,425.9931738927722,423.81400726572804,424.38542963444337,62443500
2023-07-11,428.5306396484375,429.02459348677553,425.60572474369303,426.5839377782571,64463800
2023-07-12,431.97857666015625,433.3926348395561,430.90353539722554,432.33695330463644,91924500
2023-07-13,435.4071350097656,436.20132720138423,433.36357534737226,433.79939089874614,72425200
2023-07-14,435.1359558105469,437.15046112494997,434.3708179806255,436.29818974063414,69815800
2023-07-17,436.6467590332031,437.7024403661905,434.9421574755122,434.9906011215285,52680200
2023-07-18,439.891357421875,440.5402481729128,435.88167721390397,436.3175222997564,80668200
2023-07-19,440.86962890625,442.06088773375006,439.8139177410891,440.68560802842114,65891700
2023-07-20,437.94464111328125,440.7727278339868,437.2279469585864,439.87201281954555,70591600
2023-07-21,437.94464111328125,439.87201281954555,437.93497602797174,439.6686026755085,71275600
2023-07-24,439.9010314941406,440.7145833337671,438.0608230459974,439.09714473903944,54023400
2023-07-25,441.10198974609375,442.36105174998073,439.58140887722743,439.6298525277362,55191200
2023-07-26,441.16986083984375,442.6032492691783,439.1069117550979,440.16259334802396,71052900
2023-07-27,438.24493408203125,444.97614959458235,437.33452431195514,444.5693588126345,92194400
2023-07-28,442.535400390625,443.3683119521668,438.2448418026871,441.5281330696249,80011800
2023-07-31,443.3780212402344,443.7363682986347,441.69277922202156,443.0099795402013,62040400
2023-08-01,442.1092529296875,442.8550013949116,441.1503996951611,441.9058428017626,55291500
2023-08-02,435.9591369628906,439.24239855393273,435.2036938887438,438.9809092594777,93933400
2023-08-03,434.70977783203125,436.598400459704,433.2860546583424,433.93497496555943,64276100
2023-08-04,432.7437438964844,438.6420179502762,432.2207356362788,436.5306547369659,100128900
2023-08-07,436.5209045410156,436.6758710264232,433.8865334027571,434.58386780867363,58357500
2023-08-08,434.62261962890625,436.5112422778829,431.2521650523819,433.9736993143693,71361300
2023-08-09,431.7170715332031,435.05847179517355,430.95193373062347,434.89381066417457,78789600
2023-08-10,431.87200927734375,437.47973864760297,430.7001103815545,434.0802298731548,93005500
2023-08-11,431.6201477050781,432.6371095910836,429.3925675760147,429.9930441556667,68690900
2023-08-14,434.0027770996094,434.0027770996094,430.390222291899,430.70015528143995,47867400
2023-08-15,428.94708251953125,432.579026131367,428.37563071458953,432.22064953392635,75707500
2023-08-16,425.7994384765625,430.19649067911223,425.6928860842807,428.5306378687395,80107200
2023-08-17,422.55487060546875,427.53303945369214,422.0318624311896,427.27155014496947,95711300
2023-08-18,422.7582702636719,423.79459201752337,419.3781505964978,419.7268030238674,98852000
2023-08-21,425.50885009765625,426.2545985897725,421.6154169550539,423.77519396809026,68719000
2023-08-22,424.3563232421875,427.29093275792906,423.79459558552884,427.29093275792906,64994200
2023-08-23,429.0826721191406,429.70253803409815,425.27640219751186,425.4216740348195,68441000
2023-08-24,423.135986328125,431.2037309919438,423.1069024037369,430.6904174605944,88517300
2023-08-25,426.1190185546875,427.40713495192443,421.30548118508113,424.8696216104319,102325100
2023-08-28,428.8211669921875,429.4410033274448,426.11899269061746,428.31751856565637,61595400
2023-08-29,435.01971435546875,435.30059295851436,428.53062945762133,428.71465031235795,83081900
2023-08-30,436.8114929199219,437.4507186105633,434.65168624806546,435.35871532032854,69053900
2023-08-31,436.1722412109375,438.5741477826128,435.9882203614193,437.43130323274573,66084600
2023-09-01,436.98583984375,439.38777622934856,435.5233675326761,438.90351700653866,58944100
2023-09-05,435.0971984863281,436.8599090757818,435.02942466122306,436.540311007373,55166200
2023-09-06,432.1722412109375,434.39015641541886,429.83810853841925,434.2836040318296,70758500
2023-09-07,430.84539794921875,431.5233430664757,428.81150348377855,429.1601559057676,70355400
2023-09-08,431.4942626953125,433.03420324663375,430.53543903578844,430.8937860779607,61659700
2023-09-11,434.3320617675781,434.64196517344953,432.41438481227607,434.12865163508343,60180100
2023-09-12,431.94952392578125,434.4095690069945,431.36843651488084,432.8793228968955,67565400
2023-09-13,432.4531555175781,433.6153598507793,431.06815175751416,432.17227690873267,60199300
2023-09-14,436.181884765625,436.87921911968556,433.62501183862486,434.93251744709244,83430800
2023-09-15,430.9266662597656,434.9213331435618,430.48931345860746,434.5908789178783,111848900
2023-09-18,431.1794128417969,432.4818018322225,430.13943555280594,430.61567408318183,55752200
2023-09-19,430.2851867675781,430.8489254828746,427.5929384264587,430.25602991410364,66514600
2023-09-20,426.32940673828125,431.96661554798703,426.1252791165085,431.54869078908297,82562600
2023-09-21,419.28289794921875,423.7343455427682,419.12738484772433,423.47193386836017,104095800
2023-09-22,418.34014892578125,421.91686152279107,417.9221944600517,420.31317519118926,100829700
2023-09-25,420.09930419921875,420.13816022735995,416.6878042505996,417.1251866864549,70874500
2023-09-26,413.92755126953125,417.7569763279254,413.09167201085535,417.04745332495224,96168400
2023-09-27,414.0927734375,415.66733259102807,410.4383190788538,415.1035938461481,104705800
2023-09-28,416.4934387207031,418.1748963964089,412.94588306815257,413.53877864718345,92258300
2023-09-29,415.48260498046875,419.729954349745,413.9566605710454,419.55501324398796,115111300
2023-10-02,415.3173828125,416.57118678559624,412.5473631951858,414.6467455474316,83798600
2023-10-03,409.7579040527344,415.3756848487803,408.38747270874785,413.1305182978698,103760600
2023-10-04,412.74176025390625,413.490139235064,408.7568223703676,410.2244531415493,87453000
2023-10-05,412.58624267578125,413.4318210422045,409.34971346962845,412.4501575928168,70142700
2023-10-06,417.4848327636719,419.0302053529861,408.795734309722,410.12728008196234,113273300
2023-10-09,420.1576843261719,420.7311222733579,415.0258699966629,415.57985026561204,80374400
2023-10-10,422.3445129394531,424.94929081738496,420.39091470045764,420.7894114868797,78607300
2023-10-11,424.0745849609375,424.3272678309944,421.02269555303803,423.4136764375653,62451700
2023-10-12,421.4892272949219,425.0659400566885,419.1274329708011,424.6869009279122,81154200
2023-10-13,419.38983154296875,424.2009202698343,417.8153020428582,422.9957010478843,95143100
2023-10-16,423.8023986816406,424.8715327429623,421.4017188780287,421.64470254373396,75433200
2023-10-17,423.782958984375,425.84348547229143,420.313174633327,420.66305688946227,75324700
2023-10-18,418.135986328125,422.96650259633606,417.0474242949097,422.004296810028,93559800
2023-10-19,414.462158203125,420.67283594068886,413.7818216257352,418.85532257293636,121323000
2023-10-20,409.36920166015625,414.56905852945084,409.26227341338165,414.024777439766,123919900
2023-10-23,408.65960693359375,412.5376460937697,406.0742573805063,407.83345660487464,92035100
2023-10-24,411.7407531738281,412.89735798428967,408.9318473023939,410.7882463707725,78564200
2023-10-25,405.8312683105469,410.0786473016962,405.316144174292,410.0494904510059,94223200
2023-10-26,400.9716491699219,405.6174958558433,400.0483290003127,404.7622182339897,115156800
2023-10-27,399.15411376953125,402.9641106372074,397.72536865178915,402.5656138725483,107367700
2023-10-30,403.92633056640625,404.9857358094935,400.65091543681416,401.9533043501809,86562700
2023-10-31,406.4631042480469,406.78382964883156,402.58506461745475,404.49977716687243,79665200
2023-11-01,410.7978820800781,411.6143035857107,406.9004148379302,407.43499666521507,98068100
2023-11-02,418.6705627441406,418.8260758413125,414.5884255113766,414.6078535256142,94938900
2023-11-03,422.49029541015625,424.04539685609643,420.8574522394109,420.9838084956757,100167800
2023-11-06,423.462158203125,423.90923978230023,421.50856030417987,423.2483314198519,67831700
2023-11-07,424.6673583984375,425.3088387646738,422.3152933833265,423.462169040648,64256100
2023-11-08,424.9784240722656,425.7948456157836,422.66521486841896,425.2699926017036,61746000
2023-11-09,421.6641540527344,426.1642165380997,421.23650040437826,426.1253308443145,83174400
2023-11-10,428.244140625,428.555166852525,421.6544244424177,423.74410780896307,89462200
2023-11-13,427.8359375,428.943927633025,426.1156237608668,426.9028884941221,52236100
2023-11-14,436.13623046875,437.4288904558255,433.5703088478159,433.7938644872594,97176900
2023-11-15,437.0595703125,438.71187109713105,436.20426306686005,437.47749509718125,77327600
2023-11-16,437.5941162109375,437.91484157114996,435.5433188253415,436.6124527945321,66665800
2023-11-17,438.1383972167969,438.7507207474031,436.6804953481496,437.6038154016392,83133200
2023-11-20,441.5110168457031,442.3565951941878,437.87596130543926,437.885690142899,69936200
2023-11-21,440.5487976074219,441.3846768102291,439.27556561921335,440.4613270503416,49244600
2023-11-22,442.2497253417969,443.57157198394486,441.1514640241976,442.2108693090085,59394900
2023-11-24,442.5218811035156,442.7162799185215,441.96790083682896,442.2983550934631,29737400
2023-11-27,441.7248840332031,442.70651789043535,441.33608643233896,441.89009631858715,50506000
2023-11-28,442.1622619628906,443.4646509487185,440.7724024102266,441.33611150575734,62115000
2023-11-29,441.8511962890625,445.4570951907533,441.45272918496346,444.3199186012006,63146000
2023-11-30,443.5909729003906,443.9408848017652,440.6168552136203,442.69680962338475,79752700
2023-12-01,446.2152099609375,446.7497621614447,442.385785013724,442.97865092115586,89183400
2023-12-04,443.8728332519531,446.2346273092226,441.5887809150275,442.81342805335595,72430900
2023-12-05,443.7853698730469,444.74757569096187,442.1039122401313,442.482980993305,69793500
2023-12-06,441.9970703125,445.96255116642374,441.5596877967964,445.93339430944985,69124700
2023-12-07,445.3696594238281,446.0208390789402,443.48410368567227,444.0866984690036,66995400
2023-12-08,447.2843322753906,447.81888446185815,444.3782275382068,444.6212111977086,83194400
2023-12-11,449.02410888671875,449.1990796776143,446.5748440862102,446.78867090966605,65002200
2023-12-12,451.07489013671875,451.17208953676845,447.6731187626275,448.67421029484495,68327600
2023-12-13,457.29522705078125,457.54793953708713,451.0942795875064,451.4538906419632,93278000
2023-12-14,458.76287841796875,460.4346071833905,456.0803293229431,459.2391168995005,119026000
2023-12-15,458.0075378417969,459.3445120086127,456.15338074265475,458.1636814623305,141553700
2023-12-18,460.5838317871094,461.5694752957874,458.5540244200266,459.61772484302196,70375300
2023-12-19,463.38458251953125,463.46266921411814,461.052256247002,461.1303131602408,55761800
2023-12-20,456.9633483886719,464.4190197192671,456.5339609015259,462.52581937540066,102921000
2023-12-21,461.2962341308594,461.5694780045962,457.5293402486141,459.95926004653603,86667500
2023-12-22,462.2233581542969,463.9116332478234,460.3204190717401,462.42828364105014,67160400
2023-12-26,464.175048828125,465.0826056476979,462.5550923668575,462.6331790630877,55387000
2023-12-27,465.0143127441406,465.16068807154204,463.4333996455085,463.9701191064298,68000300
2023-12-28,465.1899719238281,466.02921033768064,464.77035271690187,465.3753906024884,77158100
2023-12-29,463.8432922363281,465.52179896448314,461.88177332887085,464.9948179571429,122283100
2024-01-02,461.2474365234375,462.2428483505155,459.13954238423355,460.7692671751978,123623700
2024-01-03,457.4806213378906,459.8227162609005,456.8755833757596,459.08104145242885,103585900
2024-01-04,456.0069885253906,459.59820232067887,455.78252649517907,457.0023705654277,84232200
2024-01-05,456.6316223144531,459.0908175583114,455.1775477424715,456.2119732659371,86118900
2024-01-08,463.1504211425781,463.29679648061466,457.00238891288757,457.1292574663028,74879100
2024-01-09,462.4477844238281,463.4724415596584,459.97882114615163,460.4862655726299,65931400
2024-01-10,465.0631408691406,465.9316842003945,462.4380338715852,462.7210460536215,67310600
2024-01-11,464.85821533203125,466.5855039297226,460.8668888410367,466.0682912006048,77940700
2024-01-12,465.1802062988281,467.053899879707,463.76520505733885,466.31222516082903,58026400
2024-01-16,463.47247314453125,465.11193658612643,461.64759100380115,463.79452868780845,85014900
2024-01-17,460.8961486816406,461.3840863262476,458.53451737794865,460.437486104456,68843900
2024-01-18,464.9947814941406,465.55103752597205,461.02299191896157,462.5746299698475,91856200
2024-01-19,470.79150390625,471.07451607606174,465.04361399672933,466.12682126184484,110834500
2024-01-22,471.786865234375,473.5141535727233,471.1330157633766,472.33335294983027,75844900
2024-01-23,473.1628723144531,473.4068411336017,471.2404266096584,472.333402154428,49945300
2024-01-24,473.6801452636719,476.97857889434994,473.1824393105692,476.0417469073494,81765000
2024-01-25,476.2564392089844,476.5296831119091,473.680143807316,475.8172833950849,72525000
2024-01-26,475.65142822265625,477.3201668036155,474.8024213969288,475.8270786456302,76641600
2024-01-29,479.418212890625,479.5646180000114,475.4171482779632,475.963636023537,61322800
2024-01-30,479.0474548339844,479.75982476451486,478.2862434868122,478.72539929766515,58618400
2024-01-31,471.23065185546875,477.28106061845324,471.21111529014115,476.8321663361625,126011100
2024-02-01,477.3981628417969,477.4274379067324,472.12841290261804,472.9384060014142,91891600
2024-02-02,482.4239501953125,484.08292030102734,477.49576216688445,477.8373244708508,99228200
2024-02-05,480.6673889160156,482.453257473618,478.4033807510974,481.78966938702735,75757100
2024-02-06,482.06292724609375,482.39472129899326,480.1794651432731,481.6140031321535,55918600
2024-02-07,486.0834655761719,486.5030847840718,483.4095471530847,484.31713376491945,70556500
2024-02-08,486.2981872558594,486.67876313703624,485.26376181906494,486.08349349833503,52343600
2024-02-09,489.10870361328125,489.5478296216965,486.46406015452993,486.805622459753,63979400
2024-02-12,488.89398193359375,491.3531767842972,488.17181401431174,489.0794006092278,56502300
2024-02-13,482.16046142578125,485.097855647228,478.8815346699486,482.59961722906473,113099200
2024-02-14,486.54217529296875,487.03011296285007,482.47276202236384,484.8051183794454,68387800
2024-02-15,489.899169921875,490.08458861177627,486.7665887596598,487.2447879089923,61683000
2024-02-16,487.4595031738281,490.7384300384019,486.7178283814998,489.5966725621618,75532900
2024-02-20,484.7758483886719,486.386036759877,482.5215787127143,485.712680385879,71736700
2024-02-21,485.2149658203125,485.3711094473026,481.6530268123209,483.46817041739837,59293400
2024-02-22,495.2566833496094,496.2227903053238,490.8847515615135,491.8508882985767,76402500
2024-02-23,495.5982666015625,497.8232610473495,494.8663601420095,496.98399282076,61321800
2024-02-26,493.7831115722656,496.4765368105967,493.65624302388784,496.03738103257336,50386700
2024-02-27,494.7004089355469,494.92487095326175,492.57300814299754,494.4759766991797,48854500
2024-02-28,494.0466003417969,494.63210165101094,492.7779446820202,493.1390137498183,56506600
2024-02-29,495.82269287109375,497.4426493891131,493.15857245054144,495.8129543697353,83924800
2024-03-01,500.47760009765625,500.90698759184596,496.29111670133034,496.70099741172936,76844800
2024-03-04,499.94091796875,501.79510491460894,499.64816728327304,499.6774721331723,49799300
2024-03-05,494.94439697265625,498.3794968768046,492.72917089960293,497.9305728239268,72855600
2024-03-06,497.4524230957031,499.7164608888025,496.1545220794044,498.23311140577533,68382400
2024-03-07,502.3903503417969,503.444312321391,497.5109739434722,500.76065530231244,58652100
2024-03-08,499.37493896484375,505.7180990051288,498.7991760778728,503.02473305199794,86532500
2024-03-11,498.9455261230469,499.53105726392937,496.2325939589306,498.1648377894375,62557200
2024-03-12,504.3128967285156,504.89839811896644,498.53567171677753,501.06321510475107,73114400
2024-03-13,503.5223388671875,504.8105013823562,502.07806251504394,504.63485097974683,55104100
2024-03-14,502.5270080566406,504.6544091071824,499.4725135393552,504.4982357008347,110171800
2024-03-15,499.0763244628906,500.906906313764,497.4024012478183,499.44831403821377,107646300
2024-03-18,502.04241943359375,504.60715196314635,501.63129506757195,503.15838817484575,88893300
2024-03-19,504.8323059082031,505.1161675164121,500.33909510581594,501.3473983051708,60755300
2024-03-20,509.501708984375,509.6387703610633,504.21564482581135,504.89109332775615,69594600
2024-03-21,511.18548583984375,513.0551727931278,510.90156443882734,512.350388103231,60256100
2024-03-22,510.2162780761719,511.58671240113955,509.9812901440056,511.09725876770295,79070800
2024-03-25,508.8067321777344,509.9618357712417,508.65007353074856,508.8360683316894,48512100
2024-03-26,507.866943359375,510.5785359636074,507.465617616324,510.23588252659715,65463700
2024-03-27,512.1349487304688,512.174143263585,508.53257680183424,510.7057822180554,82999800
2024-03-28,512.0370483398438,513.5445440719409,511.7531867321709,512.1741097012416,96294900
2024-04-01,511.1462097167969,513.3194149926431,509.9813076393445,512.7810279269447,62477500
2024-04-02,507.8962707519531,508.0332723605118,505.5860042023949,507.30889054535044,74230300
2024-04-03,508.4541931152344,509.96174853268013,506.75090404419194,506.79983745759114,59155800
2024-04-04,502.248046875,512.8202352661735,501.94458795883435,512.4776415616462,96858100
2024-04-05,507.4949035644531,509.4625167939743,503.1681500346875,503.60867026854095,74546500
2024-04-08,507.7787170410156,509.2079430704707,506.9662670787009,508.19969971747315,48401800
2024-04-09,508.3661193847656,509.7659495801806,503.50091929161425,509.5212227680921,68049200
2024-04-10,503.27581787109375,505.27276726014924,501.2886671147105,502.64930285767076,82652800
2024-04-11,507.0740661621094,508.5228300890004,501.2789507067751,504.8029936767474,70099000
2024-04-12,500.0748291015625,504.93999985889445,498.3421439610696,503.52057224224995,92561100
2024-04-15,493.809814453125,504.4309350820484,492.9581399821633,504.2645375653604,92101400
2024-04-16,492.9092102050781,495.81656619092587,491.6170453505055,494.28947313511503,73484000
2024-04-17,489.9920654296875,495.5424832864925,488.5922350793865,495.3760558913513,75910300
2024-04-18,488.98382568359375,493.49660444266914,488.04408292123793,491.3919594558385,74548100
2024-04-19,484.7157897949219,489.90398704424035,483.44319225577453,488.9055122549044,102212600
2024-04-22,489.1795959472656,491.78349315664354,484.98007493251976,487.3294466640699,67961000
2024-04-23,494.9844970703125,495.4152186955436,488.99358884976584,491.19613039401867,64633600
2024-04-24,494.74951171875,496.66816154433025,492.51760440666084,495.8752490698958,55928100
2024-04-25,492.87005615234375,493.6336026966789,486.99661200395565,488.6509678289955,69122400
2024-04-26,497.53948974609375,499.1253149704082,495.03348916650594,495.6697730082035,64306100
2024-04-29,499.3014831542969,499.976931619229,496.55075587636594,499.33084917999474,46415400
2024-04-30,491.3919372558594,498.8120420500729,491.3919372558594,497.83313467029427,77483600
2024-05-01,489.79632568359375,497.47095614792755,489.3264393749632,490.80459911500014,80242800
2024-05-02,494.3775939941406,495.2194698771777,489.0131707855575,493.516150718059,62550200
2024-05-03,500.50555419921875,501.73895716286734,497.83312634252997,500.37829146215523,72756700
2024-05-06,505.6741638183594,505.7132986021477,502.4731177477603,502.91363799336517,47264700
2024-05-07,506.2321472167969,507.63197751857143,505.5566987742017,506.6432715629709,52561300
2024-05-08,506.2810974121094,506.81948450790213,504.2743492835563,504.3918133863561,42047200
2024-05-09,509.19818115234375,509.23737568195884,505.81120021511913,506.46705136082744,43643700
2024-05-10,509.8541564941406,511.6161778645498,508.63052224416674,510.8036679931926,52233200
2024-05-13,509.9225769042969,511.6454633171765,508.7772720891876,511.5377978533116,36716400
2024-05-14,512.26220703125,512.7810566084371,509.5800104376199,510.1183975334321,57535900
2024-05-15,518.6055908203125,518.8992510906287,514.1025809336553,514.7388946424787,59504900
2024-05-16,517.5385131835938,520.3088376274046,517.3916531865508,518.7034152838155,50244800
2024-05-17,518.282470703125,518.3510013823711,516.1973934194888,517.6559557052394,59187600
2024-05-20,518.879638671875,520.3479997283454,518.0083967722392,518.399983619737,37764200
2024-05-21,520.1522216796875,520.308880322423,517.9105452430766,518.1161373062547,33437000
2024-05-22,518.6544799804688,520.1717743707599,516.471476037249,519.457191149343,48390000
2024-05-23,514.8661499023438,521.8261670726438,513.6522545564001,521.7185015997201,57211200
2024-05-24,518.2727661132812,519.0852760314796,515.7667654147743,516.7162769685657,41291100
2024-05-28,518.6348876953125,519.3201347726647,515.9918259671035,519.0852065742038,36269600
2024-05-29,515.0031127929688,516.187612149335,514.2885295747019,514.5919884514224,45190300
2024-05-30,511.5867004394531,514.1220964903868,510.33373023598597,513.4564467342078,46377600
2024-05-31,516.2463989257812,516.373661669616,507.42643355259685,512.5461599640777,90785800
2024-06-03,516.667236328125,518.145395840209,511.57690666155213,517.8615342459523,46835700
2024-06-04,517.244873046875,517.9888521983294,513.8872279798754,515.3555890163468,34632700
2024-06-05,523.392333984375,523.4119312490825,517.5776224033007,519.574631475195,47610400
2024-06-06,523.3826904296875,524.1266697359112,521.4444725776239,523.695948019033,30808500
2024-06-07,522.7463989257812,525.5656572802073,521.3073738449024,522.4037454552046,43224500
2024-06-10,524.361572265625,524.6846284743783,521.3367815083941,521.9339007520192,35686100
2024-06-11,525.6242065429688,525.6829385821035,520.8275376052097,522.8049491689983,36383400
2024-06-12,529.9412841796875,532.6430781044711,528.9036447482033,530.2056082912144,63251300
2024-06-13,531.0083618164062,531.8698051580913,528.2087008298147,531.6936089856242,44760900
2024-06-14,531.3314208984375,531.3607570534568,528.4631694567662,529.4714728215465,40089900
2024-06-17,535.5601806640625,536.9600707352853,530.1859889386527,530.6461064563005,55839500
2024-06-18,536.9208374023438,537.0481001268946,535.1979510525092,535.618874007655,41376400
2024-06-20,535.4623413085938,538.5165275797466,533.6807226924603,537.8508777255481,70328200
2024-06-21,534.744384765625,535.8639535905671,533.2811170627399,534.6363719686153,64338600
2024-06-24,533.0062255859375,537.1407429637898,532.8883825199175,534.5677361214845,45528700
2024-06-25,535.0587768554688,535.4221363045356,532.7116258646143,534.2338154405055,37936200
2024-06-26,535.7265014648438,536.4433900198844,533.2909984741738,533.9391352589275,38550600
2024-06-27,536.571044921875,537.1504898569925,534.8426003010983,535.588979563753,35041500
2024-06-28,534.4595947265625,540.4109684989184,533.2124124479245,537.3468693543182,76144500
2024-07-01,535.5596313476562,536.0899251442213,532.7901994178842,535.8444087668356,40297800
2024-07-02,539.1637573242188,539.1637573242188,533.8999009464727,533.9489922304165,40434800
2024-07-03,541.5698852539062,541.9332447091265,538.8102834790983,538.8495445221813,32789900
2024-07-05,544.6928100585938,545.0954305299725,541.2359204016998,541.874286937383,41488400
2024-07-08,545.3212890625,546.273863702814,544.2508114321598,545.4783931483458,36110500
2024-07-09,545.8516235351562,547.1872181563506,545.5570158893808,546.283734729133,27289700
2024-07-10,551.2529296875,551.5966285839402,546.7845443312167,547.0791519482386,38701200
2024-07-11,546.4996948242188,552.244812960266,545.8613883249984,551.370760432176,53054200
2024-07-12,549.9468383789062,553.5608321512885,547.1578059832891,547.6291782325719,53084400
2024-07-15,551.4592895507812,554.709924079379,549.5933410549901,551.9503223190923,40584300
2024-07-16,554.7294311523438,555.024038775581,552.0189211375351,552.7751306542716,36475300
2024-07-17,546.9514770507812,550.4574575343235,546.627378702753,548.7781042114635,57119000
2024-07-18,542.748291015625,549.4853058775749,540.5583041390183,548.4934101354552,56270400
2024-07-19,539.1441040039062,544.1428435386215,538.0834565302354,542.5125813182824,65509100
2024-07-22,544.7025756835938,545.3114514113106,541.1376736329704,543.0821438640331,43346700
2024-07-23,543.8482055664062,546.7550807862475,543.3571728667828,544.5945249198012,34439600
2024-07-24,531.5233154296875,539.3209182500651,530.6001714203044,539.0164803289134,74515300
2024-07-25,528.75390625,537.6416477635469,527.8111616485469,531.6411814730034,61158300
2024-07-26,534.6757202148438,537.3764002236553,531.7786151263786,532.5544851999327,53763800
2024-07-29,534.9899291992188,537.2388372702122,532.9864775250034,536.227341129643,39515800
2024-07-30,532.2794189453125,537.5236742807023,528.861850713122,536.4630269208627,46853600
2024-07-31,540.9314575195312,543.5732159258974,537.7594053591405,539.1342609978949,65663400
2024-08-01,533.2714233398438,544.9187063649712,529.7556118911635,542.6599675904316,76428700
2024-08-02,523.3427124023438,527.3593266038325,519.1197829332602,526.1415750127649,82789100
2024-08-05,508.10107421875,514.1898925589088,501.1185726401647,502.46402760588046,146267400
2024-08-06,512.7854614257812,520.2491343271334,508.58219283381527,509.90795711875484,84826300
2024-08-07,509.3580322265625,522.0561910508441,508.7589866968387,518.9920917478671,70698300
2024-08-08,521.1329956054688,521.7614718670237,512.4810023749844,514.5138248770706,63276600
2024-08-09,523.4310302734375,524.9237888690128,519.0804877250338,520.3080694804698,45619600
2024-08-12,523.7061157226562,526.1219586169184,521.4277164507776,524.6292597384992,42542100
2024-08-13,532.3186645507812,532.5544105776438,526.6620186567962,526.9075349868316,52333100
2024-08-14,533.998046875,535.1863675555963,530.4331447737245,533.1141640625877,42446900
2024-08-15,543.1509399414062,543.4357173403401,539.036083351339,539.644959128727,60846800
2024-08-16,544.3687133789062,545.066001447727,541.3734256554437,541.5305297582873,44430700
2024-08-19,549.5735473632812,549.5735473632812,543.9266718963368,544.7810639108773,39121800
2024-08-20,548.679931640625,550.7815659083177,547.3345068852593,549.1218730431605,33732300
2024-08-21,550.5655517578125,552.0288197515467,544.7811716197107,549.7308200651719,41514600
2024-08-22,546.2444458007812,553.079643286425,545.0266941664444,552.4707674692565,56121500
2024-08-23,552.0484619140625,552.9912663344013,547.2952387130678,549.4951156938582,50639400
2024-08-26,550.732421875,553.7964610598141,549.0236377073744,553.0795725146759,35788600
2024-08-27,551.4886474609375,551.9796801643517,548.3067651332959,549.4557648759409,32693900
2024-08-28,548.287109375,551.5770644805714,545.085566530633,551.1449533002178,41066000
2024-08-29,548.3362426757812,553.570668523791,547.1872428351764,550.2611126158587,38715200
2024-08-30,553.5706787109375,554.0813719563913,547.1479918630939,550.7128944546577,62700100
2024-09-03,542.1787109375,550.7521231432277,539.6547955357257,550.4181945160806,60600100
2024-09-04,541.0689086914062,544.4864768786748,539.6056409316967,540.3323596896321,47224900
2024-09-05,539.7529296875,543.8677859554409,537.2879360362771,541.0100021233877,44264300
2024-09-06,530.6688842773438,541.7072905965744,529.7654008260863,540.0770882862281,68493800
2024-09-09,536.6103515625,537.8870845889743,532.9472666463545,534.8819667353457,40445800
2024-09-10,538.9476928710938,539.3012819984793,533.6347450012723,538.5254119078065,36394600
2024-09-11,544.4766845703125,545.3998284478084,530.2760571886295,538.8592992301786,75248600
2024-09-12,549.0629272460938,549.3673650982907,542.826776487141,545.0560839490253,51819600
2024-09-13,551.9306030273438,552.9323289489466,549.4165179190511,549.6718645218532,39310500
2024-09-16,552.7457275390625,553.0108444429941,549.8584528057411,551.6654196124157,36656100
2024-09-17,552.9715576171875,556.4186166721934,550.7324197918623,554.9651191583721,49321000
2024-09-18,551.3314819335938,558.490716373018,550.7716975212177,553.6294811628125,59044900
2024-09-19,560.7396850585938,562.6056333019461,557.8917313519955,560.769175792154,75315500
2024-09-20,559.7703857421875,560.8145656669737,556.7363296850394,559.3665303523799,77503100
2024-09-23,561.169189453125,561.8193743965802,559.6226102686882,560.844157105768,44116900
2024-09-24,562.7749633789062,562.8340656448994,559.130163310981,561.9671923274129,46805700
2024-09-25,561.5336303710938,563.3560600605995,560.4204878396197,562.6172518383486,38428600
2024-09-26,563.7599487304688,566.1340196278296,561.3957983542562,565.8089271560161,48336000
2024-09-27,562.9423217773438,565.651285439919,561.908002221962,564.8337142422162,42100900
2024-09-30,565.1981811523438,565.8089245059994,559.6029471264981,561.9079952356186,63557400
2024-10-01,560.1348876953125,565.4937128909536,557.5539888818164,564.8435880512217,72668800
2024-10-02,560.371337890625,561.3958572731079,556.8349422897517,559.2385345053339,38097800
2024-10-03,559.3468017578125,561.2972362765911,557.0515539848665,558.8936443913503,40846500
2024-10-04,564.4298095703125,564.804143911743,559.6226255139783,563.8092058002762,42939100
2024-10-07,559.3270874023438,563.425044167477,558.1745633665616,562.7748592374886,49964700
2024-10-08,564.616943359375,565.2178864241666,561.0313063853904,561.9079798048728,37398700
2024-10-09,568.5277099609375,569.0892114172115,564.0061772469245,564.6070601630827,37912200
2024-10-10,567.5327758789062,568.9611504574567,565.9172341469683,567.1781623643931,44138100
2024-10-11,570.9313354492188,571.6701437051296,567.3160570940822,567.4539823983677,42268000
2024-10-14,575.6006469726562,576.5364828744649,572.0641913408873,572.5468698259319,36217200
2024-10-15,571.12841796875,576.1720113378304,569.9068710302905,575.8666396343095,54203600
2024-10-16,573.6107177734375,574.1328378005626,570.3205920106161,571.1283629185417,30725400
2024-10-17,573.6599731445312,577.3737353042621,573.4728059770134,577.1668473429936,34393700
2024-10-18,575.8666381835938,576.6546883722069,573.8866222523045,575.3543785050263,37416800
2024-10-21,574.9208984375,576.1226643625554,571.936084169767,575.1375866701346,36439000
2024-10-22,574.6155395507812,575.7779240387921,571.7194086656112,572.379393899403,34183800
2024-10-23,569.364990234375,573.0295101570803,565.8482560008526,572.5862132138965,49314600
2024-10-24,570.5963745117188,571.4041454083431,567.9662339927139,571.325322360671,34979900
2024-10-25,570.3993530273438,575.7385172942365,569.4537169426869,572.832526139626,47268200
2024-10-28,572.1626586914062,574.0146094523058,571.8572870300009,573.8865445500035,30174700
2024-10-29,573.088623046875,574.2115658329249,569.7984373596124,571.1972307374274,42899700
2024-10-30,571.3549194335938,574.6155241758808,570.645632233565,572.615787609554,41435800
2024-10-31,560.154541015625,567.0402238212235,559.9575134707092,566.9712611742847,60182500
2024-11-01,562.5187377929688,566.9614477579651,562.1050220014198,562.7945884035815,45667500
2024-11-04,561.30712890625,563.9569903576214,559.4157965332372,562.6566805623088,38217000
2024-11-05,568.09423828125,568.1336197386994,562.0064662031886,562.2231544057043,39478300
2024-11-06,582.2202758789062,583.0970094221752,576.6546231997903,580.4077666623799,68182000
2024-11-07,586.72216796875,587.7466873497708,584.1511293671531,584.2299524251648,47233200
2024-11-08,589.2636108398438,590.6919854789882,587.2737347167168,587.2737347167168,46444900
2024-11-11,589.8251342773438,591.214067381988,588.0913879024889,590.8594538392326,37586800
2024-11-12,587.992919921875,590.3472099973874,585.5006444102133,589.7463270131273,43006100
2024-11-13,588.278564453125,590.2881013518266,586.0818603831444,588.4558712273305,47388600
2024-11-14,584.495849609375,588.8893179492193,583.8063432948493,588.4066394793019,38904100
2024-11-15,577.00927734375,581.3928852443048,575.1474660138925,580.9200070517927,75988800
2024-11-18,579.37353515625,580.6935057455166,576.6054689287176,577.4722820828334,37001700
2024-11-19,581.4913330078125,582.2202808592402,575.3149369393851,575.9847825359503,49412000
2024-11-20,581.6883544921875,581.9740053669792,575.9059534750936,581.5701499836966,50032600
2024-11-21,584.81103515625,586.2394097822103,578.6838809961135,584.5451050737219,46750300
2024-11-22,586.6235961914062,587.2540603121174,584.2988273861976,584.8011664791351,38226400
2024-11-25,588.6134643554688,591.8937295695996,586.3182166457023,590.5737592167452,42441400
2024-11-26,591.6868896484375,592.3567352073538,589.1453725834567,589.8644599979293,45621300
2024-11-27,589.8941040039062,591.8839201005825,588.3672455728715,591.4997854868443,34000200
2024-11-29,593.55859375,594.3466439350991,590.4359140778026,590.7117045866185,30177400
2024-12-02,594.6224365234375,595.3021425181648,593.4797127608734,593.9722515940274,31746000
2024-12-03,594.8982543945312,595.1445238224464,593.3517352966707,594.3860548690404,26906600
2024-12-04,598.59228515625,598.8385545797807,595.9227630847732,596.5926087018526,42787600
2024-12-05,597.607177734375,599.4000262634194,597.2525642119798,598.592255379496,28762200
2024-12-06,598.7401123046875,599.9813199050982,597.9619225172376,598.3756383425828,31241500
2024-12-09,595.65673828125,598.7892779517493,595.0657157488416,598.6218315882949,34742700
2024-12-10,593.8048095703125,596.7600425908593,593.1448243638806,596.3364664061719,37234500
2024-12-11,598.395263671875,599.3507600891794,596.4644899210008,596.7403405101395,28677700
2024-12-12,595.31201171875,598.0997382660831,595.31201171875,597.5284365007215,31543800
2024-12-13,595.19384765625,598.0702578450652,593.8147147595496,597.3511703289549,35904700
2024-12-16,597.7352905273438,598.7105679786196,596.1789110129041,596.9571007701239,43695200
2024-12-17,595.2725830078125,596.1394561956839,593.8935102993782,595.1740992873428,55773500
2024-12-18,577.5313720703125,597.3609304879477,577.1471773446116,594.9671989364094,108248700
2024-12-19,577.35400390625,584.1510639445604,577.1077344863745,582.5355221203287,85919500
2024-12-20,584.2886352539062,588.8352196171104,574.1674387147792,575.0175026728227,125716700
2024-12-23,587.7874755859375,588.3903808785561,580.839043366224,584.0315939956688,57635800
2024-12-24,594.32080078125,594.3603751171399,588.5584517113257,589.1416302251183,33160100
2024-12-26,594.3603515625,595.4870738828115,591.1381803052061,592.5416816588521,41219100
2024-12-27,588.1038208007812,590.8416891446476,583.9031498920888,590.6044241129971,64969300
2024-12-30,581.392578125,584.8717412480703,577.6268027117767,581.066451827259,56578800
2024-12-31,579.2774658203125,583.7845361057068,577.6366994322016,583.0629680945224,57052700
2025-01-02,577.8541870117188,584.268848917565,573.7622248829753,582.5490544849214,50204000
2025-01-03,585.0792846679688,585.7217039617416,579.623335665357,580.7106042287589,37888500
2025-01-06,588.44970703125,592.7393596690575,586.7101255067332,589.3491785436146,47679400
2025-01-07,581.7978515625,590.8119920606497,579.9693484070148,590.4858054370367,60393100
2025-01-08,582.6478881835938,583.7252632975457,578.4077031433151,581.8670792861259,47304700
2025-01-10,573.7523193359375,579.148967552338,571.8348342474784,579.0797727939155,73105000
2025-01-13,574.6419067382812,574.9977137931114,568.6719735158341,569.0871420731995,47910100
2025-01-14,575.4325561523438,578.209938228887,571.637100270467,577.5773521941201,48420600
2025-01-15,585.899658203125,587.0461675916275,582.3611942103539,583.4780831774012,56900200
2025-01-16,584.77294921875,587.4514560986999,584.0711683508569,587.2735525674167,43319700
2025-01-17,590.6439819335938,592.4032903303786,588.6968161028142,590.0311830207747,58070600
2025-01-21,596.0504760742188,596.0603696579795,591.7213092581105,593.6980955549004,42532900
2025-01-22,599.401123046875,600.7651103716523,598.3336415912388,598.887139322545,48196000
2025-01-23,602.6726684570312,602.6726684570312,598.4917851169366,598.7685038038958,41152100
2025-01-24,600.913330078125,603.6907726306447,599.7569270310084,602.7319999441287,34604700
2025-01-27,592.4132080078125,592.7295010606359,587.7381276298589,587.9061375768574,70361100
2025-01-28,597.5034790039062,598.3435890966371,590.3178411060637,593.6487213775014,44433300
2025-01-29,594.8248291015625,597.1179082556828,592.2648645148614,596.7126333153398,37177400
2025-01-30,598.017333984375,599.5592247930683,593.747468592595,596.9499128814751,39281300
2025-01-31,594.8347778320312,602.880312619884,594.0736957955036,600.4488437325783,66566900
2025-02-03,590.831787109375,593.3224968021361,583.6362560871698,585.7909458950113,65857200
2025-02-04,594.7952880859375,595.3092115270962,590.3475186916722,590.8911228856247,33457800
2025-02-05,597.2068481445312,597.35513123978,591.6323569254649,593.668444292325,30653100
2025-02-06,599.2825317382812,599.4110276717307,595.6353586638426,598.9563451128535,35771500
2025-02-07,593.7970581054688,601.0716182655565,593.0853835644062,599.8460202341735,50788500
2025-02-10,597.82958984375,598.4720695404235,595.7440947156747,597.0191605249602,26048700
2025-02-11,598.2842407226562,598.8278448766438,595.4376636934635,595.5562660424524,30056700
2025-02-12,596.35693359375,597.5331239679138,591.5632504880516,592.2452442399068,45076100
2025-02-13,602.6528930664062,602.8604773307252,596.1987176270893,597.4638293989674,40921300
2025-02-14,602.623291015625,603.8982964094444,602.0005985304107,602.8604957096632,26910400
2025-02-18,604.3925170898438,604.3925170898438,601.3186288745633,603.7896117473091,26749000
2025-02-19,605.8157958984375,606.1123017730542,602.4849158656623,602.9988995994843,31011100
2025-02-20,603.2954711914062,604.5803703391965,599.974484380483,604.4419808070575,36554000
2025-02-21,592.9765625,603.216300601011,592.5119863702242,603.0779110877393,76519800
2025-02-24,590.2782592773438,596.0307143030876,589.5665848823073,595.0324276294365,50737200
2025-02-25,587.3427734375,590.9504327968516,582.7171004383193,590.2190314712642,58266500
2025-02-26,587.63916015625,592.620699550235,584.9902741209554,589.0130409225576,43321600
2025-02-27,578.2593383789062,591.0788275306367,577.864017357305,589.9223642338113,74196700
2025-02-28,587.283447265625,587.8171578604871,575.6797210871997,578.7635029554216,88744100
2025-03-03,576.9942626953125,590.4067643806418,573.1691862018861,589.2601945949107,74249200
2025-03-04,570.1644897460938,578.5955127414016,565.608011549554,572.9814465763258,109648200
2025-03-05,576.29248046875,578.0913631561872,566.4283366011412,569.9964212260836,71230500
2025-03-06,566.0626831054688,573.4360576617548,563.5027182107181,568.8004912077067,80094900
2025-03-07,569.2353515625,570.6883208259039,559.0648080255879,564.2736590980126,81158800
2025-03-10,554.073486328125,562.9294509409499,549.1414138289008,561.0021324297065,99326600
2025-03-11,549.4674682617188,557.473488465779,545.612771416854,552.907117228081,88102100
2025-03-12,552.3832397460938,556.574016783005,547.2633707942651,555.6449248680879,69588200
2025-03-13,545.019775390625,552.6205217060727,543.2999808309211,552.00772273254,74079400
2025-03-14,556.2775268554688,557.2857071377122,545.0889095501292,549.655280917059,62660300
2025-03-17,560.5671997070312,563.097483760462,555.8228643209595,556.2577597204585,49008700
2025-03-18,554.5083618164062,558.4619345411708,552.571089463648,558.244456671408,66041400
2025-03-19,560.54736328125,564.3230320254004,555.1112014285828,556.2972851708735,66556000
2025-03-20,558.9263916015625,563.9474453254734,556.0699211298971,556.7914890984629,62958200
2025-03-21,559.1107788085938,560.0129560782987,553.2121973894178,554.4514053360011,83763000
2025-03-24,569.1236572265625,570.1844265679264,565.2771506364932,565.8719462913679,58766800
2025-03-25,570.49169921875,571.4334488408351,568.7369614238087,570.3330467188074,38355700
2025-03-26,563.6810913085938,571.3542581528293,562.293154038674,570.2240858480267,51848300
2025-03-27,562.1841430664062,565.971170433539,560.0626041917773,562.2832555151155,42164200
2025-03-28,550.8626708984375,561.3811152230641,550.2777985606353,560.6475137101825,71662700
2025-03-31,554.5604858398438,555.869096797962,542.1485586831927,545.0830251203251,95328200
2025-04-01,556.1268310546875,558.0798545049701,548.8997911229003,552.6372621541935,54609600
2025-04-02,559.6461791992188,562.5211054527999,550.019989677278,550.2579079318416,76014500
2025-04-03,532.06640625,543.2390654249921,532.06640625,540.4037717910755,125986000
2025-04-04,500.9176330566406,521.3298644038904,500.69953122991006,519.1488461365848,217965100
2025-04-07,500.0254211425781,518.6531751879934,477.64034947944,484.966562158496,256611400
2025-04-08,492.193603515625,520.4475157965463,484.93679417196097,517.3544574544211,165816600
2025-04-09,543.8834838867188,543.8834838867188,488.7932402716448,489.17988772825765,241867300
2025-04-10,520.0509643554688,528.8939350431352,504.92270453590345,527.5754008869551,162331200
2025-04-11,529.3301391601562,531.7986316335475,515.5798930426869,518.4945124649533,97866300
2025-04-14,534.4654541015625,539.580938661594,529.2508571038156,539.3528832417228,68034000
2025-04-15,532.968505859375,538.5399805011373,532.1754247962592,535.0107183382963,56892900
2025-04-16,521.1216430664062,533.2460954669957,515.7980102587055,527.0896882471153,83484800
2025-04-17,521.8651733398438,526.5840872057769,519.3867572764926,523.0845951885916,79868100
2025-04-21,509.44342041015625,517.1959136790683,504.07020068364903,516.6605370453387,69368100
2025-04-22,522.6979370117188,524.7302260402327,514.7075262081219,515.6493363944684,75948100
2025-04-23,530.79736328125,540.7209502963145,529.2706808590098,535.7641184612734,90590700
2025-04-24,541.9701538085938,542.7037553366079,530.8272040401201,532.086198348384,64150400
2025-04-25,545.885986328125,546.2924199116221,538.9959780328687,541.9304442378503,61119600
2025-04-28,546.0941772460938,548.770878725811,540.3145544882295,546.6295538469604,47613800
2025-04-29,549.5342407226562,550.6544896169489,543.8140371215516,544.1709145104755,47775100
2025-04-30,549.7523193359375,551.7152660165827,536.8447695388113,542.8425243498715,93101500
2025-05-01,553.6483154296875,559.2000030839217,553.0435965011045,555.5319356264844,63186100
2025-05-02,561.8668212890625,563.4728299899488,557.52463168794,559.8543184862792,60717300
2025-05-05,558.6448974609375,561.7578025218996,556.850526672483,557.7130106117388,38659200
2025-05-06,553.9755249023438,558.486229861133,552.151444635027,553.1130409863903,48264700
2025-05-07,556.3052978515625,558.9522292842823,551.239369394788,555.3139314189718,55588000
2025-05-08,560.1815185546875,565.3861923682981,556.850541835946,560.3599572530266,65130800
2025-05-09,559.4677734375,562.6004648206437,557.9013974918248,561.5892516710271,37603400
2025-05-12,577.9567260742188,577.9666494201874,572.0580835025086,576.4498296839446,78993600
2025-05-13,581.7734985351562,583.9941496422729,577.8080328415324,578.3730584556538,67947200
2025-05-14,582.5170288085938,583.8949821637985,580.4846792150129,582.7351003798474,66283500
2025-05-15,585.3622436523438,585.8677897044162,580.0484736048338,580.5045239452851,71268100
2025-05-16,589.0699462890625,589.3673441171694,584.1924403834937,586.1454032115668,76052100
2025-05-19,589.7142944335938,590.3983396880136,583.0225710566098,583.0225710566098,68168500
2025-05-20,587.7315673828125,588.9212192076606,584.5096264657933,587.9695461543464,60614500
2025-05-21,577.8278198242188,587.4639329373288,576.7968205254032,583.3596614167781,95197700
2025-05-22,578.055908203125,581.5554004178355,576.3903592673228,577.6295673689441,70860400
2025-05-23,574.1101684570312,576.7868697784111,570.6304627900578,571.0071868542327,76029000
2025-05-27,586.0463256835938,586.2049176986301,573.4361124467979,581.0101669642168,72588500
2025-05-28,582.65576171875,587.6522871583933,581.9221602554891,586.452712017421,68445500
2025-05-29,584.9557495117188,588.0785779673218,581.0101304856973,587.9397721452495,69973300
2025-05-30,584.3014526367188,586.026420478472,578.2045251191539,583.8454023131852,90601200
2025-06-02,587.5928955078125,587.6721612666921,580.0089171212081,582.6856189346104,61630500
2025-06-03,590.943603515625,591.9250465362925,586.740159298439,587.2259796444896,63606200
2025-06-04,590.7850341796875,592.7876138828078,590.3488304970734,591.8061707239787,57314200
2025-06-05,587.9298095703125,593.8284515327539,585.9470768439928,592.4702844558809,92278700
2025-06-06,593.96728515625,595.6426968087642,591.7069406984755,593.4913881340742,66588700
2025-06-09,594.5026245117188,596.0590770966814,593.322896017802,594.5422573867003,53016400
2025-06-10,597.873291015625,598.2598779419187,593.9177485918233,595.0379370041686,66247000
2025-06-11,596.1680908203125,599.8361586452579,594.0961689044454,598.9736747077318,73658200
2025-06-12,598.5374755859375,598.5374755859375,594.3440149953893,594.8297748594797,64129000
2025-06-13,591.8457641601562,596.6538671866508,590.338867810054,593.3328138188501,89506000
2025-06-16,597.4767456054688,599.2314836456252,595.0379622706928,595.2164614851225,79984100
2025-06-17,592.3712158203125,596.5547531382241,591.6078443016146,595.0280706090336,82209400
2025-06-18,592.281982421875,596.0293161899417,591.3203254879343,593.2733488854554,76605000
2025-06-20,590.8909912109375,596.0414436168163,589.4790454395113,594.9675856083323,94051400
2025-06-23,596.7274780273438,597.1152078061239,588.5145735944315,591.6465733053511,87426000
2025-06-24,603.3196411132812,604.3834856367664,599.9688039561656,600.8836010096178,67735300
2025-06-25,603.65771484375,605.1392079707367,602.086708265907,604.4431877891288,62114800
2025-06-26,608.380615234375,608.8181084243395,604.9005750782753,605.517034479532,78548400
2025-06-27,611.4032592773438,612.8748603878714,607.3465704310272,609.3848675360332,86258400
2025-06-30,614.3264770507812,615.6886593072754,611.5325044540273,613.8591865146053,92502500
2025-07-01,614.127685546875,615.3009489521946,612.0098276707645,612.8450033281383,70030100
2025-07-02,616.9117431640625,616.9514932068568,613.0936150077308,613.7200271324969,66510400
2025-07-03,621.7738647460938,622.7085065821568,618.8804257837007,618.9003311484321,51065800
2025-07-07,617.1403198242188,620.4712515380828,614.3463473867639,619.8050287830624,74814500
2025-07-08,616.8023681640625,618.5622329876766,615.9870371559156,617.8065573856337,59024600
2025-07-09,620.5010986328125,621.1573080723725,617.3690382262929,619.2184771119485,66113300
2025-07-10,622.2510375976562,623.2950374474425,619.4570650879599,620.6402811009391,57529000
2025-07-11,620.0636596679688,621.2965785748338,617.9856123550688,619.1886732139827,63670200
2025-07-14,621.246826171875,621.5948059142781,618.2539819137044,619.6062115300674,51898500
2025-07-15,618.592041015625,624.2793915612978,618.5124802515571,623.9413645164026,74317300
2025-07-16,620.66015625,621.1672575214722,614.5253596449445,620.1829130237127,88987500
2025-07-17,624.4583740234375,624.8163671275224,620.6204015046147,620.8391784397268,68885700
2025-07-18,624.0010375976562,625.8802131347736,622.8874296174818,625.7111996075373,65621600
2025-07-21,625.1842651367188,627.9384270926762,624.7567246264017,625.1842651367188,63375000
2025-07-22,625.2737426757812,626.1387764125508,622.6189860590433,625.5123643014988,60046300
2025-07-23,630.5932006835938,630.5932006835938,626.138708302101,627.9483363497261,70511000
2025-07-24,630.802001953125,632.5221773472229,630.3744614468128,630.9809681636451,71307100
2025-07-25,633.4667358398438,633.9440397736063,631.2196750953526,631.4682494008442,56865400
2025-07-28,633.3076782226562,634.4013808975731,631.9156378299562,633.8445768779104,54917100
2025-07-29,631.6372680664062,635.0277949185313,630.722531607152,634.7096125224674,60556300
2025-07-30,630.841796875,634.0434045947875,627.9384054781906,632.2934318863223,80418900
2025-07-31,628.475341796875,636.200989166749,627.1728149946817,635.8132594113927,103385200
2025-08-01,618.1743774414062,622.7680859762785,615.7582427178595,622.7282752516747,140103600
2025-08-04,627.570556640625,627.6202593639928,622.0124691896333,622.1019219542782,73218000
2025-08-05,624.3887939453125,629.0023475949919,623.464104816374,628.187016594973,68051400
2025-08-06,629.17138671875,629.8275961427472,624.5478806448895,625.462617040701,64357500
2025-08-07,628.6444091796875,633.3474155493337,625.5223013845391,632.6116453260242,74205800
2025-08-08,633.5462646484375,634.0136158764692,630.125879949944,630.4440623273716,64051600
2025-08-11,632.29345703125,635.3062066703783,631.0406328520911,633.824713555593,58742300
2025-08-12,639.0248413085938,639.1839021511607,633.1584638161933,634.6499095494731,64730800
2025-08-13,641.2123413085938,642.5049155421342,639.0149226306152,641.2321859855442,60092800
2025-08-14,641.27197265625,641.9381347685223,638.6768716045066,639.1242567818475,59327500
2025-08-15,639.7705688476562,642.4054806038605,638.8558324502803,642.3060144753327,68592500
2025-08-18,639.6314086914062,640.3274289037191,638.5178006265407,639.1939154739885,43804900
2025-08-19,636.1612548828125,640.4367204754008,634.8388226855677,639.4523760102862,69750700
2025-08-20,634.470947265625,636.0120957287904,629.3404006137462,635.7536294439067,88890300
2025-08-21,631.9255981445312,634.3317804706619,630.195530658508,632.6514763962614,54805800
2025-08-22,641.6299438476562,642.8131599802851,633.6159105915494,634.1230118894028,84083200
2025-08-25,638.8060913085938,641.6100166878209,638.686780499868,640.3671451910226,51274300
2025-08-26,641.4807739257812,641.8288143683822,637.9112808564007,638.5376929659955,51581600
2025-08-27,642.9423828125,643.6781530071313,640.7449642231398,640.8941330732226,48341100
2025-08-28,645.2192993164062,645.7761033013204,641.6597591604225,643.548887361664,61519500
2025-08-29,641.3713989257812,644.1455269630451,639.472317969575,643.777581165663,74522200
2025-09-02,636.6187133789062,636.8374296419402,631.2991867317828,633.8644906037873,81983500
2025-09-03,640.06884765625,640.5361988813526,636.8075845104526,639.0049424066366,70820900
2025-09-04,645.418212890625,645.4480709373178,639.8402199968853,640.7450037735979,65219200
2025-09-05,643.5488891601562,648.4905776412766,639.6612139364762,647.7646994415851,85178900
2025-09-08,645.1298828125,646.1341327155172,643.5389708468488,644.9210585487652,63133100
2025-09-09,646.6212768554688,647.148222783044,643.5289666240282,645.2689866211995,66133900
2025-09-10,648.4905395507812,650.817160801947,646.9195331255914,649.8924717726807,78034500
2025-09-11,653.8796997070312,654.5757199134183,649.8627606991871,650.4493620868353,69934400
2025-09-12,653.6608276367188,655.351144838518,653.1537870945498,653.8497465125743,72780100
2025-09-15,657.1409301757812,657.2701936656516,655.5799369896564,655.8782140097094,63772400
2025-09-16,656.2361450195312,658.0060231465056,655.450672087237,657.6977327581834,61169000
2025-09-17,655.4208374023438,657.9463305061431,650.5686620900484,656.2461210913638,101952200
2025-09-18,658.4832153320312,661.098221592467,656.504573788396,658.1153302554297,90459200
2025-09-19,661.74462890625,662.5921003065068,658.4244226642126,660.3786700487054,97945600
2025-09-22,664.8753662109375,665.3239917254978,660.2190812650523,660.2490220888672,69452200
2025-09-23,661.256103515625,665.3739407705357,660.0296859026699,664.7557113987294,81708900
2025-09-24,659.1522216796875,662.6518901422049,657.7264420940938,662.5522091075384,68082200
2025-09-25,656.1112670898438,657.4672457066506,652.4819765077987,656.0016057727498,89622100
2025-09-26,659.8701782226562,660.4185456623683,655.9417836675868,657.5669862915963,69179200
2025-09-29,661.7246704101562,663.3199930316334,659.9100251593522,662.4026597035332,73499000
2025-09-30,664.21728515625,664.6859320813617,659.6607420426623,660.976860345401,86288000
2025-10-01,666.4806518554688,667.3979243492374,661.1065170498754,661.2161783670498,72545400
2025-10-02,667.248291015625,668.5943501107935,664.8155382515555,668.4747085274895,56896000
2025-10-03,667.2384033203125,670.6981508367895,666.1914481336265,668.0160736487628,70494400
2025-10-06,669.6312866210938,670.5286593813627,667.4876574687494,669.6412668959266,54623300
2025-10-07,667.1486206054688,671.0072138668005,665.7028804529681,670.5585274945992,72020100
2025-10-08,671.1268920898438,671.2266339865188,667.4477610054765,668.2753327277967,60702200
2025-10-09,669.1826171875,671.9544560264949,667.2384109165724,671.5456907353398,66501900
2025-10-10,651.0960693359375,671.9643973425017,650.9166069608107,670.1497521868876,159422600
2025-10-13,661.0865478515625,663.170417127303,657.8262232173948,658.7036354539871,79560500
2025-10-14,660.2789306640625,663.8683609233883,651.2456255038628,655.2338407773344,88779600
2025-10-15,663.2102661132812,668.2553559603689,656.988660072404,664.855429242796,81702600
2025-10-16,658.6936645507812,666.7398963555108,655.1740352792065,664.8554499895176,110563300
2025-10-17,662.4326171875,663.7985760836355,656.2010306703355,657.5570092911896,96500900
2025-10-20,669.3222045898438,670.2295576279439,665.3041094156895,665.3539499346838,60493400
2025-10-21,669.3121948242188,671.0071983826805,668.0060568363804,669.4617772299453,56249000
2025-10-22,665.83251953125,670.0201576878661,661.3457774038759,670.0201576878661,80564000
2025-10-23,669.7808837890625,670.7280970890292,665.8325287543602,666.1515932793667,65604500
2025-10-24,675.2546997070312,676.4710761570719,673.6594379369009,674.4670490970213,74356500
2025-10-27,683.2211303710938,683.5202343374859,680.1103274099472,680.7185156175003,63339800
2025-10-28,685.0357666015625,686.8802917495992,682.8123561492805,685.0257863269245,61738100
2025-10-29,685.3648071289062,687.6679989086465,680.8581046045199,686.6908448301914,85657100
2025-10-30,677.8270874023438,683.919071384824,677.8270874023438,681.8851035842282,76335800
2025-10-31,680.050537109375,683.0616591685175,677.2388379885472,683.0217380676526,87164100
2025-11-03,681.3267822265625,683.7794956694769,677.9367749059246,683.6498738048132,57315000
2025-11-04,673.2506103515625,677.9567360174515,672.5925816080086,674.1180423048241,78427000
2025-11-05,675.583740234375,678.8540450990596,672.1837526501265,672.9913638051393,74402400
2025-11-06,668.3351440429688,675.384321857154,666.7498016918889,674.4769688014325,85035300
2025-11-07,668.9931640625,669.1028862313885,659.2619700189845,665.9421818455136,100592400
2025-11-10,679.432373046875,680.1701831536659,673.0412846911101,675.2447347362015,75842900
2025-11-11,680.9877319335938,681.5560598909952,676.7302928180768,677.9467300747958,58953400
2025-11-12,681.3666381835938,682.9420002443612,678.9438047256676,682.7724572806613,62312500
2025-11-13,670.0599975585938,678.8540191634994,668.5445172010542,678.4950944095032,103457800
2025-11-14,669.9503784179688,673.669369761962,661.3159189526839,663.4196879466924,96846700
2025-11-17,663.7088012695312,671.7251529532939,660.2191128892804,667.7269573864955,90456100
2025-11-18,658.1353149414062,663.1604443809363,653.9277160969795,660.1493223141129,114467500
2025-11-19,660.6777954101562,665.3739409367662,656.8092216159307,658.8332701356088,94703000
2025-11-20,650.6075439453125,673.5696612658603,649.969414909385,670.9274443593279,165293500
2025-11-21,657.08837890625,662.5920743656175,648.9324254696204,653.1200634979649,123956200
2025-11-24,666.759765625,668.0858642133718,659.6408477705503,660.7375826041805,80437900
2025-11-25,673.03125,674.2177464111714,662.5222643995295,666.6600618545837,81077100
2025-11-26,677.6775512695312,679.6916195137131,674.7262499751725,675.6336030547216,71879600
2025-11-28,681.3765869140625,681.6557303234264,678.4950869285864,678.8540116786253,49212000
2025-12-01,678.2658081054688,680.9777652313311,676.7402865806703,676.8100876493213,61201200
2025-12-02,679.5220947265625,681.8053259843603,677.3285642303521,679.91089945233,62953800
2025-12-03,681.8751220703125,682.8920755410956,677.6874840363832,678.5648962284573,57238500
2025-12-04,682.3736572265625,683.3507504660292,679.3326553413237,683.2809493981625,61970300
2025-12-05,683.6697998046875,686.3618571461667,682.5630847287977,683.4504163312143,79241000
2025-12-08,681.6159057617188,684.6170474876437,679.5619773329797,684.5672069678625,55231500
2025-12-09,681.027587890625,683.3707007727439,680.5789623765876,681.1373100558188,58310100
2025-12-10,685.5443115234375,686.9401503769751,679.3027447895911,680.5490620813229,85671300
2025-12-11,687.1395263671875,687.2193077079016,680.1601500103427,683.1214313379483,86173700
2025-12-12,679.7514038085938,686.8504219479569,677.1690077077839,686.1424918468441,113160300
2025-12-15,678.7244262695312,683.7396361862291,677.2488060921288,683.7196756361553,90811000
2025-12-16,676.8699340820312,679.0734449717613,672.9913800472318,677.2288588584025,122030600
2025-12-17,669.4219360351562,678.4352803496147,669.2225131069573,677.8869129385677,110625200
2025-12-18,674.4769287109375,678.7343677454887,672.9116078583543,675.603604329658,108650100
2025-12-19,680.5900268554688,681.0900268554688,676.469970703125,676.5900268554688,103599500
2025-12-22,684.8300170898438,685.3599853515625,680.5900268554688,683.9400024414062,69556700
2025-12-23,687.9600219726562,688.2000122070312,683.8699951171875,683.9199829101562,64840000
2025-12-24,690.3800048828125,690.8300170898438,687.7999877929688,687.9500122070312,39445600
2025-12-26,690.3099975585938,691.6599731445312,689.27001953125,690.6400146484375,41613300
2025-12-29,687.8499755859375,689.2000122070312,686.0700073242188,687.5399780273438,62559500
2025-12-30,687.010009765625,688.5599975585938,686.5800170898438,687.4500122070312,47160700
2025-12-31,681.9199829101562,687.3599853515625,681.7100219726562,687.1400146484375,74144800
2026-01-02,683.1699829101562,686.8699951171875,679.8200073242188,685.7100219726562,89377200
2026-01-05,687.719970703125,689.4299926757812,686.3800048828125,686.5399780273438,71927200
2026-01-06,691.8099975585938,692.3200073242188,687.780029296875,687.9299926757812,69273800
2026-01-07,689.5800170898438,693.9600219726562,689.3200073242188,692.1900024414062,75588300
2026-01-08,689.510009765625,690.6199951171875,687.489990234375,688.8200073242188,64019200
2026-01-09,694.0700073242188,695.3099975585938,689.1799926757812,690.6300048828125,80125500
2026-01-12,695.1599731445312,696.0900268554688,690.6300048828125,690.6799926757812,63976000
2026-01-13,693.77001953125,696.0900268554688,691.3499755859375,695.489990234375,78309700
2026-01-14,690.3599853515625,691.719970703125,686.0399780273438,691.0,94676700
2026-01-15,692.239990234375,695.4500122070312,691.25,694.5700073242188,77862000
2026-01-16,691.6599731445312,694.25,690.0999755859375,693.6599731445312,79289200
2026-01-20,677.5800170898438,684.77001953125,676.5700073242188,681.489990234375,111623300
2026-01-21,685.4000244140625,688.739990234375,678.1300048828125,679.6500244140625,127844500
2026-01-22,688.97998046875,691.1300048828125,686.9199829101562,689.8499755859375,77112200
2026-01-23,689.22998046875,690.9600219726562,687.1599731445312,688.1500244140625,63059600
2026-01-26,692.72998046875,694.1300048828125,689.9199829101562,690.489990234375,60473800
2026-01-27,695.489990234375,696.530029296875,693.5700073242188,694.1799926757812,55506100
2026-01-28,695.4199829101562,697.8400268554688,693.9400024414062,697.0499877929688,61172200
2026-01-29,694.0399780273438,697.0599975585938,684.8300170898438,696.3900146484375,97486200
2026-01-30,691.969970703125,694.2100219726562,687.1199951171875,691.7899780273438,101835100
2026-02-02,695.4099731445312,696.9299926757812,689.4199829101562,689.5800170898438,79286500
2026-02-03,689.530029296875,696.9600219726562,684.030029296875,696.2100219726562,107904600
2026-02-04,686.1900024414062,691.4500122070312,681.760009765625,690.3499755859375,105204600
2026-02-05,677.6199951171875,683.6900024414062,675.7899780273438,680.9400024414062,113610800
2026-02-06,690.6199951171875,692.3099975585938,680.8499755859375,681.4600219726562,89127600
2026-02-09,693.9500122070312,695.8699951171875,688.3400268554688,689.4199829101562,73885200
2026-02-10,692.1199951171875,696.5399780273438,691.6599731445312,694.9500122070312,65185700
2026-02-11,691.9600219726562,697.1400146484375,689.1799926757812,696.3900146484375,76353900
2026-02-12,681.27001953125,695.3499755859375,680.3699951171875,694.239990234375,118829000
2026-02-13,681.75,686.280029296875,677.52001953125,681.6900024414062,96267500
2026-02-17,682.8499755859375,684.9400024414062,675.780029296875,680.1400146484375,81354700
2026-02-18,686.2899780273438,689.1500244140625,682.8300170898438,684.02001953125,73570300
2026-02-19,684.47998046875,686.1799926757812,681.5499877929688,683.8400268554688,58649400
2026-02-20,689.4299926757812,690.0599975585938,681.72998046875,682.3200073242188,100034000
2026-02-23,682.3900146484375,690.0,680.3699951171875,687.8300170898438,90558100
2026-02-24,687.3499755859375,688.3499755859375,680.0,681.9000244140625,73798700
2026-02-25,693.1500244140625,693.6799926757812,690.0999755859375,690.1799926757812,56369500
2026-02-26,689.2999877929688,693.2999877929688,684.3499755859375,693.280029296875,71671000
2026-02-27,685.989990234375,686.8599853515625,681.6400146484375,683.0900268554688,83308900
2026-03-02,686.3800048828125,688.6199951171875,678.02001953125,678.7000122070312,87477200
2026-03-03,680.3300170898438,682.6099853515625,669.6599731445312,675.0599975585938,105003100
2026-03-04,685.1300048828125,687.0900268554688,679.6199951171875,681.6300048828125,79182200
2026-03-05,681.3099975585938,685.530029296875,675.6099853515625,682.0800170898438,106606500
2026-03-06,672.3800048828125,676.1099853515625,669.760009765625,673.4099731445312,100687000
2026-03-09,678.27001953125,679.9199829101562,662.3900146484375,666.3900146484375,102334700
2026-03-10,675.4161987304688,678.7849731445312,674.7608032226562,677.719970703125,12363234
