Date,Close,High,Low,Open,Volume
2020-11-02,134.87521362304688,135.39403038229378,134.66258401643555,134.9772716812983,10810500
2020-11-03,134.0926971435547,134.36485620813244,133.56536705576738,134.2542976715277,16228700
2020-11-04,137.00155639648438,137.92861868267747,136.54226902200762,137.47784480121163,21570800
2020-11-05,137.23965454101562,137.56285569770762,136.5762512030867,137.47779866345772,18537500
2020-11-06,135.5811767578125,136.0149365833464,135.18143196691713,135.75977840096235,12408400
2020-11-09,132.73196411132812,132.8085076899384,131.51572843600718,132.6554205327178,23245000
2020-11-10,131.9665069580078,132.51933901548742,131.6433056443435,131.7964057847747,12561000
2020-11-11,132.44277954101562,132.62989470248445,131.80489048452262,131.84741901719937,5888200
2020-11-12,134.6966094970703,134.72212401361335,133.28475866278666,133.4803742822441,15999700
2020-11-13,134.51806640625,134.8072397048038,134.3054366906273,134.68816758317058,7344600
2020-11-16,134.19483947753906,134.6200988276334,134.05025285585324,134.15231094695255,6310400
2020-11-17,135.0708770751953,135.36856382105705,134.88376191686265,135.03686203635567,7444600
2020-11-18,135.46205139160156,135.7172094736302,134.67957612382511,135.606637943246,10333300
2020-11-19,136.15948486328125,136.69531559766423,135.94685526746332,136.05742681021044,10637200
2020-11-20,137.3672637939453,137.39277831545684,136.41468704982242,136.5337591428378,7246800
2020-11-23,136.7378692626953,136.92498437966174,136.3211105062004,136.78039778525732,11300000
2020-11-24,135.37710571289062,136.10005204358103,135.24101956016705,136.0745375121816,10891700
2020-11-25,134.96031188964844,136.00645931846586,134.90928284002544,135.4451138168399,9145800
2020-11-27,136.27003479003906,136.31256329803264,135.72570363020552,135.75121813942596,4708200
2020-11-30,136.1000213623047,136.53378127620175,135.87887816950914,136.10852187822493,13071600
2020-12-01,134.0932159423828,135.14893863676116,133.39507359825075,134.9871733135544,13662800
2020-12-02,133.0290069580078,133.60794296055437,132.37343637420685,133.56538407121897,12114300
2020-12-03,134.1017608642578,134.36570135153733,133.3099783757649,133.61647775640108,9626500
2020-12-04,132.13511657714844,132.63743124480445,131.76902679970712,132.5523004317607,12734500
2020-12-07,133.3269805908203,133.56536750242805,132.96938723229638,133.1141342060911,9316100
2020-12-08,133.95701599121094,134.57853687366546,133.83782251902082,134.15284404568442,7397200
2020-12-09,133.51434326171875,133.9400362123181,132.82470976920877,133.28446543088208,7750100
2020-12-10,134.69773864746094,134.76583807195453,133.522822212665,133.87189347099059,10025100
2020-12-11,135.1745147705078,135.70236976119034,134.79139379368613,135.0723396498709,8135900
2020-12-14,134.7999725341797,135.1064720720213,133.76128037766767,134.08481127625654,7535900
2020-12-15,134.34866333007812,134.85097776501033,133.9314796687483,134.33163197891182,6847500
2020-12-16,133.99107360839844,134.42527559966294,133.14819716417645,133.30996251124958,9954200
2020-12-17,133.6365509033203,135.0513287067235,133.32120071530005,134.77007675751676,9422700
2020-12-18,133.23599243164062,134.13088270873786,133.10814353224455,133.90928315165218,6505000
2020-12-21,133.76441955566406,134.0968059398485,133.3382824987778,133.9774880841072,8988200
2020-12-22,134.4547119140625,134.51437732314884,133.8751719640793,134.28425975257724,7370800
2020-12-23,133.5257568359375,133.5428059560723,132.49451264947814,133.4831405379347,9266600
2020-12-24,134.05419921875,134.1735170830231,133.6792095058001,133.7218128107983,3117100
2020-12-28,134.1138458251953,134.19054736903036,133.0399851974948,133.27862089253935,7791100
2020-12-29,133.94334411621094,134.0541308592524,133.26152252319292,133.2870896950229,9030900
2020-12-30,134.23309326171875,134.25866042958603,133.53422266091147,133.65355345050966,9097300
2020-12-31,134.42919921875,134.72750037573826,134.19056349502802,134.19909455959268,7742100
2021-01-04,134.26719665527344,134.81265131803394,133.41492293191857,133.52572267744748,13152900
2021-01-05,133.2700958251953,133.76441635993422,132.664988501489,133.76441635993422,10458100
2021-01-06,130.53428649902344,131.1223576286785,129.79279928983408,131.09679044953427,22827300
2021-01-07,129.38372802734375,129.69054722112858,128.91497467507935,129.36667890416942,14651900
2021-01-08,128.96609497070312,129.51154975573854,128.4035910660725,129.10244891346107,13622500
2021-01-11,128.75302124023438,128.872339063198,128.25870082948012,128.6933558264189,8370700
2021-01-12,128.65074157714844,128.82972481677353,127.78141856478062,128.51437463311672,12186300
2021-01-13,130.09962463378906,130.45759116817655,129.17918013146848,129.25588167255026,12533300
2021-01-14,128.8809356689453,130.091163755075,128.51445091491064,130.04002937187838,14835500
2021-01-15,129.39224243164062,129.8524646607276,129.09394133551478,129.70757964407673,11624700
2021-01-19,129.80984497070312,129.85246126970378,129.1280232006987,129.22177385663267,9575600
2021-01-20,129.93768310546875,129.9547192199231,129.3666481545603,129.53711333644387,5368900
2021-01-21,129.02578735351562,129.3326065779401,128.7786335638243,129.0684036633719,8162700
2021-01-22,129.443359375,129.55414613478757,129.05130767323737,129.41779219930538,9507200
2021-01-25,130.96896362304688,130.98601274690617,130.09112231202397,130.19339104583753,8712600
2021-01-26,130.72183227539062,130.90933365599827,130.329780387391,130.48319651910333,7690300
2021-01-27,131.05418395996094,131.67634037349254,130.8496335068258,131.30986877521238,7895200
2021-01-28,130.3297119140625,130.7899470627253,129.68198848796902,130.73879970924435,10667800
2021-01-29,129.54563903808594,129.96325795087614,128.94904988029157,129.05131859172252,14965900
2021-02-01,129.69580078125,130.00297556704794,129.26064192626234,129.4056948779249,8165500
2021-02-02,128.85958862304688,128.91931017319246,128.43295776297032,128.62067638298325,9177500
2021-02-03,127.7162857055664,128.49275746792694,127.63096729350114,128.35623238492428,9633100
2021-02-04,127.37492370605469,127.55411441730422,126.9653616771528,127.27253645376474,8262600
2021-02-05,126.308349609375,127.6223801389802,126.29982167805015,127.22134603109028,10258900
2021-02-08,126.86297607421875,127.35786955041462,126.31688896595841,126.53874539789595,11574800
2021-02-09,126.95683288574219,127.70770752709669,126.84591769171911,127.32374227449256,5218300
2021-02-10,127.80154418945312,127.80154418945312,127.25545718889238,127.37491331339812,8079800
2021-02-11,127.10191345214844,127.8101094559066,126.92272270317385,127.71625011496656,11962700
2021-02-12,125.52332305908203,126.35098790911844,125.455060564057,126.02674431268449,14088400
2021-02-16,123.61204528808594,124.2861294692434,123.4328675830392,123.91069215615465,17789100
2021-02-17,124.39707946777344,124.90051401650149,123.70593922972341,124.53360453250467,11199100
2021-02-18,123.89358520507812,124.23489766653324,123.14272382935512,123.39016397163834,10755300
2021-02-19,122.24687194824219,123.14279981022085,121.88850340740015,122.92094331845162,12741700
2021-02-22,121.31678771972656,122.64788740713512,120.92429448169514,122.042065644419,13203900
2021-02-23,120.96699523925781,121.58987304864397,120.4294358447231,120.75367967250581,12658500
2021-02-24,120.17340087890625,120.46350679535817,118.73992716014862,118.90204900161974,17363100
2021-02-25,118.21094512939453,119.3884511881939,116.56415525388392,119.04715149972235,52621700
2021-02-26,122.11883544921875,122.27242935706752,119.18361251448466,120.11367785373844,45423300
2021-03-01,120.50594329833984,120.80494951125863,119.67728234467141,120.16423308535472,22048000
2021-03-02,120.51448059082031,120.56573581330021,119.84812359235904,119.94209584537471,12482200
2021-03-03,119.20740509033203,119.72852156849052,118.54106113929754,119.07072884465347,19763700
2021-03-04,118.43858337402344,119.54916127729771,117.85767332224327,119.28433386925612,22366600
2021-03-05,118.66920471191406,119.03654246673142,117.88326094856409,118.03702660349047,20598000
2021-03-08,117.74658203125,118.66066392076004,117.74658203125,118.60087050594346,15236600
2021-03-09,119.37828063964844,119.44662528444523,118.72047483946142,118.97676399859736,14463400
2021-03-10,119.61747741699219,119.72852605605529,118.98529924483074,119.42953290730657,12387600
2021-03-11,118.75463104248047,119.07072662853436,118.28478283002939,118.8913203210223,14150700
2021-03-12,116.2344970703125,116.57622030874417,115.88423563919828,116.52495204642291,20402700
2021-03-15,116.91795349121094,117.1144362447961,116.53352617840126,116.60187083952029,11366500
2021-03-16,116.44805908203125,117.14003065600828,115.96965962522773,117.0546096303834,15567900
2021-03-17,115.57671356201172,115.78174754466605,114.60282495637328,115.45711366431617,27107500
2021-03-18,114.4063720703125,114.87623358942506,113.78274480062561,113.8852553010085,21615100
2021-03-19,115.11541748046875,115.18376214971597,114.30384571570386,114.54304554036271,18685000
2021-03-22,116.40534973144531,116.53350083144882,115.6450334655614,115.9184120505755,17047500
2021-03-23,117.45614624023438,117.4988502426097,116.31138959047888,116.68727866633205,16768400
2021-03-24,118.08828735351562,118.13100438257615,116.99479919368315,117.08877144345345,13863000
2021-03-25,117.15716552734375,118.45568815344504,117.11444848025512,118.22502652749652,20782000
2021-03-26,116.7470703125,117.24255921003392,116.37118128434267,116.54203637839379,8433300
2021-03-29,115.75614929199219,116.90944455445458,115.30337720475335,116.89235512604525,13968100
2021-03-30,116.36266326904297,116.61893943685327,115.33750645616027,115.58525746559073,15020800
2021-03-31,115.7134017944336,116.68729039090367,115.3118850626475,116.47371821592856,19271300
2021-04-01,117.6338882446289,117.7279890374574,116.59879257675335,116.81265682834196,14885900
2021-04-05,117.1206283569336,117.17195369163831,116.29083397057069,116.81266329546655,8243000
2021-04-06,117.91616821289062,118.03593164888942,117.20613746617079,117.33446382467805,9282400
2021-04-07,117.09500885009766,118.13866788457581,117.09500885009766,117.58261276275908,11052700
2021-04-08,118.06161499023438,118.11295337457129,117.50557316567695,117.5312358312265,7847900
2021-04-09,117.6338882446289,118.21560579663367,117.27459786834861,117.62533837373104,8717800
2021-04-12,117.58255767822266,117.65099580207283,117.2831555712702,117.59112060197732,7659000
2021-04-13,118.46371459960938,118.48937727247625,117.3687303798177,117.4542813248683,13232800
2021-04-14,118.08726501464844,118.25836683764626,117.68521227966555,118.07871514479312,7293200
2021-04-15,120.06341552734375,120.60234465251425,119.30205919038977,119.32772186048169,23896700
2021-04-16,119.13094329833984,119.53300915344789,118.84864090731257,118.99408009170365,15238400
2021-04-19,118.7887191772461,119.17367208578997,118.52352968587661,118.68606854916332,13886800
2021-04-20,119.33625030517578,119.55866442378326,118.42090505878625,118.43801785352152,11476500
2021-04-21,119.57577514648438,119.68698873047988,118.9684080029033,119.37046077293212,11902200
2021-04-22,120.09762573242188,120.09762573242188,119.07962966112042,119.76399797447971,14156400
2021-04-23,119.8153305053711,120.1660710818408,119.32772670060645,120.08908306844228,12302200
2021-04-26,119.64422607421875,120.2002679472236,119.63567620270322,119.89230288055842,9103500
2021-04-27,118.6005630493164,119.610009140335,118.5064622531472,119.41324462355672,14137300
2021-04-28,118.67755889892578,118.8144351666316,118.01886633541531,118.60912076507287,15263700
2021-04-29,118.32678985595703,118.36100238424872,117.30879418391878,117.58253356995657,17178200
2021-04-30,118.6005630493164,118.67755104984435,118.03595827230119,118.48934945750594,15692000
2021-05-03,118.67163848876953,119.63971325069639,118.46602309574612,118.8258402292555,16447700
2021-05-04,119.47697448730469,120.07666983722616,119.21995845951601,119.50267478284574,18639700
2021-05-05,119.67405700683594,119.81113401339273,119.01438535111633,119.10862415907627,11127900
2021-05-06,119.87104797363281,120.10236369347847,119.25421476896277,119.29705295002715,21907600
2021-05-07,119.27989959716797,120.45360285873635,119.00575880418083,120.0252472483886,18346900
2021-05-10,118.07198333740234,119.29707448828476,117.96060666100217,119.04005842787353,15146200
2021-05-11,117.4037094116211,117.78066447074316,117.17240677546816,117.56648664827625,15158600
2021-05-12,116.1700668334961,117.19811786153858,115.96445139893638,117.08674120043814,20859400
2021-05-13,116.34994506835938,116.82970124501853,116.1957433283084,116.45274622839337,13073900
2021-05-14,117.43799591064453,117.43799591064453,116.70122361116577,116.96680204370264,17566700
2021-05-17,117.18952178955078,117.51507623563764,117.00105734812635,117.22379755881033,6113800
2021-05-18,116.88973236083984,117.0011090515877,116.57275325318086,116.85545657643362,11423100
2021-05-19,116.60700988769531,117.6264987263493,116.18721652107871,116.97538958038226,14296000
2021-05-20,117.5665283203125,117.78928170095533,117.08677191951487,117.16387282556131,13310500
2021-05-21,117.94346618652344,117.9691664847634,117.42087166834476,117.9349037779033,10171600
2021-05-24,118.38040161132812,118.72309409185667,118.13196100127874,118.21763738950624,6868700
2021-05-25,119.47697448730469,119.51123719056669,118.75732699502073,118.76590247511987,12346900
2021-05-26,119.27136993408203,119.86250293022329,118.98009117645222,119.58834898959802,9793700
2021-05-27,118.79158782958984,118.81728812189843,118.21759284740392,118.65451088902637,10695200
2021-05-28,118.6031723022461,119.3399449024397,118.51749590151388,118.72311141984117,10258000
2021-06-01,118.5765609741211,118.61944774275567,117.75292817538961,118.24196301333626,11778500
2021-06-02,118.85106658935547,119.07412747665147,118.67090555109222,118.86822914720776,7347900
2021-06-03,118.40493774414062,118.83391007388838,118.26767654793076,118.83391007388838,10994000
2021-06-04,120.02643585205078,120.02643585205078,118.84248128943013,118.84248128943013,15773700
2021-06-07,119.65753173828125,119.86344315051531,119.52884528763208,119.76048089880058,7799800
2021-06-08,120.49832916259766,120.67850330772953,120.29243081524358,120.67850330772953,11230900
2021-06-09,121.56217956542969,121.95682677339973,121.18468182479994,121.62222888351363,12768300
2021-06-10,122.29141998291016,122.30858254079004,120.69564247117442,120.82434201847973,19698300
2021-06-11,122.0940933227539,122.17130519448203,121.69085831546842,122.0940933227539,8646700
2021-06-14,121.15895080566406,121.91394632601386,120.97877665969072,121.91394632601386,9401300
2021-06-15,121.01311492919922,121.04742696058152,120.52408011641117,120.79862873226381,18207300
2021-06-16,120.91014099121094,121.54502478573848,120.29243284751584,121.31337604985451,19676300
2021-06-17,122.720458984375,124.34197466855066,121.51934110394973,121.70809006961699,35225800
2021-06-18,125.0282974243164,125.29425822918141,123.64700571316645,123.78428002896753,26616900
2021-06-21,122.93489837646484,123.9644425570366,122.70326271791446,123.87864284492294,16485000
2021-06-22,123.23517608642578,123.26948811427175,121.93109647792683,121.97399633113218,14530200
2021-06-23,122.9177474975586,123.11507112371973,122.43730053410647,122.78047319623,12040900
2021-06-24,123.11507415771484,123.45824682829539,122.9692251181582,123.0464370053591,8788400
2021-06-25,121.83670043945312,123.0292428364565,121.28761645287304,122.90913112349196,15562200
2021-06-28,123.08937072753906,123.37249414970292,122.42874940915675,122.44591197476718,11460700
2021-06-29,123.29521942138672,123.30379415422212,122.72038504153547,122.7718727121334,11217900
2021-06-30,123.84432220458984,124.34191860842022,123.60409873681066,123.75852249844137,15708900
2021-07-01,123.85114288330078,123.97141120979826,123.3013429467031,123.6879187741404,10810000
2021-07-02,124.59860229492188,124.59860229492188,123.7996792880912,123.90276274490219,9650200
2021-07-06,126.05892944335938,126.2736952276111,125.1826813732987,125.1826813732987,20037200
2021-07-07,127.17574310302734,127.62245975235295,126.4713179139634,126.77199535468148,20964400
2021-07-08,127.67398834228516,128.37842656723828,127.28741246412936,127.89735319813185,17487800
2021-07-09,125.87859344482422,126.2737684847421,125.84423666704782,126.17067193487134,14483600
2021-07-12,125.71533966064453,126.47990559181403,125.56930045000179,126.35963723550425,10610400
2021-07-13,124.75325775146484,126.67756556240263,124.2549991278754,126.12776520331677,23340200
2021-07-14,126.17060089111328,126.21355667034946,125.25999604766534,125.43180605634663,16038600
2021-07-15,127.5622787475586,127.65677620867366,126.30804090987323,127.09837735362565,18462400
2021-07-16,127.3218002319336,127.4334695672848,126.55723428252284,126.57440611364271,12787900
2021-07-19,130.11380004882812,130.53473289284807,129.3921765437166,129.67566915139034,40203900
2021-07-20,128.85952758789062,131.18759548728355,128.65334762477318,131.0329572378782,25674800
2021-07-21,127.22732543945312,127.57094563894348,125.9988576651479,127.2960389927349,19988900
2021-07-22,128.43003845214844,128.6963461335549,127.19298447943277,127.23594029120521,18136900
2021-07-23,127.5708999633789,127.70835323726935,127.0468708264041,127.08982661302807,12639300
2021-07-26,127.19295501708984,128.05201862045612,127.03832986045366,128.0004769015774,10737700
2021-07-27,128.55032348632812,128.59327930365632,127.99193718588695,128.2840157704785,13036500
2021-07-28,128.55882263183594,128.57600756882275,127.37332414507141,127.71694423521002,14346700
2021-07-29,127.84578704833984,128.18940707248868,127.59665138880781,127.81141718096676,11532000
2021-07-30,128.447265625,128.6190758202983,128.05209037836403,128.11223115627115,14342100
2021-08-02,129.5928192138672,130.07447888900484,128.3112501234716,128.5434835826422,21232700
2021-08-03,129.66162109375,130.0744703418481,129.35198087661618,129.66162109375,13361900
2021-08-04,129.9282684326172,130.5819607034729,128.77572370401924,130.30671908958786,18267900
2021-08-05,129.26597595214844,129.80784966077474,129.016549730669,129.67022885791056,15345400
2021-08-06,127.10714721679688,127.95005195519907,127.02974041030258,127.57161430425587,21144300
2021-08-09,126.65131378173828,127.7780568163513,126.63410789115474,127.42540824275893,12942400
2021-08-10,126.06639099121094,126.92650141415952,126.0577814874656,126.85769100541441,13716900
2021-08-11,125.98895263671875,126.63403535950431,125.32667715744618,125.92875174053106,17227600
2021-08-12,125.78254699707031,125.95456644863359,125.0858465632383,125.6535225652157,14709400
2021-08-13,127.76945495605469,127.7780513388534,126.27285752142083,126.2900634112668,18653800
2021-08-16,128.0790252685547,129.03374820673903,127.9930089906406,128.3198550976245,19170900
2021-08-17,128.02743530273438,128.56069953853515,127.87260860974013,128.05323756419293,14126900
2021-08-18,128.45753479003906,128.56074387146398,127.68342730661011,127.90706448202725,13144000
2021-08-19,129.4036407470703,129.41225025282753,128.85317047271795,129.28322578468843,15474300
2021-08-20,129.4895782470703,129.7132021484605,129.11112770299567,129.52397687642318,12388400
2021-08-23,129.4036407470703,129.44664890311668,128.94778316632133,129.18861309108507,10615000
2021-08-24,128.39730834960938,129.07680306806208,128.39730834960938,128.81015775970647,13835900
2021-08-25,127.3307113647461,128.47465953378773,126.93506801259059,128.33705187282607,16743800
2021-08-26,127.68344116210938,127.78666337898277,126.8749349385533,127.27059166736221,16657400
2021-08-27,128.55209350585938,128.57789576538033,127.58016464976417,127.78659585017361,15384700
2021-08-30,128.88754272460938,128.930537743225,128.09622964389843,128.14784728987374,10596300
2021-08-31,128.01019287109375,129.09392691565608,127.72635495184763,128.7326822341353,15262400
2021-09-01,128.22467041015625,128.6552724349255,127.8801940467132,128.5519321540788,10807100
2021-09-02,128.78445434570312,128.7930747968334,128.10410889392347,128.52610363042706,9765900
2021-09-03,127.61318969726562,127.89738856586031,127.40650916805411,127.6907080366488,12928000
2021-09-07,126.53671264648438,127.04483305476543,126.30419699996085,126.82091157761154,15547800
2021-09-08,127.39791870117188,127.62184018175495,126.93287426007126,127.16540305108754,14533700
2021-09-09,128.9394989013672,129.08590204416203,127.32905118969018,127.60462971114701,20324600
2021-09-10,127.80269622802734,128.4658271321718,127.59601563312843,128.2332983219775,14894600
2021-09-13,128.57777404785156,128.74140492849665,128.27634735814414,128.35385257289232,15036100
2021-09-14,130.13658142089844,130.53274117823773,128.81893990206038,128.9481152898152,19918400
2021-09-15,129.68006896972656,130.25707393520597,129.12027861867193,130.22263156542937,11940300
2021-09-16,129.08587646484375,129.56814863752774,128.75000740594376,128.89641051972774,13328900
2021-09-17,128.4657745361328,128.62940536738995,128.06100768226335,128.47438184375193,13782900
2021-09-20,130.05908203125,130.3604956631974,129.37872324934975,129.6715427096403,14660400
2021-09-21,129.94708251953125,130.00737311250643,129.35284960446208,129.79207209347737,10035800
2021-09-22,130.7222137451172,130.7222137451172,129.55959565720653,129.86100932106336,22277800
2021-09-23,127.76827239990234,129.56818626021393,127.75104463418089,129.54235118209922,23853300
2021-09-24,126.51948547363281,127.32901935332838,126.37308236744346,127.32039890295047,20203900
2021-09-27,126.0544204711914,126.48502245478193,125.63243893746768,125.78744934391403,13464300
2021-09-28,124.09091186523438,124.93490145522803,123.70337259767133,124.29760560703691,26613500
2021-09-29,124.30614471435547,125.24485363740939,123.74636753956123,124.70230421687957,23569400
2021-09-30,124.28901672363281,124.45263450993556,123.71199825149779,124.09955071745557,22567600
2021-10-01,125.3349380493164,125.37804239518412,124.34328809967904,124.9037893297214,26151800
2021-10-04,125.01591491699219,125.42982728003842,124.25710189997778,124.74860473936972,28027600
2021-10-05,123.80870056152344,124.77446973777263,123.7052290519591,124.68824786567508,22659200
2021-10-06,124.50715637207031,124.79171617369008,124.19672869372312,124.36918559111204,18696500
2021-10-07,123.20504760742188,123.60169701381285,122.95497401165903,123.47235767642735,14856000
2021-10-08,122.34278869628906,122.74806962420399,122.04097927078058,122.67045283978187,17257800
2021-10-11,122.03236389160156,122.36002804277403,121.97199674203809,122.10134928069513,7213400
2021-10-12,124.11907196044922,124.17942592778547,122.8601121486694,122.98946463458233,17968700
2021-10-13,125.32636260986328,125.49020130167857,124.67102100022274,124.69688888233877,23584600
2021-10-14,125.79193115234375,125.86091651351217,124.98998784167152,125.35215111959656,12946400
2021-10-15,125.05903625488281,125.15388952961082,124.5761516408562,125.03316837610417,11811500
2021-10-18,125.64534759521484,125.89540802728926,124.61921168484285,125.03311071203385,12115900
2021-10-19,123.91215515136719,124.8003205741676,123.86903764239683,124.73996658770223,12156300
2021-10-20,123.07574462890625,123.89492479635535,122.88603808600833,123.52414310826663,12782500
2021-10-21,122.92913055419922,123.43788292575594,122.64457079783297,123.30854356268755,13660000
2021-10-22,124.28295135498047,124.51576222236262,123.4896391798323,123.69658217306088,13740000
2021-10-25,124.09325408935547,124.42954963603593,123.85181180751398,123.88629792308382,8137900
2021-10-26,125.11939239501953,125.11939239501953,123.94666708236414,124.70548005576391,13671000
2021-10-27,127.39585876464844,127.7752586759172,125.8350889753433,126.2403699209615,22092300
2021-10-28,126.96469116210938,127.90459229797655,126.61976426067928,127.4389442704499,17497600
2021-10-29,127.35273742675781,127.62004758336906,126.17139389943044,126.30073327920444,19087300
2021-11-01,126.43575286865234,126.71203282651963,125.79683488111289,125.8831797785361,18035500
2021-11-02,126.99700927734375,127.41144915226158,126.48760841894294,126.48760841894294,9836700
2021-11-03,125.68466186523438,127.76543786530576,125.650118620148,127.62730440812398,20639400
2021-11-04,127.00572204589844,127.23020055506606,125.92647564229425,125.94373409918782,15922400
2021-11-05,128.90512084960938,129.14687085460096,127.89494836281155,128.23167252507747,21513000
2021-11-08,128.66331481933594,128.88779310497046,128.22297429353935,128.61151315144963,12083800
2021-11-09,130.33837890625,131.03772816439647,130.0620856231167,130.20023226468336,23430200
2021-11-10,127.95540618896484,130.31247582057486,126.94523348970341,130.2261440431415,28170600
2021-11-11,127.76541137695312,128.35252785220925,127.68770885319994,128.22301047156876,5552500
2021-11-12,127.20419311523438,128.22299454290803,126.71205084383087,127.78266712195504,12712000
2021-11-15,125.6069564819336,126.88479316747117,125.38247806796082,126.82434907079255,15232700
2021-11-16,125.28751373291016,126.38403138887833,125.06303530131565,125.78828547205791,12998700
2021-11-17,126.2803955078125,126.3062963546376,124.7262920007547,124.82126616390939,14239900
2021-11-18,126.75525665283203,126.83295918737903,126.01273502692439,126.04727826964772,11054600
2021-11-19,128.0935516357422,128.30077161353267,127.42010317591043,127.42010317591043,14022100
2021-11-22,126.59122467041016,127.47189302615985,126.16816870320395,127.26467306763385,15266000
2021-11-23,124.76077270507812,126.15084135700275,124.76077270507812,125.99542316316166,15318500
2021-11-24,126.76386260986328,126.76386260986328,125.01115584114777,125.14067320254738,13769700
2021-11-26,129.967041015625,130.09654518791334,128.36112340734095,128.49926997403634,20064800
2021-11-29,128.92237854003906,129.19865858400905,127.92946460775703,128.05033959719123,23234200
2021-11-30,130.88232421875,131.29676418879345,129.7253756114236,130.22614736110003,31481100
2021-12-01,131.6896514892578,131.7501690181385,129.4853123711335,130.09043489836333,30826500
2021-12-02,131.85389709472656,132.2515479070162,130.3238245642994,132.1996700868439,17754200
2021-12-03,133.42724609375,134.09286002024237,130.83390807980265,131.11916365378553,34427100
2021-12-06,131.59457397460938,133.42720795002975,131.335237609273,133.1678715846934,30924200
2021-12-07,130.53135681152344,131.85395824583864,130.41033488911552,131.1537590383071,22115900
2021-12-08,128.27511596679688,130.08180458271315,128.2491836471729,130.0731648729707,33633900
2021-12-09,128.9925994873047,129.52855164640675,128.3529048658247,129.09632875928682,17544900
2021-12-10,128.6814422607422,129.87438205597977,128.63821731924514,129.5977529827188,14298700
2021-12-13,130.58316040039062,130.7992718172297,129.93482614987335,130.00398338610916,17860500
2021-12-14,130.27195739746094,130.4707762045367,129.07037846622202,129.98668874884243,14015500
2021-12-15,129.0185546875,130.3497956121587,128.91482539712084,129.3297557490355,25383900
2021-12-16,129.06874084472656,129.70915641138706,128.71391546839055,128.73122756620882,18677900
2021-12-17,130.5312957763672,130.66110348987885,129.95146598058037,130.1072352367944,18093500
2021-12-20,129.55332946777344,130.69568983691568,129.46679541891103,130.46202281499896,17147300
2021-12-21,129.06015014648438,129.1207227085286,127.75335687421592,128.20337918550976,16598200
2021-12-22,129.65719604492188,129.69180702534575,128.9648575891252,129.5792982297672,12253900
2021-12-23,128.53216552734375,129.46682059148108,128.10810502811879,129.45815794123067,11642500
2021-12-27,128.84371948242188,128.95621509032088,128.35908644921443,128.4802447075163,7821800
2021-12-28,128.33309936523438,129.62257965160816,128.09078287192713,129.46681042244998,9174600
2021-12-29,126.93115234375,127.48502062657224,126.70614789316211,127.1388579017814,11771200
2021-12-30,127.9956283569336,128.05621410286162,126.74077184466225,127.43311057030732,10355000
2021-12-31,128.24659729003906,128.97354695125634,127.5888696110943,127.91773345056667,13402300
2022-01-03,124.88009643554688,127.16480448403411,124.86278433976578,126.70613298528454,33860400
2022-01-04,124.36083221435547,124.73296962380303,123.53003653719769,124.28294759560804,21996400
2022-01-05,123.6857681274414,124.75889318949847,123.50403740567891,124.74158109995983,20911700
2022-01-06,124.00605010986328,124.13587105827125,123.14062994153207,123.40025863308419,18996400
2022-01-07,123.11463928222656,123.96276035444134,122.50884794868792,123.8675636302238,18756800
2022-01-10,123.41754150390625,123.59062285552743,122.33576654969814,122.58673252875973,13775800
2022-01-11,124.2396469116211,124.30023262762889,123.49538546002663,123.65116786886358,24388700
2022-01-12,123.76368713378906,124.62910697776978,123.75503768924244,124.53391026672155,14440600
2022-01-13,124.86279296875,124.98395123707077,123.78101799972127,124.09256971901198,15166000
2022-01-14,122.9762191772461,124.15319121071629,122.70792781524256,124.11856700678986,22997500
2022-01-18,121.24532318115234,122.29247377805513,121.17608801028345,121.98958476141966,21171700
2022-01-19,122.08477020263672,122.63863831320882,121.42704274271789,121.61743614371993,17930500
2022-01-20,122.83769226074219,122.88096589310992,122.10208012626651,122.34439662121551,13959000
2022-01-21,124.30029296875,124.70704147145133,123.4694838639044,124.10123683831303,28916600
2022-01-24,123.279052734375,124.94065723132219,123.26174064021946,124.88008470966584,25001600
2022-01-25,123.08000946044922,124.3694897629431,122.71653471594446,123.85023258207423,15599000
2022-01-26,121.59146881103516,123.38289394271742,121.58281936785919,123.1146027411813,23655500
2022-01-27,123.8243179321289,124.0752839679184,123.17525281289056,123.24448801024096,21501800
2022-01-28,123.86751556396484,124.15310562579549,122.7597794967005,122.96747175602785,12826500
2022-01-31,123.2271728515625,123.71180601572487,122.85504853096043,123.04542881236993,13998400
2022-02-01,122.81809997558594,123.3727394643321,122.24612428366532,123.30340787528277,20806100
2022-02-02,123.2341079711914,124.4213935564098,123.00011545094371,123.01745165857551,18404600
2022-02-03,122.27214813232422,122.61013143645874,121.4835160147932,121.7088470333171,17234100
2022-02-04,120.46953582763672,121.44882630382396,120.27021578135323,121.19751087360982,23609800
2022-02-07,120.5475082397461,120.7294920323454,120.07086198162645,120.38284742115528,12962400
2022-02-08,119.74162292480469,120.09694249169114,119.43831198674461,119.77629534402227,16269200
2022-02-09,119.96690368652344,120.78153337892975,119.75892213009583,120.2182323654059,14349100
2022-02-10,118.06029510498047,119.44690010149402,117.72231195533152,119.29957546945681,30896200
2022-02-11,119.81090545654297,120.03622319453747,117.30635975207544,118.61495873289583,43210300
2022-02-14,118.32032012939453,119.36894228586958,117.835012204419,118.840300462525,23157400
2022-02-15,116.97703552246094,117.7223335305413,116.94237634183641,117.51435199949877,18198500
2022-02-16,117.67033386230469,117.92166250135813,116.56971648058014,117.81765851597692,16473700
2022-02-17,118.54560852050781,119.2215880755767,117.77431292574848,118.2509592424303,24508200
2022-02-18,119.79358673095703,119.91491371890825,118.86630472811204,119.178290300508,17522600
2022-02-22,120.1056137084961,120.17494532889097,119.1349974702767,119.325656120449,19534000
2022-02-23,118.45026397705078,119.46422656702967,118.35494794965611,119.31688872335162,17757800
2022-02-24,118.5282974243164,120.78151434701486,118.07764875031782,120.54753513290262,28150400
2022-02-25,118.61494445800781,118.99626152537604,118.01697116814822,118.60628296962086,15025400
2022-02-28,121.21488189697266,121.36220661771883,119.87162320085957,119.96693929341306,25817700
2022-03-01,122.61628723144531,123.51009206826504,121.48818005413901,121.80057876106751,35664400
2022-03-02,118.42497253417969,121.85267295127845,118.37290827709,121.34936306413819,30397400
2022-03-03,119.63113403320312,120.36005985679729,118.90220820960896,119.31006240067794,20649100
2022-03-04,121.69644165039062,122.19975137818088,120.88940619751942,121.80057013160246,25853100
2022-03-07,120.76792907714844,122.04355604776667,120.42082528209575,120.7245377924766,23710900
2022-03-08,119.55307006835938,119.9695973316779,119.10182447575257,119.32744065147449,28331300
2022-03-09,118.38153839111328,119.17988760690697,118.12989015920976,118.94559853480484,18819200
2022-03-10,116.6807632446289,117.29687465872374,116.03860645869818,117.0018350170117,26868900
2022-03-11,117.07124328613281,117.53983481869304,116.46380491386459,116.56793342306388,15583800
2022-03-14,114.33772277832031,115.31831013727364,114.30301769746505,115.15343121060076,24385000
2022-03-15,114.13814544677734,115.54393302394351,113.84310589819005,115.2922847598334,17518800
2022-03-16,115.25759887695312,115.52660634789848,113.0881667033122,114.39849896937257,25857700
2022-03-17,114.39852905273438,115.7088616633727,113.73902626533695,115.25762918623234,19330600
2022-03-18,115.79564666748047,115.88241603434274,115.04068829406083,115.04068829406083,55891700
2022-03-21,113.11416625976562,114.25961923221898,112.59349739154905,113.92118844022602,26122000
2022-03-22,111.66500854492188,112.2377418272031,111.36996894174551,111.90799713472033,21830900
2022-03-23,114.11214447021484,114.19892706285574,111.82122438083962,112.26378382451323,21266100
2022-03-24,113.21832275390625,113.83443405122719,112.46336462521401,112.50674267400025,17141600
2022-03-25,111.64764404296875,112.39392912992886,110.77119172073314,112.37656996758248,25684500
2022-03-28,112.60222625732422,113.29644734590354,111.97742860171942,112.28115446583723,17657800
2022-03-29,113.45262145996094,114.15551531446238,112.58484865368021,113.29641546942607,19319700
2022-03-30,114.33772277832031,114.55466594685618,112.80177467872178,112.87119808159248,16310200
2022-03-31,114.61544036865234,115.12742317563112,114.25097735820154,114.52865778661803,19901000
2022-04-01,115.05175018310547,115.55583103603578,112.73124896696804,112.99196901033996,23489700
2022-04-04,114.25218200683594,114.70410560639047,113.60035535136014,114.66064784373597,13609900
2022-04-05,111.67090606689453,113.66114355009833,111.49707508060193,113.6437577991806,25196900
2022-04-06,110.76704406738281,111.50578605074979,109.85449097201715,109.88056297035304,22952000
2022-04-07,109.9327163696289,110.08915500374643,108.99409119564622,109.60245997792411,23458800
2022-04-08,108.74205017089844,109.35911182667056,107.99462188233562,109.02884880617113,26859200
2022-04-11,107.0212173461914,107.93377707798707,106.51713660613814,107.69911583005246,30020700
2022-04-12,106.87345886230469,107.90769221763672,106.61272564694869,107.81209048072094,23124200
2022-04-13,107.09076690673828,108.02939881067057,106.80396160874956,106.94302113409795,17189500
2022-04-14,104.9440689086914,106.8387115774064,104.62249877425074,106.77787470123894,34274500
2022-04-18,104.42261505126953,105.23088024171165,104.02282889470025,105.04836960267279,18784300
2022-04-19,103.64041137695312,104.04889036950107,103.1363306359058,103.55350250487784,26012300
2022-04-20,105.72623443603516,106.00434674454382,104.22268541674987,104.48341860691696,31423200
2022-04-21,104.9440689086914,105.0831284146297,103.57088612580063,105.01359866166055,23323200
2022-04-22,104.28356170654297,105.54376376120445,104.12712305943751,104.35309146763939,19773400
2022-04-25,105.32646942138672,106.19557138771691,105.27431879451609,105.49159428609865,25418900
2022-04-26,106.38676452636719,106.92560344938359,105.82184697709287,106.41283652190396,26931300
2022-04-27,105.02229309082031,106.30856709808408,104.9614562099126,106.19558621374767,14560500
2022-04-28,105.17872619628906,105.22218395067428,104.30093790806455,104.63119429693614,16892500
2022-04-29,103.8142318725586,105.13527063371414,103.51874037352665,103.69255812228403,26153400
2022-05-02,102.01471710205078,102.96364753183907,101.79707177683237,102.60671265232517,29233900
2022-05-03,102.70250701904297,103.86908311358955,102.63285890061955,103.6340290164232,21256700
2022-05-04,103.26838684082031,103.57308905783553,102.16274454220918,102.70250749950054,25575700
2022-05-05,100.4389877319336,101.39662603146694,99.26369742040538,101.29215386275055,48384500
2022-05-06,98.95899963378906,100.15169870549839,98.645589755705,99.36817401028824,32790500
2022-05-09,99.8295669555664,99.86439100840224,98.04487908128995,98.25381675629605,26773000
2022-05-10,100.73500061035156,101.82322765865544,100.5347705529897,100.89170557098775,33640800
2022-05-11,102.67640686035156,102.67640686035156,99.62937093893238,99.89054146127587,34173600
2022-05-12,102.48485565185547,103.50343441683944,102.43262288709006,102.74602611769225,26405700
2022-05-13,100.97005462646484,101.98863348154305,100.90040650594402,101.84063620694407,20782700
2022-05-16,100.86557006835938,101.80579965398283,100.85686239386021,101.1702722557347,11050600
2022-05-17,99.646728515625,100.42154529239187,99.55967171951785,99.86437382689677,15040800
2022-05-18,101.7709732055664,101.8580300224829,99.7773408807348,99.87310537194575,21337300
2022-05-19,102.01471710205078,103.35541310243714,101.72742367868051,103.28576500428527,21937500
2022-05-20,103.17261505126953,103.61660683241523,101.91026789563348,101.93638427781738,22780900
2022-05-23,101.47496795654297,102.94625267840452,101.45755925066699,102.47613791564386,15925200
2022-05-24,103.4773178100586,104.15637031857534,102.60673630847103,102.6415603655757,23388200
2022-05-25,103.88646697998047,104.13893635124343,103.24223204282332,104.13022867857696,14410800
2022-05-26,103.41637420654297,103.67754466382273,102.55450040610356,103.6166042262565,14912900
2022-05-27,103.66885375976562,104.24343413552522,103.37285257551781,103.91261553384608,11190400
2022-05-31,101.47496795654297,102.05826255452935,100.92650405432676,102.01473082682574,28393700
2022-06-01,101.35900115966797,102.335782997471,100.89677308944655,102.06542468934012,15544800
2022-06-02,101.41133117675781,101.78634754941065,100.69618444912072,101.71657551407348,9832000
2022-06-03,101.19329071044922,101.21945355821518,100.18162289181242,100.3734859933718,15330400
2022-06-06,99.32694244384766,100.73979625393603,99.25717040669639,100.42582874058306,20815400
2022-06-07,100.39965057373047,100.9752531578486,99.92869937554654,99.9548622220301,14278700
2022-06-08,99.51004791259766,100.40834089461725,99.49260823743342,100.01588499208488,11476100
2022-06-09,99.84147644042969,100.04206267679531,99.14376956147971,99.28330694497414,15527300
2022-06-10,99.22224426269531,99.954837048868,98.52454413481537,99.73680451131334,21917100
2022-06-13,96.10875701904297,97.39078963293323,95.27151272409603,97.23380591176654,36968300
2022-06-14,94.89651489257812,96.78904308097596,94.7046451233908,96.39658037477622,21865900
2022-06-15,96.66691589355469,96.79773676476654,95.08836223472252,96.01281819132136,25202800
2022-06-16,97.43439483642578,97.43439483642578,94.29472719495206,94.58252512716626,26067300
2022-06-17,97.74836730957031,98.40246504587017,96.7715789613184,97.68731845366871,21614300
2022-06-21,96.09132385253906,96.8239101650788,95.76863322220991,96.01282865972316,17663800
2022-06-22,98.73388671875,98.82109843234213,98.0100168536636,98.2803818157746,23703800
2022-06-23,99.54497528076172,100.44326863604994,98.97808912190354,99.33566582269158,20669200
2022-06-24,98.1669692993164,99.57109939807542,98.11464361861051,98.9518877790303,18161300
2022-06-27,97.3297348022461,97.87045795391788,96.94600201592894,96.99832770182996,12053000
2022-06-28,97.78326416015625,97.83558985563627,96.69310114547578,97.05939432148995,13706600
2022-06-29,99.30947875976562,99.33564160391724,97.82685327085578,98.00999983374311,12925400
2022-06-30,100.18161010742188,100.96652205554437,100.07695207588667,100.17288694133741,25802100
2022-07-01,101.21013641357422,102.75686065954505,100.68582344885534,101.28004658673701,21858800
2022-07-05,102.00533294677734,102.89666417429764,101.51596848168779,102.14514660323152,16689700
2022-07-06,100.2926025390625,102.71319106964701,100.2926025390625,102.5821111371276,20205400
2022-07-07,99.41000366210938,100.64213893060108,99.19153934733407,100.58096918914407,13088000
2022-07-08,98.30892181396484,99.18277889675565,97.91568879350916,99.18277889675565,15320000
2022-07-11,100.00421142578125,100.31006008584772,99.35755235363986,99.43620296165739,13639900
2022-07-12,100.59844970703125,101.56843179451467,100.46736978523586,100.93925350349821,18547300
2022-07-13,101.75196075439453,101.93547001370146,99.13912225201688,99.41875636148502,20594800
2022-07-14,100.92176818847656,101.50725759115844,100.0304367600528,100.56349019612045,15665000
2022-07-15,101.48977661132812,102.0839997853475,101.01789291428321,101.22761677952491,16022600
2022-07-18,100.43241882324219,100.77322263371792,99.77702585432701,100.71205288996592,15838300
2022-07-19,99.89059448242188,100.62463785090937,99.32259274927085,100.41491403148437,9276800
2022-07-20,100.15277099609375,100.97419887104854,99.66341311331274,100.91302913570091,9117300
2022-07-21,101.88301086425781,101.99661657061367,100.50232151294603,100.65961608043744,14754900
2022-07-22,103.59577941894531,104.22495103723448,103.08894061501637,103.36857466770101,17715300
2022-07-25,102.58209228515625,102.71317219358652,101.77814529171887,101.98786914500664,24868100
2022-07-26,102.66077423095703,104.19875851382304,102.59086403618954,103.86669508918216,13536000
2022-07-27,102.08399963378906,103.54333958339014,101.98787480673737,103.12389185352947,15725600
2022-07-28,102.89669036865234,103.91910174293562,102.52093148746255,103.15885020836677,16637900
2022-07-29,102.61705017089844,104.25989928929906,102.52966578522842,102.85298867890761,16655900
2022-08-01,105.08843994140625,105.14096451475532,103.37256819446449,103.52139227169796,17974600
2022-08-02,102.86480712890625,105.65747934912747,102.68096444531878,105.18473815742404,17896300
2022-08-03,104.484375,104.60693678395319,101.84053364443173,102.57590434815086,16731200
2022-08-04,104.44935607910156,104.6594677187747,103.77526626938668,104.16046426300449,11003000
2022-08-05,101.96308135986328,102.52336563180494,101.45532165119259,102.48834702991917,19492300
2022-08-08,103.60891723632812,103.76649760778498,102.91731486599608,102.98735207089146,17476300
2022-08-09,103.20622253417969,103.61768280075326,102.82978087317792,103.06615479100856,8223200
2022-08-10,102.53214263916016,104.09919032436382,102.19071955078181,103.06616473721178,14665300
2022-08-11,100.14215850830078,102.4795951835176,99.8795223222495,102.31326516619308,20663800
2022-08-12,101.15767669677734,101.17518265870646,100.17717585085786,100.76372242265886,12178400
2022-08-15,101.07012939453125,102.20821064292966,101.07012939453125,101.84052532112061,9031800
2022-08-16,101.49032592773438,101.56911276152009,100.01082193269013,100.89502313793383,11066000
2022-08-17,100.43107604980469,100.76374282674549,100.07214030597753,100.72872421668063,14131300
2022-08-18,100.57988739013672,101.23647121765303,100.31725118748376,100.64992460139298,10738200
2022-08-19,98.9603271484375,99.22295670345926,98.69769091429886,99.12666387533311,16330900
2022-08-22,98.62765502929688,98.89028457008718,98.16366348357927,98.80274138982375,10457200
2022-08-23,98.08485412597656,99.34549700577153,97.82221796631427,98.2161722058077,17813200
2022-08-24,97.36701965332031,97.93606038925189,97.05185883585412,97.60338692686143,13971600
2022-08-25,98.72395324707031,99.00409544669186,97.16566184423067,97.45456036609201,21429700
2022-08-26,99.46807861328125,99.79198903849944,98.05861141202564,98.31249130259329,18764400
2022-08-29,98.64514923095703,98.93404770258212,98.16365177824856,98.87276681579337,14278300
2022-08-30,98.89026641845703,99.37176384020029,98.23368266832456,98.59261832437232,14346600
2022-08-31,97.9448013305664,99.2229504526796,97.6821717920896,98.65391644642163,13623500
2022-09-01,96.15164184570312,96.72188559374685,95.57262995664578,96.38851551781913,22490400
2022-09-02,96.69551849365234,96.99379577376638,96.03754681821185,96.2217780841471,13024400
2022-09-06,94.30050659179688,95.59890708570403,94.23909616464661,95.53749665855376,24648500
2022-09-07,95.79192352294922,96.04634008949053,94.93217075693941,95.02867382332526,17050100
2022-09-08,94.80935668945312,96.0814329201621,94.7918137185044,95.48487150936906,14671400
2022-09-09,95.01988983154297,95.44976951972329,94.42332852104839,95.03743949277687,12529800
2022-09-12,94.2391128540039,95.52873874578142,93.80046495575228,95.30063996458456,14806900
2022-09-13,94.45840454101562,94.5198149580668,93.20387171277017,93.48460600403745,22158900
2022-09-14,94.78303527832031,94.93217395203239,93.97592478068793,94.16892422672007,13077800
2022-09-15,94.72162628173828,94.91463242393856,94.37948146355983,94.6163483787466,10260200
2022-09-16,93.93205261230469,94.79180536420623,93.66886121861937,93.8969599802643,18903800
2022-09-19,94.15138244628906,94.59003033444606,93.69519158762944,93.83555543135716,11084400
2022-09-20,93.21267700195312,93.73027830149321,92.46697692458463,92.72139350500177,20133800
2022-09-21,94.77425384521484,94.78302867636187,92.96702683656193,93.60744895235823,23132900
2022-09-22,92.3529052734375,92.95824138193665,91.87917153739866,92.80910273565648,29030600
2022-09-23,92.73015594482422,93.37058477247919,91.73003934850239,92.41432894669782,23042200
2022-09-26,90.95805358886719,92.47577868132198,90.55449821412627,92.4319112020781,25104600
2022-09-27,88.56298065185547,90.3438961915385,88.51911989150587,90.10702265136261,34609500
2022-09-28,91.52827453613281,91.63354575089535,89.90527860726299,90.47551553585589,39283100
2022-09-29,91.05455017089844,91.44056254225347,90.18602902858674,90.27375728755732,19127100
2022-09-30,89.87893676757812,91.99322249923891,89.68593734667539,91.47561458466735,26485700
2022-10-03,91.30709075927734,92.05457112577204,90.70910512423856,91.32467561212475,27192200
2022-10-04,91.05205535888672,92.0281789452153,90.84100360512262,91.58848387783178,13788700
2022-10-05,90.18147277832031,90.43649004658975,89.32846316275135,90.33976329161368,20522100
2022-10-06,89.68019104003906,90.43646023288642,89.28446153265608,90.21661274296686,13965700
2022-10-07,88.8095703125,89.36359015724571,88.35229058766066,88.65127988674573,14814800
2022-10-10,87.42892456054688,88.38746284642102,86.88370722674266,88.37866707062093,15652600
2022-10-11,87.81588745117188,88.7304538720497,87.05081572266101,87.7103582340352,33246700
2022-10-12,88.2468032836914,88.41388956495848,87.22671416296015,87.3058560587932,21447600
2022-10-13,87.40260314941406,88.27319768545576,86.47924063203769,86.49683219555448,30292500
2022-10-14,86.68148803710938,88.10610251547696,86.4000834535174,88.10610251547696,18728200
2022-10-17,86.25935363769531,87.64000224662225,86.12745051766896,87.31462556239447,18969900
2022-10-18,86.4616470336914,86.58476112899538,85.18653388552238,86.13627023369376,16931500
2022-10-19,84.88752746582031,85.67018413824066,84.70285634516975,85.46792816719137,25431600
2022-10-20,83.4365234375,84.71164300356966,83.31340937032272,84.35988565054308,25434900
2022-10-21,81.93276977539062,82.60110809545438,81.13252831451018,81.80085992536027,46280300
2022-10-24,81.25565338134766,82.26695342281644,80.77198610218858,81.624995644043,31332600
2022-10-25,83.62122344970703,83.74434426866593,83.04962510127795,83.17273921102105,31213100
2022-10-26,84.82596588134766,85.02822855077562,84.21918458227759,84.21918458227759,24843900
2022-10-27,85.71412658691406,86.0922644768151,84.61488931501707,85.28322745490976,20270000
2022-10-28,85.12496185302734,85.8548505154975,84.7820002608797,85.17772311052272,22244100
2022-10-31,84.51819610595703,84.96668700482965,83.56845304100858,84.7380436649239,23956700
2022-11-01,85.30804443359375,85.88105632751898,84.81437595918607,85.84579333281435,17585100
2022-11-02,84.93782043457031,86.06620972563594,84.59401453262784,85.43149579370956,25010500
2022-11-03,84.4793930053711,84.96424408070443,83.82703765017291,83.89756364409632,29097500
2022-11-04,83.06008911132812,84.3295300957701,83.06008911132812,83.83585486530437,23561400
2022-11-07,82.23143768310547,83.62429600010626,82.19617468100964,83.57140485982747,14522800
2022-11-08,83.13064575195312,83.71246860049746,82.66341591545984,82.68986821716172,20360600
2022-11-09,83.40388488769531,83.76531879210667,82.59285623443887,82.70745591618332,15637500
2022-11-10,86.61276245117188,86.77144259034061,85.19345863019862,85.27280206264781,45380900
2022-11-11,86.29540252685547,86.71855180828459,85.9868596787976,86.01330524781261,15943100
2022-11-14,86.08381652832031,86.38354189354236,85.59014133011854,86.31302263013797,13741100
2022-11-15,87.47669219970703,87.53840077121826,86.48934832979738,86.61276547281985,26608200
2022-11-16,89.38967895507812,89.43375266994032,87.9262944167422,88.17312874230947,28507700
2022-11-17,88.4463882446289,88.65795949798725,87.96153044971511,88.33178182452444,24528900
2022-11-18,87.8381118774414,88.94005527888034,87.75877518088761,88.68440360265905,14941300
2022-11-21,88.2083511352539,88.87833451454495,87.9791517817481,88.76373483779204,15534000
2022-11-22,89.46015167236328,89.58356876161915,88.62267088015346,88.72845983911289,18103100
2022-11-23,91.02051544189453,91.02051544189453,89.98909814016595,90.0419892656716,23234600
2022-11-25,90.71199035644531,90.73843592435523,90.2976585239116,90.45633865710047,9486100
2022-11-28,90.96761322021484,91.51417271904575,90.52683595949199,91.3378645050475,14563200
2022-11-29,89.90096282958984,90.76488278031081,89.8392542616812,90.05082553369233,16576400
2022-11-30,90.5621109008789,90.5621109008789,89.36319605540783,89.58358471485872,21581700
2022-12-01,93.45520782470703,93.49938646022962,91.10468598246368,91.1488713597283,53156800
2022-12-02,94.63045501708984,94.63929344023859,92.43899799810754,93.04872110228204,24479500
2022-12-05,93.30497741699219,93.65844019408578,92.695261036791,93.52589080995797,20159700
2022-12-06,94.5067367553711,94.89554644296581,93.83516496628698,94.1090953870518,21754500
2022-12-07,96.73355865478516,96.91912509790899,95.61131483079684,95.76154106339006,30546700
2022-12-08,96.46845245361328,96.71587435872195,95.8498976908416,96.05313422357746,13377300
2022-12-09,93.95891571044922,95.5848355622526,93.90589189493816,95.38159895164911,25872200
2022-12-12,94.25932312011719,95.53178639702934,93.89702866817179,95.31087300821773,16897100
2022-12-13,95.16947937011719,96.38892551632833,94.95740441754441,96.353578567276,23854700
2022-12-14,95.57598114013672,95.71736221712911,94.45373723959271,95.1341543192043,19517500
2022-12-15,95.94890594482422,96.65754163338535,95.80718286194247,96.01091106071951,20246200
2022-12-16,94.87708282470703,95.51485348161373,94.16844725968858,94.42532748305652,20838300
2022-12-19,93.28263092041016,93.75209898292636,92.99032508019577,93.7432459403471,26126800
2022-12-20,91.626220703125,91.95395903903332,91.32504825715512,91.57306864910159,28869000
2022-12-21,91.85652160644531,92.47657934513927,91.20103817575634,92.37914179703093,15894100
2022-12-22,91.83882141113281,92.22857165725384,91.57308137822305,91.82996160788922,11322500
2022-12-23,90.49241638183594,91.06817515452411,90.36839941815688,90.86444699872504,15408900
2022-12-27,88.703125,89.52691103777555,88.5879745836841,89.0131505501198,26475700
2022-12-28,88.1805191040039,89.27003852565285,88.00335680426984,89.15488809936375,17302900
2022-12-29,89.18145751953125,89.4560506265941,88.39310389895364,88.45510901209849,16593000
2022-12-30,88.18937683105469,89.0663150556672,88.02108108493853,88.46397672070405,20810200
2023-01-03,89.8723373413086,90.65183084349913,89.32314459050868,90.52782066719718,25313200
2023-01-04,91.10362243652344,91.66167521074257,90.5367166162107,91.43136760934975,21678200
2023-01-05,91.4844970703125,91.4933568729218,90.15581051698754,90.23553522437267,14771100
2023-01-06,93.16751098632812,93.27380835444119,90.91760071330988,90.97074601834142,27473700
2023-01-09,93.66354370117188,93.83184616318735,92.36142977685073,92.48544674121172,21472200
2023-01-10,92.1134033203125,92.84861146524098,91.67936762670067,92.59173126672204,20545200
2023-01-11,93.61038970947266,93.64582215913613,92.74231158783915,92.9814789335555,18794000
2023-01-12,95.4528579711914,95.49714347467552,92.61832218424729,93.73442094602123,32029600
2023-01-13,94.55819702148438,95.48828035114504,94.23045189165023,94.86822254535474,17750800
2023-01-17,93.947021484375,94.47850166158882,93.58385057186682,93.60156342401673,13911700
2023-01-18,96.2234878540039,96.34749807134726,94.88594811579344,96.07290498409412,35497200
2023-01-19,95.62115478515625,95.99319221534694,95.16940615100742,95.75402481322075,17194700
2023-01-20,94.0710220336914,94.99224568577223,93.99130407015147,94.74422523291402,22754100
2023-01-23,93.62810516357422,94.07100065963286,93.44208986619547,93.51295476749661,12961500
2023-01-24,94.97452545166016,95.17825362579036,93.35352607186788,94.00015656630494,16417200
2023-01-25,95.20482635498047,95.5857167821132,94.46075834842026,95.10738879747795,11906500
2023-01-26,94.76193237304688,95.35541077259252,94.3278898796034,94.90365543115423,15549400
2023-01-27,94.52276611328125,94.74421388510265,93.99129281251982,94.06215772143459,11845500
2023-01-30,94.17729949951172,94.92136745883136,94.06214910161482,94.30130969972349,11459700
2023-01-31,94.93020629882812,95.02764383556494,93.77868221801276,94.76191062832203,13705300
2023-02-01,96.0713882446289,96.43549332806937,94.50838354815838,95.5119067272003,25305800
2023-02-02,96.19574737548828,97.1104584413067,95.991488283156,96.72858804946208,19548400
2023-02-03,94.7570571899414,95.12116910718382,94.20645817909684,94.81922181295404,20619500
2023-02-06,94.05548858642578,94.41071113448132,93.85122952340163,93.91339414685493,15182400
2023-02-07,93.30061340332031,94.33966024519434,93.24733138209834,93.54039604968933,18290300
2023-02-08,93.74467468261719,93.76243987831144,92.70563432392302,93.28288122612099,13530700
2023-02-09,92.85658264160156,94.68601116538638,92.7056123911026,94.55279933094332,20469900
2023-02-10,91.81755828857422,92.75003451429326,91.57778236576915,92.71451090064872,16598300
2023-02-13,92.59017944335938,92.73226711912919,91.98629157660586,92.10173823663361,13134300
2023-02-14,92.37702178955078,93.09636296735528,91.5955227693895,92.53687463179232,15440300
2023-02-15,91.51560974121094,92.3148672643647,91.02716856556282,91.95964470982344,15246900
2023-02-16,90.21902465820312,90.77851307346208,89.98813134519214,90.64530122337966,19267300
2023-02-17,90.92060089111328,90.92060089111328,89.66842575937152,89.78387241606266,19560900
2023-02-21,89.1533432006836,89.87267770384199,89.05565496254651,89.70394901787114,22728000
2023-02-22,89.9703598022461,90.30783070203047,89.65065409478494,89.6861777039957,15165400
2023-02-23,90.84957122802734,91.10710558695442,90.1124714409272,90.1746360750539,15829100
2023-02-24,89.66839599609375,90.40549545102805,89.30428417783685,90.08578982660917,21403600
2023-02-27,89.91707611083984,90.31670485004713,89.61513560129399,89.95259971939268,14209200
2023-02-28,90.3255844116211,90.33446700731979,89.05564424412071,89.31318531590026,14955700
2023-03-01,89.355224609375,89.94279153306466,88.99021546006821,89.75583811224833,19000000
2023-03-02,88.56287384033203,88.71421607878544,88.02871357640015,88.18896029715374,23763600
2023-03-03,90.70841217041016,90.71731665466979,89.53327155700178,89.8537650690342,30877300
2023-03-06,90.0051040649414,91.1090223483571,89.907175118044,91.00219570965533,16631900
2023-03-07,90.55704498291016,91.13571404220619,89.80922472987831,90.32557600076584,23096500
2023-03-08,90.64607238769531,91.66987048112703,90.28996781709344,91.16242367546154,20252400
2023-03-09,90.86863708496094,91.26925048264309,90.20984804285683,90.40570589670314,21550400
2023-03-10,94.00236511230469,94.0913963707778,92.5868577587166,92.61356441940599,43921500
2023-03-13,94.21600341796875,97.12714401675392,93.51269880047151,96.32591047833114,51502500
2023-03-14,92.6669692993164,94.02016551611456,92.36428478290124,93.60174309108001,38417800
2023-03-15,94.45639038085938,95.8897065764471,93.78869675405011,95.06176620751836,45164100
2023-03-16,93.71746826171875,96.174582547392,93.51271269998868,95.59591341740075,43089300
2023-03-17,95.12406921386719,95.90750062778032,94.77686912529377,94.94602032459406,38129000
2023-03-20,94.28722381591797,95.22199059876036,94.11807263001492,95.15076833184021,24242800
2023-03-21,93.47711944580078,93.85102629347239,93.06760145185594,93.54834173834728,18934900
2023-03-22,94.72348022460938,94.76798906233151,92.97857485002494,93.17443275397049,26388500
2023-03-23,94.72348022460938,94.85702032203876,93.3168705436654,93.79761081913226,25475100
2023-03-24,95.12406921386719,95.64042050174089,94.59882023602064,95.33772923942088,23652700
2023-03-27,92.8895492553711,94.15372122371821,92.88065156256293,93.5216386356106,22224500
2023-03-28,93.05867767333984,93.19221774614466,92.60464414265559,92.80050201048527,17794300
2023-03-29,92.8717269897461,92.98745810040722,92.23074005534197,92.31976450909133,16804400
2023-03-30,93.29904174804688,93.52160624955259,92.82719929946593,92.99635049409173,14315800
2023-03-31,94.69677734375,94.86592180125656,93.54834332742342,93.7887100786863,25396700
2023-04-03,95.14212036132812,95.58837796790972,94.3388553076111,94.4995083183545,18234800
2023-04-04,95.61514282226562,96.21313313069874,94.38347440200265,94.41024876623771,18052400
2023-04-05,96.61479949951172,96.72190380713678,95.86508977419415,96.18638907836407,23047700
2023-04-06,96.86465454101562,97.16811319027467,96.73970298230579,96.76647734355086,16447300
2023-04-10,95.30276489257812,96.17743271976944,95.1064104736566,96.07032845235314,19134400
2023-04-11,95.49913787841797,95.57946098758404,95.06180728447166,95.54376636752228,13971200
2023-04-12,95.40096282958984,95.65086603184038,94.49952044202762,95.54376855050532,20563000
2023-04-13,94.65125274658203,95.84722001114947,94.4995199665349,95.54376806975829,22079400
2023-04-14,93.78547668457031,94.20495981892391,93.5087924076047,94.06215415218695,19801900
2023-04-17,92.66985321044922,93.34815984771414,92.56274893697821,93.19643390064307,19528800
2023-04-18,93.00008392333984,93.34816431709812,92.64308328004473,92.65200352958156,15922600
2023-04-19,92.91083526611328,93.03578685515885,92.35748017444033,92.7412620006091,16093900
2023-04-20,93.70516967773438,93.96399990489039,93.49096793466931,93.56237078547454,16450100
2023-04-21,93.17859649658203,94.12466051340186,93.06256515231841,93.98186160961359,15244700
2023-04-24,94.0800552368164,94.15145129648202,93.5713149020775,93.6784192056045,17034300
2023-04-25,95.46340942382812,95.61513534886774,94.85649891432021,94.90112739079044,21899900
2023-04-26,94.44595336914062,95.71332325418358,94.31207473410646,95.31169415843131,19610400
2023-04-27,93.5088119506836,93.9550695384797,93.36601306345104,93.89259374856226,20247600
2023-04-28,95.01715850830078,95.2849157670551,94.48165080014209,94.79402972912216,26954100
2023-05-01,92.27738952636719,94.32640835818772,92.0179060767617,94.19219183921444,32487300
2023-05-02,94.57693481445312,94.57693481445312,92.95740760484247,93.05583258928088,30057800
2023-05-03,95.10487365722656,95.38224950058118,94.20115623571608,94.84539016683101,23656200
2023-05-04,94.16535186767578,95.24801997734664,94.0848260505312,94.14745951715561,25110500
2023-05-05,93.8521728515625,93.86112243897645,93.15425521704488,93.36899752923452,15096500
2023-05-08,92.53685760498047,92.93950709501752,92.44738221603932,92.62633299392161,20587000
2023-05-09,92.205810546875,92.73372019213303,92.16106943304086,92.60845326524009,19182500
2023-05-10,93.10057067871094,93.27057187914806,92.7337126892522,92.76055462476674,22886800
2023-05-11,94.08485412597656,94.41591390840883,93.70010362289044,94.21907068780436,19147200
2023-05-12,93.29743194580078,94.17430736005015,93.27953959415893,93.99535653748642,14198500
2023-05-15,92.33106231689453,92.58159612955332,92.26842886372984,92.51001308978383,20085300
2023-05-16,92.0537109375,92.07161011677485,91.3647427192264,91.62422620641786,29251700
2023-05-17,91.78528594970703,92.30425293122829,91.5794863444359,92.23266986621773,21340900
2023-05-18,91.10525512695312,91.49895513481943,91.0426216553868,91.44526442595085,25536600
2023-05-19,90.46102142333984,91.14104684930389,90.30891253872075,90.60418754524234,29038000
2023-05-22,90.13890075683594,91.00682656208765,90.07626728772169,90.59523421840319,20131100
2023-05-23,90.39838409423828,90.5952340901862,89.72730828616284,89.86152481308515,21749500
2023-05-24,89.95098114013672,90.69363984856251,89.95098114013672,90.6220568058513,18473400
2023-05-25,89.72728729248047,90.1925702334098,89.50359540879298,90.10308801870717,22492800
2023-05-26,90.45206451416016,90.52364756931848,89.47677098713757,89.58414556987506,17030300
2023-05-30,91.35575866699219,91.48102556851413,90.59520767159917,90.72942415938243,23125200
2023-05-31,92.1521224975586,92.32213054317933,91.14998705356867,91.25735480740431,23787000
2023-06-01,92.513671875,92.97121127770367,92.07406553089496,92.65721163525639,21040400
2023-06-02,91.49990844726562,92.46882766223001,91.45505525906248,92.40602772300159,19136500
2023-06-05,91.3294677734375,91.90364067991766,90.80014806124679,90.92574795674676,14433200
2023-06-06,91.86772155761719,91.93052148317778,90.96160247908993,91.36531530845393,14332100
2023-06-07,90.50407409667969,91.89465295141508,90.41436087743092,91.6613931056244,25251100
2023-06-08,91.56270599365234,91.63447930651773,90.4323071170817,90.49510705466896,23845100
2023-06-09,91.4371109008789,91.7511106052382,90.91676462240909,91.15002447908181,22147400
2023-06-12,91.70623779296875,91.77801109423034,90.71937885699741,91.72417769594477,19010300
2023-06-13,90.8001480102539,91.80495401837037,90.58483488161501,91.60758079850098,25910800
2023-06-14,91.52680969238281,91.7690428866077,91.02441024462618,91.17692338488386,29094200
2023-06-15,92.40602111816406,92.9712205308216,92.04716141478869,92.4329343980983,25732000
2023-06-16,92.04715728759766,92.25350383230722,91.53578445773742,91.90361751949123,16759100
2023-06-20,92.68414306640625,92.99814961503634,92.50471661977207,92.50471661977207,17162900
2023-06-21,92.90843200683594,92.98917870123526,91.81391285722104,92.23557254712321,19720100
2023-06-22,91.7870101928711,92.63032967023952,91.68832357978835,92.22661668557826,23630700
2023-06-23,92.70207977294922,93.25830580405223,92.38808010302341,93.15065268560879,22901900
2023-06-26,92.80075073242188,93.12372372271815,92.54955103878662,92.96223722757001,12894900
2023-06-27,92.55850982666016,93.25828229888711,92.19068369022091,92.93530933560118,18105700
2023-06-28,92.95328521728516,93.15962493675968,92.2535125257109,92.77385877907427,23826800
2023-06-29,91.27561950683594,91.8139056634947,91.0154463814369,91.66139250729935,41091600
2023-06-30,92.35220336914062,92.45985649914819,91.39225750671876,91.56271057745747,32024900
2023-07-03,91.82864379882812,92.89014287565838,91.81064845030423,92.51231605201643,16011800
2023-07-05,90.95604705810547,91.75666841976988,90.62320177053164,91.65771460084831,28170300
2023-07-06,89.66966247558594,90.2993624142963,89.48075249397283,90.1374385924544,41375700
2023-07-07,89.12991333007812,89.59768941881366,89.04894799241929,89.21986947831024,28996500
2023-07-10,89.2468490600586,89.53471283111786,88.92300145971522,88.93199913283966,24665200
2023-07-11,89.70563507080078,89.9305288583376,89.3188174817089,89.57069742563594,20485500
2023-07-12,90.70417022705078,90.96504786198395,89.75061583582956,90.04747730281015,31928000
2023-07-13,91.65772247314453,91.72969014094392,90.88408720233751,91.1359671764208,32441500
2023-07-14,91.11799621582031,91.70272161852522,91.07301469899076,91.50481392562055,18569000
2023-07-17,91.1629409790039,91.29787862203347,90.78512106909204,91.0639940282101,18822000
2023-07-18,91.57677459716797,91.81965692509397,91.36986924409257,91.57677459716797,15407400
2023-07-19,92.61125946044922,92.63825248019835,91.51378353646675,91.75666580849871,27192500
2023-07-20,91.48680114746094,92.03554260482268,91.10898118563584,91.95458412580926,56951200
2023-07-21,91.5137939453125,92.07152621238343,91.42383092901049,91.90061158048164,20657500
2023-07-24,91.18093872070312,91.89160392033062,91.12696640735875,91.74766860046054,17546700
2023-07-25,91.010009765625,91.3068711910528,90.6771713763998,90.70415753085447,17160600
2023-07-26,91.09998321533203,91.47781003914403,90.79413092243348,91.46881236487803,19310700
2023-07-27,89.32783508300781,90.79414043410819,88.97700124524015,90.59623275881047,44794400
2023-07-28,89.78658294677734,89.83156444426321,89.19286698659904,89.41776074760246,27434000
2023-07-31,90.00249481201172,90.25437475116574,89.61567723024987,89.64266338612872,28663800
2023-08-01,88.52763366699219,89.23123512026037,88.31114250032431,89.15906910399437,34943400
2023-08-02,87.58048248291016,87.71579205655487,86.96709192903158,87.53538387978244,38121300
2023-08-03,85.55989837646484,85.98386524338204,85.28026358429908,85.86660059424558,59394800
2023-08-04,87.07532501220703,87.2106345717575,85.81244725995292,85.83049220502902,42071800
2023-08-07,86.21839141845703,86.77766093788736,86.14622538945592,86.6964793168596,35862900
2023-08-08,87.21966552734375,87.83306295911923,86.99415186686939,87.37301316475492,24010500
2023-08-09,87.67070007324219,87.76090416843951,87.3549754168546,87.39105843135978,20151100
2023-08-10,86.22738647460938,87.82402679588013,86.22738647460938,87.53536963075345,37253200
2023-08-11,86.02896881103516,86.47999621133644,85.87561426451242,85.96582525027824,26753500
2023-08-14,85.8395004272461,86.53407929050643,85.60496435510292,85.88459901818932,19072000
2023-08-15,85.31632232666016,85.8755917518544,85.29827738138476,85.5147754319085,24125000
2023-08-16,84.64879608154297,85.50575203750172,84.54055393957813,85.04570228776092,23076700
2023-08-17,84.28799438476562,84.44134203389982,83.90912617578589,84.34211546513504,32244900
2023-08-18,84.5856704711914,84.96453869478316,84.16171052172776,84.27897516109452,24181700
2023-08-21,83.45809173583984,83.67458980320215,83.19650194817243,83.58438571619988,29254100
2023-08-22,84.09856414794922,84.14366275444208,83.40397816307234,83.56634828713551,21308700
2023-08-23,86.18229675292969,86.19131922586791,85.00060743684773,85.06375098315446,38294700
2023-08-24,85.61402130126953,86.19133580199625,85.59597635192274,85.81246756916232,22300800
2023-08-25,85.89364624023438,86.15524291875063,85.25318825440392,85.38849783048212,23865200
2023-08-28,85.98383331298828,86.29053541687414,85.59594960880091,86.28151294501967,16037300
2023-08-29,86.87686920166016,87.0572842361482,85.64105890553382,85.66811944017456,28478100
2023-08-30,86.78665924072266,86.95805179133221,86.48897961559958,86.74156064675606,17550100
2023-08-31,87.17457580566406,87.54442157914181,86.98514512246764,87.08437170158939,26959700
2023-09-01,85.8165283203125,86.69414707167094,85.6084372798968,86.67605489967698,32469700
2023-09-05,84.6131820678711,85.30985137964878,84.58604036272168,85.30080184367449,29435900
2023-09-06,84.82128143310547,85.14699570603048,84.55890010753957,85.12889663377156,23636300
2023-09-07,85.05650329589844,85.1107866957954,84.75793079092092,85.04745376165823,18091500
2023-09-08,85.3822250366211,85.86174685209225,85.20126884970658,85.39126766888727,17052100
2023-09-11,84.76700592041016,85.02938727042458,84.64034001388929,84.77604855460865,17061500
2023-09-12,85.25555419921875,85.26459683095906,84.66745870579896,84.9479321507399,20034300
2023-09-13,85.23746490478516,85.52698791743973,84.88460894882405,84.97508359600864,23332300
2023-09-14,84.6222152709961,85.23745244580577,84.50459893712517,84.99317024383627,27800600
2023-09-15,84.10650634765625,84.57698551152545,84.10650634765625,84.55888644219148,25642900
2023-09-18,84.58605194091797,84.62224318699555,83.97986410036084,84.00700580922543,17963400
2023-09-19,83.96176147460938,84.53175799811851,83.96176147460938,84.21509326283565,24941800
2023-09-20,84.22413635253906,84.68556605660788,84.17890247740984,84.40509256137662,29451200
2023-09-21,82.0617446899414,82.6679392501851,82.05270205823392,82.59555677989148,59958700
2023-09-22,82.72224426269531,82.88510141201623,82.0346244208099,82.16129032552905,29524500
2023-09-25,80.6865234375,81.46461784393576,80.6593817330758,81.12081141660705,45587900
2023-09-26,80.40605163574219,81.08462187162672,80.26128667208893,80.91271520298181,38104100
2023-09-27,79.98986053466797,81.0846196569948,79.70033061526925,81.01223717714512,47111200
2023-09-28,80.23413848876953,80.27937926195166,78.8046156505975,79.2750948417094,60238000
2023-09-29,80.24320220947266,80.96700638893199,79.73653169079965,80.7679579961791,49010100
2023-10-02,78.89989471435547,79.80752032619684,78.70021597180894,79.70768095492357,44704300
2023-10-03,77.20263671875,78.64576512447478,77.04834201787257,78.33716879808566,71362600
2023-10-04,78.29179382324219,78.33717095288323,77.4840075145064,77.84705225017255,56281600
2023-10-05,77.90154266357422,78.2282885835081,77.72909150454329,78.15567684027013,35758800
2023-10-06,76.95758819580078,77.77445275596494,76.29501835126904,76.42208540233513,62787900
2023-10-09,78.76374816894531,78.78190455867312,77.10279166517215,77.60198851318061,29424900
2023-10-10,78.65484619140625,79.11773031093672,77.62014652661551,77.91966466840667,54743900
2023-10-11,80.29767608642578,80.29767608642578,79.50803894642993,79.73494545422491,58517700
2023-10-12,78.11935424804688,80.04352348418355,77.99228718689625,79.91645642303293,66986700
2023-10-13,79.51709747314453,79.7167762585456,79.11773990234241,79.50801927618029,44183800
2023-10-16,78.23735809326172,78.39165977532132,77.96507444921626,78.22828681903931,38309800
2023-10-17,77.37508392333984,77.71997916526189,76.69436470993803,77.04833814693626,52949100
2023-10-18,76.69436645507812,76.89404520349433,76.10440840511224,76.58544888558725,63724600
2023-10-19,75.12417602539062,76.75790505270504,75.09694836237448,76.13164110479542,87696900
2023-10-20,75.55078887939453,75.82307945854161,75.12420353689471,75.32388237165098,52188800
2023-10-23,76.45840454101562,77.02113509677099,74.80652566565726,75.16049921576004,70890400
2023-10-24,77.46585083007812,77.46585083007812,76.32224052807672,76.6399150575353,46267700
2023-10-25,75.7413558959961,76.35854160009683,75.45091597198598,76.25870222703391,60737200
2023-10-26,76.90314483642578,76.98482784283846,75.69600073877433,75.76861247200961,49704100
2023-10-27,76.57636260986328,77.12093650134064,76.00455413787424,76.41298974995681,32362300
2023-10-30,76.23147583007812,76.69436684698708,75.55075659770841,76.06810293732403,45026900
2023-10-31,75.859375,76.93944512101919,75.83214733072064,76.5764002977796,37269200
2023-11-01,77.50416564941406,77.52238438589242,76.52056233194529,76.53878106842365,72308500
2023-11-02,79.27098846435547,79.51688575930957,78.52418026507395,78.94312077214306,69739400
2023-11-03,79.80834197998047,81.10160127382395,79.76280903589212,80.88301812791651,77692300
2023-11-06,79.03421020507812,79.41672027695071,78.87027632450247,79.298326287584,41341900
2023-11-07,80.199951171875,80.60067993969955,79.77190125140991,79.79011998544438,37834200
2023-11-08,81.56607818603516,81.62072744896996,80.55515367689536,80.58248178256892,53893400
2023-11-09,79.68994140625,81.08337584137917,78.99777539819479,81.00141237974167,88975100
2023-11-10,80.13619995117188,80.53692872125465,79.93583556613049,80.35478307035041,36516400
2023-11-13,79.95405578613281,80.0906685010554,79.14349581224643,79.43493302815601,25661500
2023-11-14,81.76641845703125,82.10339551003445,81.32015680725642,81.96678281565963,65666800
2023-11-15,80.61890411376953,81.18356683261844,80.42764906748495,81.06517283684576,56205300
2023-11-16,81.62071990966797,81.93036892790951,81.28374278827717,81.3292826784476,49473900
2023-11-17,82.00321960449219,82.35840846799478,81.63892137442494,82.1125111580356,44091400
2023-11-20,82.50413513183594,82.56789375829639,81.61161163915438,81.62072100699326,40477800
2023-11-21,82.46770477294922,82.6953903113081,81.86661161644442,82.42216488591296,27721000
2023-11-22,82.7591323852539,83.16896352740093,82.31286377897513,82.98681789720456,31197500
2023-11-24,81.78466033935547,82.20360095852591,81.77555097090918,82.05787885703415,20199600
2023-11-27,83.15076446533203,83.18718803821558,82.15805186817445,82.24002227819109,39804400
2023-11-28,83.31468200683594,83.3602149382214,82.68626779738953,82.79555933985284,44989300
2023-11-29,84.36203002929688,84.42578169216961,83.58790070915362,83.88844724058657,61647800
2023-11-30,83.3875503540039,84.052395191357,83.02325904695095,83.76095797666785,60520900
2023-12-01,84.95807647705078,85.02203001574166,83.25873162564953,83.42318457805652,64172200
2023-12-04,84.62002563476562,84.8118862197839,84.13579809686792,84.5012498175554,33766300
2023-12-05,86.43816375732422,86.44730196981587,85.48799180019304,85.54280713431534,73588600
2023-12-06,87.58931732177734,87.75377026217971,86.67569142407808,86.86755202614543,61606100
2023-12-07,87.08679962158203,87.7811570907572,86.84925499284117,86.95889258389329,47970200
2023-12-08,86.37419891357422,86.53865186484559,85.79861706933085,86.26456128925568,44809200
2023-12-11,86.19146728515625,86.28283545490486,85.45143250899896,85.88997602438906,33909700
2023-12-12,86.4472885131836,86.5203732904988,85.78947672445781,86.017883208298,36996900
2023-12-13,88.47552490234375,88.60343893547339,86.81272611660408,86.94977138963345,70828500
2023-12-14,90.77704620361328,90.77704620361328,89.29220106208419,89.51218278200217,87798600
2023-12-15,90.87787628173828,91.0611874026598,90.35543189495384,90.45625510932199,59941300
2023-12-18,90.1537857055664,90.28210488912634,89.84214840772724,90.28210488912634,34746000
2023-12-19,90.63956451416016,90.97869777360225,90.42875742837873,90.61206854582962,30018400
2023-12-20,91.253662109375,91.37282062624578,90.35542786688369,90.84120860925337,51229400
2023-12-21,90.67620849609375,91.51028299056995,90.51122572897427,91.41862745169676,65231200
2023-12-22,90.2637710571289,91.0886780459177,90.04378933343932,91.0886780459177,29244200
2023-12-26,90.52040100097656,90.62122420008545,90.26376267337938,90.31875460275877,24019700
2023-12-27,92.12442016601562,92.14274848268666,91.19868283451547,91.45532122514005,45082800
2023-12-28,91.45531463623047,92.17940546782361,91.25366820301831,91.73944897782697,36213000
2023-12-29,90.6303939819336,91.49197159090428,90.55707373300449,90.8595363679049,41616200
2024-01-02,90.10796356201172,90.41960089143807,89.82382919716821,90.03464330173942,47797400
2024-01-03,90.48372650146484,90.60287799841343,89.04471291518801,89.25551994770237,58159500
2024-01-04,89.10888671875,89.49384422531975,88.97139989701216,89.29219781915363,52604500
2024-01-05,88.2564697265625,89.53050065278576,88.18314249514268,88.44894846438727,45894800
2024-01-08,89.12720489501953,89.2555240492821,88.0731487054031,88.20147485253513,39485800
2024-01-09,88.55894470214844,89.06305371488831,88.53144174403963,88.57727301468421,34374000
2024-01-10,88.14649200439453,88.95307768437334,88.1006677225862,88.83391916735609,48227800
2024-01-11,88.64146423339844,88.75145512647838,87.72489443635013,88.14651570384764,78858900
2024-01-12,88.46726989746094,89.15469690461741,88.23812756174212,88.70557988461188,38883900
2024-01-16,86.90913391113281,87.79820759026563,86.6249995574241,87.6423924280945,61716700
2024-01-17,86.77165222167969,87.07412190236664,86.30420670738738,86.70749262209809,55506800
2024-01-18,85.96507263183594,86.68916353086142,85.70843423580095,86.57917264990135,77339100
2024-01-19,86.24004364013672,86.31337089776217,85.47929606910714,85.89174965572404,47030900
2024-01-22,86.75330352783203,87.14742868779598,86.51499350270097,86.90911866266492,35756400
2024-01-23,86.06587982177734,86.14836772247413,85.6350910260394,86.05671216852086,35786700
2024-01-24,85.561767578125,86.65248759926382,85.33262518665018,86.62499163114617,54574900
2024-01-25,86.12086486816406,86.35917488368042,85.7634033413245,86.15752848538735,57019400
2024-01-26,85.95588684082031,86.22169283573685,85.69008084590378,86.09337366479375,29276900
2024-01-29,86.94579315185547,87.22992749123614,86.26753360323494,86.44167707275642,38243600
2024-01-30,87.73404693603516,87.84403081724248,86.83580561323744,87.51407218074911,40151400
2024-01-31,88.5956039428711,88.82474629903261,87.99066476602717,88.19231115830847,80646700
2024-02-01,90.33349609375,90.72888933207001,89.36800587136585,89.57949119920595,84291200
2024-02-02,88.3381576538086,88.84389572449243,87.98874308748108,88.52205858021873,63823300
2024-02-05,86.55428314208984,87.21633765539885,86.45313553503597,87.01404244129108,53827400
2024-02-06,87.40025329589844,87.49220376077773,86.62785395709669,86.6554383950234,33411500
2024-02-07,86.97724914550781,87.56574742339468,86.91288313290023,86.95886186277818,40120200
2024-02-08,86.47151947021484,86.71059624144485,86.12210497023972,86.45312517184445,50087700
2024-02-09,86.29681396484375,86.44394029928428,86.12211021190782,86.21406066324828,27951300
2024-02-12,86.39794921875,86.56346281365707,85.97497159073608,86.34278035890388,27890300
2024-02-13,84.91754913330078,85.57040655762657,84.89916184636901,85.38650562682552,49768500
2024-02-14,85.3497085571289,85.56120090302403,84.80719599890546,84.8715620145484,44191600
2024-02-15,85.79109954833984,86.1772957277989,85.51524112565701,86.03016936493577,49598500
2024-02-16,85.2945556640625,85.37730897879939,84.9083524825111,85.03709155327549,33116800
2024-02-20,85.36810302734375,85.6899401480215,85.2577652857355,85.32213130679702,24469300
2024-02-21,84.76121520996094,85.42326964929062,84.60489874938848,85.35890363520964,36343100
2024-02-22,85.17499542236328,85.2945373162073,84.84396820388184,84.89914408387499,45190700
2024-02-23,86.3152084350586,86.43474332050063,85.28534513804716,85.28534513804716,38406700
2024-02-26,86.0577392578125,86.4623296719272,85.68993744356632,86.43474523739572,27855000
2024-02-27,85.45086669921875,85.94740760203432,85.3773035250156,85.73591523004289,30242000
2024-02-28,85.9933853149414,86.06694849426918,85.42328821357845,85.58880185938047,34574200
2024-02-29,86.60025024414062,86.7105949866583,86.23244145111764,86.26922303195686,51038600
2024-03-01,87.13986206054688,87.17675921537177,85.79314757779538,86.18978319539713,45832800
2024-03-04,86.78936004638672,86.85393535836448,86.41117644891804,86.42962151133017,23864200
2024-03-05,88.02537536621094,88.25597731288576,87.60106862881881,87.84089662383624,37721900
2024-03-06,88.54192352294922,88.70795720989231,88.00693234272198,88.08071961893096,40571600
2024-03-07,88.45889282226562,88.92009663568994,88.07148330796801,88.88319948612659,39075000
2024-03-08,88.3021011352539,88.5972713475672,88.07149918696499,88.36666939927828,25023200
2024-03-11,88.2559814453125,88.56037771815518,87.97003727001903,88.51425451169541,17787900
2024-03-12,87.51805114746094,87.8224474160639,87.34279844766392,87.66563977614594,29566000
2024-03-13,87.0937271118164,87.3888972731949,86.90002235316912,87.16752141151397,38270100
2024-03-14,85.75624084472656,86.4757176899208,85.6547754396441,86.45727263327485,58365600
2024-03-15,85.72857666015625,85.95917859260778,85.59021409320283,85.839261083789,34997700
2024-03-18,85.47030639648438,85.77469560876854,85.32271777696612,85.53487465817044,29519500
2024-03-19,85.71012115478516,86.03296243989115,85.49797132632074,85.64555289776396,26953100
2024-03-20,85.68246459960938,86.51263307186052,85.12902129724642,85.87616940356574,43460100
2024-03-21,85.86693572998047,86.18055803049967,85.53487540797894,86.03296940968762,34276600
2024-03-22,86.6878890991211,86.9000389545159,86.5034033146331,86.88159389477366,30262300
2024-03-25,86.25437927246094,86.47575523538734,86.06067442522347,86.43885806866378,24011800
2024-03-26,86.49418640136719,86.58643282206059,86.04220849710768,86.25436541232311,34423000
2024-03-27,87.3520278930664,87.3520278930664,86.65100293531489,86.69711910922764,50157800
2024-03-28,87.27821350097656,87.64717092734604,87.00148839378765,87.15829600373586,34540400
2024-04-01,85.6512680053711,86.34536253682242,85.5679729900357,86.33610596607522,48945400
2024-04-02,85.17928314208984,85.32735297299669,84.53145733237477,84.74431609887847,43086300
2024-04-03,85.16075897216797,85.18852868126828,84.26306941068717,84.45741501022593,45494400
2024-04-04,85.77159118652344,85.84562964492656,85.1792976406905,85.72531538484749,47957400
2024-04-05,84.57775115966797,85.30886508127446,84.5684945867955,84.85539186027167,42495900
2024-04-08,84.5684814453125,84.7628270812563,84.3371165843277,84.42966817727779,37879800
2024-04-09,85.35513305664062,85.47544025016362,84.99419735468031,85.02196707075085,32522000
2024-04-10,83.49496459960938,84.49446264251931,83.33763816527066,84.40191103578239,74368900
2024-04-11,83.11550903320312,83.69855299213656,82.83787544100659,83.64302062514118,65751200
2024-04-12,83.55973815917969,84.17053775072411,83.55048158728938,83.88364756838473,47900100
2024-04-15,82.26408386230469,82.60650637533321,81.92166134927616,82.5694871527873,55993100
2024-04-16,81.71807098388672,81.97719849613122,81.24608469475844,81.48670612499768,45103200
2024-04-17,82.62500762939453,82.71755215000556,81.86613126327316,82.24557297668102,57947000
2024-04-18,82.20856475830078,82.61576211562354,81.98644940627534,82.58799946179418,43839500
2024-04-19,82.50470733642578,82.7268156165465,82.28259905630506,82.7268156165465,44826800
2024-04-22,82.36589050292969,82.47694817804235,82.04198110972014,82.0697437633245,24969000
2024-04-23,82.3936538696289,82.86564016707358,81.94943728672415,82.11602027048725,27222700
2024-04-24,81.81061553955078,82.0234672558025,80.97770063516434,81.95868537772218,48986800
2024-04-25,81.23680877685547,81.34786642452407,80.82960446276405,80.94066211043265,49282600
2024-04-26,81.66251373291016,82.00493616157587,81.4866812950055,81.67177030143976,31589800
2024-04-29,82.34738159179688,82.3843937548677,81.88465188576693,82.0512348623655,39228600
2024-04-30,81.64402770996094,82.11601397119857,81.53297004240656,81.82911676185681,41054700
2024-05-01,82.24583435058594,82.84949197591158,81.94865003917788,82.28298327519106,59679500
2024-05-02,82.59873962402344,82.66374846602741,81.75361759253936,81.9207841984685,58925400
2024-05-03,83.43455505371094,83.69459747438836,82.9051953825513,83.51814188885798,50066100
2024-05-06,83.75960540771484,83.81532524025951,83.276676574223,83.46242115842425,23868200
2024-05-07,84.27040100097656,84.73475191008444,84.14967231536424,84.41899669289872,30525800
2024-05-08,83.75960540771484,84.01035173959727,83.73174549144251,83.87104507280418,31171700
2024-05-09,84.1682357788086,84.29825345500768,83.4159896400236,83.46242756099412,39606700
2024-05-10,83.69458770751953,83.93604501325268,83.5459920559016,83.8431762737068,21913800
2024-05-13,83.90821838378906,84.14968287073454,83.87106945614872,84.09396302199076,23157500
2024-05-14,84.38182830810547,84.43754813700878,83.9731973349987,84.18680182151294,25746400
2024-05-15,85.53343963623047,85.68203533439927,85.0969486296507,85.3198421769039,65142900
2024-05-16,85.4498519897461,85.83061603168139,85.38484314915068,85.80275611220225,37902400
2024-05-17,84.87406921386719,85.25484040796078,84.82763128297606,85.10624469745594,24755000
2024-05-20,84.62329864501953,84.80903614467985,84.52114089457693,84.58614972800119,17922800
2024-05-21,85.05979919433594,85.22696581105559,84.91121058249226,85.1898239721693,15334400
2024-05-22,85.16194152832031,85.23623936349126,84.75331760574313,84.76259952106584,38073700
2024-05-23,84.61400604248047,85.25481243426356,84.34468171963586,85.25481243426356,51294700
2024-05-24,84.86476135253906,84.94834819248231,84.41898849094798,84.48399732848968,19164400
2024-05-28,83.64816284179688,84.84618889945988,83.61101392309821,84.81832898179381,45973700
2024-05-29,82.63589477539062,83.02594785681835,82.35728138269486,82.97022092701945,45508400
2024-05-30,83.43455505371094,83.5552908060976,83.0630800521776,83.21166863570464,29548600
2024-05-31,84.00106811523438,84.196101712486,83.81533060457703,84.02893511872165,41308800
2024-06-03,85.35973358154297,85.4249645356971,84.43717948432277,84.46513459186872,42272100
2024-06-04,86.35684967041016,86.47799796374444,85.72317442178394,85.91886730758358,42581500
2024-06-05,86.99053955078125,86.99053955078125,86.09594030395124,86.66438468625617,43153900
2024-06-06,86.86006927490234,87.06508291569767,86.53391444165621,86.58982466745779,22891900
2024-06-07,85.26655578613281,85.57407621823282,85.17336971539866,85.57407621823282,35240500
2024-06-10,84.6981201171875,84.85653716449438,84.47447210277531,84.80062693830187,20586500
2024-06-11,85.5740737915039,85.61134964066878,84.72606421969584,84.82857102748893,30329200
2024-06-12,86.21708679199219,87.19555855517771,86.18913167469717,86.68302437262467,42554600
2024-06-13,87.48441314697266,87.58691995485461,86.61776920465142,86.86937940932215,33093800
2024-06-14,88.22061920166016,88.37903627166727,87.81991260069653,87.98765041295208,28776700
2024-06-17,87.34464263916016,87.41918723221436,86.92529464372709,87.14894264217304,31040200
2024-06-18,88.14604949951172,88.15537023985854,87.34464357072953,87.4937398680698,26881000
2024-06-20,87.55896759033203,87.59624344069782,86.98120257412457,87.04644064449582,30246300
2024-06-21,87.55896759033203,88.04354653544577,87.21417130667962,87.81989143325104,22596400
2024-06-24,87.91307067871094,87.91307067871094,87.35394718591787,87.64283322641303,56939100
2024-06-25,88.06218719482422,88.10878378851956,87.63352554946677,87.66148066182717,22890200
2024-06-26,86.80416870117188,87.10236845467513,86.7668928432786,86.92530990709281,38489100
2024-06-27,87.1489486694336,87.32600719817134,87.0557625894398,87.1489486694336,23140800
2024-06-28,85.5274887084961,87.38191801866374,85.5274887084961,87.34464927412644,55119600
2024-07-01,84.0513687133789,85.1451285119167,83.96722950381574,84.52813141596937,49735400
2024-07-02,84.70575714111328,84.8927220766905,84.21029364280403,84.77119558179082,34204700
2024-07-03,85.81822967529297,85.90236176830258,85.15448765768868,85.22927649520129,35563300
2024-07-05,86.5287094116211,86.68763748758097,85.9117192816089,86.25760520234445,34895500
2024-07-08,86.71566772460938,86.79979981121167,86.21085380822888,86.51000200324077,16095700
2024-07-09,86.3323974609375,86.6408961042746,85.88367864540805,86.44458073094836,30289800
2024-07-10,86.6034927368164,86.64088715629138,86.24825645018846,86.42587102737431,23572500
2024-07-11,87.44483947753906,88.00574144186199,87.37940103390565,87.5757163648059,49761800
2024-07-12,87.81877136230469,87.81877136230469,87.25786229852761,87.43548397754068,27796500
2024-07-15,86.80914306640625,87.22047447535031,86.7343542407337,86.94001994520573,37918900
2024-07-16,88.0337905883789,88.07118500580854,87.30461727914063,87.43549417401644,36383700
2024-07-17,88.0524673461914,88.24878263495852,87.5850479541972,87.80005688045235,29036800
2024-07-18,87.37938690185547,88.00572720851248,87.29524769807455,87.57570220100523,34553100
2024-07-19,86.86522674560547,87.0895932113256,86.7717442843494,86.97740997846553,32164700
2024-07-22,86.61283874511719,87.4261441477399,86.2856465065761,87.31396802724346,36160400
2024-07-23,86.49131774902344,86.9680877275997,86.46327371479958,86.76242196694888,23498000
2024-07-24,85.55646514892578,86.79980277436765,85.50972747663639,86.55674262879307,50757100
2024-07-25,86.2575912475586,86.8091499654091,85.967793440365,86.03323188496535,44999100
2024-07-26,86.9306869506836,87.0802646319539,86.66893314071696,86.89329253036601,34423800
2024-07-29,87.39808654785156,87.5850586067421,87.14568318366781,87.56635783472565,25801300
2024-07-30,87.7346420288086,87.9216141152058,87.22048483879189,87.6411595517379,28169800
2024-07-31,88.63208770751953,88.66013173775079,88.09922973635781,88.37033391568653,47445300
2024-08-01,89.39653015136719,89.95930913676128,89.21832348495565,89.23707944498716,77254200
2024-08-02,92.18224334716797,92.26666304311365,90.87848608647924,90.98166173928462,91912900
2024-08-05,92.66999053955078,93.73925905565063,91.82582930156896,93.5047702204352,90686300
2024-08-06,90.59709930419922,92.30418482586968,90.59709930419922,92.06031444334089,61316900
2024-08-07,89.95928192138672,90.46577140536188,89.57471687477866,89.99679383010125,51337100
2024-08-08,89.40589904785156,89.48093718941492,88.95567735450251,89.21831084997423,37815800
2024-08-09,90.28759765625,90.5502240490234,90.1281397840383,90.52208652923089,32141800
2024-08-12,90.6158676147461,90.81283738099773,89.9311570554634,90.07185179022358,24261400
2024-08-13,91.24429321289062,91.31933135661926,90.96291090795513,91.26305632683841,30366900
2024-08-14,91.81645965576172,92.06971163802616,91.46003915616735,91.49755823339291,31334100
2024-08-15,91.07545471191406,91.07545471191406,90.2406750993566,90.42827044579302,38723700
2024-08-16,91.39436340332031,91.48815749870836,90.99104235272401,91.39436340332031,28541000
2024-08-19,91.81645965576172,92.06971163802616,91.3662450411196,91.37561944340177,25322100
2024-08-20,92.54804229736328,92.72625608382509,92.0321712062837,92.21975939285254,25239300
2024-08-21,92.60432434082031,93.04515729420632,92.11658360681574,92.54804216010864,29230000
2024-08-22,91.68512725830078,92.20100551705136,91.38498185939976,92.13534893466772,33453800
2024-08-23,92.28543853759766,92.54806492541856,91.88211739743488,92.0978503051634,32005100
2024-08-26,92.05091857910156,92.57617117734078,91.99464355958449,92.5667967781079,23198700
2024-08-27,91.8914794921875,91.99465514498226,91.36622682780029,91.44125781126215,21507700
2024-08-28,91.77892303466797,92.10720595259879,91.66637298053791,91.92899931488257,18501400
2024-08-29,91.4787826538086,91.58195831311428,91.10359908869985,91.32871352138388,24988200
2024-08-30,90.50331115722656,91.91024420460322,90.48455519858209,91.6194803314088,42896200
2024-09-03,91.98351287841797,92.2752230003943,91.67297857993489,91.80471909820291,48947900
2024-09-04,93.16918182373047,93.18799882033203,92.03996818600818,92.105838443093,40885200
2024-09-05,93.6961441040039,93.79965553385846,92.95274709837558,93.47970915631177,47450900
2024-09-06,93.68672943115234,94.83476003654104,93.3385611579019,93.67732452274839,57406400
2024-09-09,94.09136199951172,94.19487342535311,93.31033103087121,93.53617087847091,26961400
2024-09-10,94.75008392333984,94.95710680167365,93.93140449883438,93.97845776366306,31703400
2024-09-11,94.6748046875,95.26763707552476,94.43014062511435,94.56188115578651,39497100
2024-09-12,94.23251342773438,94.61833004277958,93.8090628213221,94.43953627684944,41618700
2024-09-13,94.48658752441406,94.67478619452159,94.11958791286196,94.53363360228141,25722100
2024-09-16,95.3523178100586,95.38995898188465,94.48659239601778,94.6936080720819,30866300
2024-09-17,94.8912353515625,95.64404456043982,94.79713599528301,95.48407493683261,31699400
2024-09-18,93.71495056152344,94.78770591204004,93.66790448553824,94.32660698388119,48897000
2024-09-19,93.40442657470703,93.45147265224784,92.94332763130151,93.084480222562,39979800
2024-09-20,93.04685974121094,93.39503525315848,92.89630220855837,93.15037118586235,37067600
2024-09-23,92.84922790527344,93.24444941568058,92.23757146527058,92.68925831953516,35703900
2024-09-24,92.83041381835938,93.05625366290721,92.07760476410765,92.21875735919475,31005400
2024-09-25,92.05877685546875,92.51986857739588,92.02113568928635,92.46341041778147,36738200
2024-09-26,92.27523803710938,92.4540318464598,91.67299351851119,92.2846501268965,33332300
2024-09-27,92.755126953125,92.9339207101363,92.41636361316615,92.72689787134824,28317600
2024-09-30,92.3128662109375,92.88688155862202,92.10584334071423,92.82101129803462,34175500
2024-10-01,92.97935485839844,93.77235951522358,92.88495142848402,93.27201485440915,45254200
2024-10-02,92.19580841064453,92.26189153793116,91.62937337387822,91.91259089226138,35810800
2024-10-03,91.3272933959961,92.05421512082638,91.3272933959961,91.89372132542785,39677800
2024-10-04,90.20386505126953,90.59092131108495,90.0622562918168,90.1000191078389,56954100
2024-10-07,89.52415466308594,89.93953126164035,89.45807153132584,89.66576343186364,42606600
2024-10-08,89.67520904541016,89.71297186826091,89.06157577849902,89.10878110769296,33709600
2024-10-09,89.1654052734375,89.59967405475834,88.95772058989708,89.3730971594986,35807700
2024-10-10,88.81610107421875,88.82553637515467,88.18359019056201,88.62728701770344,53667400
2024-10-11,88.45736694335938,88.80666758146437,88.19303443993743,88.24968226389966,27406400
2024-10-14,88.52345275878906,88.53289526348973,87.77766054541257,87.83430116857515,28795300
2024-10-15,89.59968566894531,89.68464661379011,89.0898983923117,89.1748593371565,46429100
2024-10-16,89.977294921875,90.26995496742568,89.81680834360216,90.05282055959913,32281500
2024-10-17,88.5517807006836,89.15597135907247,88.42904974654408,89.01436259796115,43427200
2024-10-18,88.61785125732422,89.00490746676425,88.60840875391746,88.7877803060471,25258600
2024-10-21,87.06963348388672,87.88150891406379,87.06963348388672,87.81542577896141,49504700
2024-10-22,87.15457916259766,87.56996291192654,86.93744478385203,87.46611697459431,32096900
2024-10-23,86.91856384277344,87.20178133483023,86.5315076196505,86.70142947186055,33354200
2024-10-24,87.47555541992188,87.79652851858671,86.81471701278615,87.06961419350934,32507400
2024-10-25,86.98468017578125,87.83432577383718,86.87139169519953,87.78712043963078,28667100
2024-10-28,86.7486343383789,87.1262552583239,86.30493029763255,87.10737025094065,33156500
2024-10-29,86.88081359863281,86.90913391143134,85.88956663807886,86.06893101997659,46545200
2024-10-30,87.1357192993164,88.07032572523356,87.00355302504617,87.6454993843463,41951100
2024-10-31,87.27729797363281,87.73988701470698,86.72975521070971,87.04128580258187,52173800
2024-11-01,86.04683685302734,87.638192181079,86.00895380694831,87.3919162474123,80402000
2024-11-04,87.38245391845703,87.68556891668898,86.7951654476438,87.41086982034884,49747600
2024-11-05,87.84658813476562,87.9981492316941,86.76674061305835,87.17405202751502,46986000
2024-11-06,85.44061279296875,85.93317914770509,84.82491568979499,84.91016338955833,98895700
2024-11-07,86.510986328125,86.78568538358695,85.86686614938019,85.96158821720108,56221400
2024-11-08,87.60978698730469,87.71398344382929,86.99408262424964,87.145643734406,56756200
2024-11-11,87.18352508544922,87.42980825082124,86.78568805226956,87.38244360203905,22369200
2024-11-12,85.87635040283203,87.0035554251784,85.73426367134076,86.54888655660396,57908400
2024-11-13,85.06172943115234,86.70991676376791,84.98594887574136,86.6909680114994,49009100
2024-11-14,85.55426788330078,86.22680388944686,85.5069032409234,85.7816022676867,53328300
2024-11-15,85.32695007324219,85.86687385780479,84.78702628867958,85.17538896965841,73722400
2024-11-18,85.47850799560547,85.810038891847,84.70177537005465,84.92911703619015,36010600
2024-11-19,85.91423034667969,86.26470997477595,85.83845702254439,86.0279011731293,29585100
2024-11-20,85.63954162597656,86.037378692842,85.35536816288334,85.3932584397512,27755400
2024-11-21,85.57323455810547,86.0563265904048,85.25117802112719,85.67743102050007,28365700
2024-11-22,85.62059783935547,85.91423846857067,85.39326339179635,85.73426867655093,21547500
2024-11-25,87.83712768554688,87.88448511182575,87.13616839903783,87.33508693380453,56858000
2024-11-26,87.49613189697266,87.56243808241135,86.96567518663089,87.29721334065657,31122200
2024-11-27,88.10234832763672,88.4528207278656,87.78028460039737,88.13076422745732,39442200
2024-11-29,89.0116958618164,89.03063738664095,88.50966234540613,88.83171885524243,31905700
2024-12-02,89.22557067871094,89.49171588102388,88.3986132984561,88.65525124299705,39406000
2024-12-03,88.45564270019531,89.3776509061728,88.38910639934709,89.28260008380576,32768900
2024-12-04,89.40617370605469,89.52974631329539,87.96138221732475,88.02791852433376,35851100
2024-12-05,89.58675384521484,89.7198264272723,89.02594899967441,89.08297803429566,23695800
2024-12-06,89.71984100341797,90.15708059434364,89.36814497832181,90.03351524861888,31761500
2024-12-09,88.89288330078125,89.3871591858008,88.84536151501094,89.33963014811751,30509600
2024-12-10,88.47465515136719,88.68377130684297,88.31306803192234,88.4176188577475,28706500
2024-12-11,87.6382064819336,88.67428019031655,87.55266290380197,88.4651639967761,38748400
2024-12-12,86.5736083984375,87.21045686066672,86.49756484273212,87.10589878454996,45368400
2024-12-13,85.68961334228516,86.35497625765277,85.62307705074839,86.30745447907616,39486000
2024-12-16,85.9462661743164,86.13637507736603,85.5945773945226,86.06983877427695,23482300
2024-12-17,86.15535736083984,86.48803877982378,85.98426302366082,86.04129205208348,23839900
2024-12-18,85.07806396484375,86.23266664853472,85.05897553166635,85.85097806613257,61328400
2024-12-19,83.78986358642578,84.34331166358261,83.50360261142008,84.03796225551405,99083300
2024-12-20,84.26698303222656,84.83951961406302,84.24790187688104,84.47691214155259,45542400
2024-12-23,83.49405670166016,84.19063889224547,83.43680596384087,84.1238439380883,32764600
2024-12-24,83.84712982177734,83.86621097660586,82.99787646986417,83.05512721445454,22377600
2024-12-26,83.79940032958984,83.93299022869957,83.20778271917285,83.21732693485312,19981800
2024-12-27,83.11238098144531,83.76124947078358,83.0742113902954,83.47498845731691,27262300
2024-12-30,83.78033447265625,84.00934473006457,83.6562814864771,83.80895984481919,48519600
2024-12-31,83.33184814453125,84.23835220692479,83.26505318498756,84.09521807072987,31917300
2025-01-02,83.56085205078125,84.08567475028536,83.21733306203383,83.7803253469659,27841300
2025-01-03,83.29368591308594,83.85667101037892,83.18872135594569,83.70399992369641,21962200
2025-01-06,82.9215316772461,83.23642531138718,82.70205837099809,83.06466580913789,30231500
2025-01-07,81.98638916015625,82.79747280971362,81.86234347072875,82.63525753582292,41757200
2025-01-08,82.09135437011719,82.2535696453372,81.43294177291327,81.5569947434612,44590800
2025-01-10,81.54745483398438,81.9195992050743,81.26119385320212,81.3756953334733,47115800
2025-01-13,81.51883697509766,81.73831029934695,81.14669256971817,81.61425731081715,33258900
2025-01-14,81.3852310180664,81.45202596792349,81.00354247026728,81.32798028393277,33412900
2025-01-15,82.78795623779297,82.99788536392684,82.44443717322949,82.73069820696197,54120700
2025-01-16,83.05512237548828,83.39864138322608,82.32991477247464,82.67343378021245,34651100
2025-01-17,83.19825744628906,83.47498149897983,83.0551233114346,83.4272676939935,29875600
2025-01-21,83.94253540039062,84.13337603554841,83.6180975844981,83.86619623428608,30548600
2025-01-22,83.50360107421875,83.9520846015862,83.32229736397981,83.84712006198514,25278400
2025-01-23,82.854736328125,83.00740739601152,82.56846806569435,82.67343260991197,31949000
2025-01-24,83.22688293457031,83.28413367655101,82.63526524038657,82.74977400445249,21110400
2025-01-27,84.209716796875,84.38147628381215,83.82802823922536,84.12384069345828,42864200
2025-01-28,84.15247344970703,84.1620103864104,83.64673916046273,83.81849138237573,25519100
2025-01-29,83.980712890625,84.56278634679586,83.618105457539,84.38148263025286,25342800
2025-01-30,84.29559326171875,84.64865645307661,84.13337799005585,84.3623954936898,25094900
2025-01-31,83.74215698242188,84.6009544668109,83.42726335812854,84.33376736491999,48790100
2025-02-03,84.42398834228516,85.32414836672483,84.07924371809003,84.82618796848662,70657200
2025-02-04,84.68255615234375,84.70170538725822,83.77281771927304,83.83985100059319,33414000
2025-02-05,86.0806655883789,86.35837692444893,85.60185445158469,85.65930945005499,48331200
2025-02-06,86.04237365722656,86.32966330793356,85.75509131259888,86.05195192720461,22509900
2025-02-07,85.48695373535156,85.65932607028552,85.17094387637228,85.4582262305425,31171200
2025-02-10,85.2283935546875,85.735932257445,85.08474873354805,85.47737742425727,22736100
2025-02-11,84.68255615234375,84.92196177221287,84.63467210593805,84.77831693907545,21513000
2025-02-12,83.53340148925781,83.88771708576904,83.1790785866678,83.59085649278315,48536200
2025-02-13,84.92194366455078,85.12304346563134,84.33779349214045,84.35694272297177,42718100
2025-02-14,85.37203216552734,85.87957083136448,85.34330466460501,85.59228120998415,27460700
2025-02-18,84.36653900146484,85.07517759074986,84.3090839906276,84.7878952304839,29429200
2025-02-19,84.47187042236328,84.70169775101533,84.16543154880087,84.22288655444412,20584300
2025-02-20,84.78788757324219,84.99856566872526,84.70169775869046,84.70169775869046,27913400
2025-02-21,85.81255340576172,86.11899231564783,85.05603074877537,85.10391479654004,46912300
2025-02-24,86.06153106689453,86.24347436184026,85.47738079567856,85.5444140740437,26218000
2025-02-25,87.54582977294922,87.62244131116096,86.95210861700421,87.11490265614536,50125100
2025-02-26,88.06295776367188,88.15871854543165,87.33516267135478,87.54584077487388,32220200
2025-02-27,87.44049072265625,87.90015264578643,87.27769668353702,87.44049072265625,53373600
2025-02-28,88.51303100585938,88.5609150441155,87.59371445875377,87.95760830883354,49388600
2025-03-03,88.92610168457031,89.06059017977067,87.77334106026056,87.811767391614,42904200
2025-03-04,87.83097839355469,89.13744436560224,87.67727306551454,88.8012231218562,56722000
2025-03-05,87.12971496582031,88.18642082563056,87.04326121133063,87.95586282217717,50215900
2025-03-06,86.8415298461914,87.22578586236185,86.19790523332344,86.91838251524028,42827500
2025-03-07,86.56295013427734,87.57162132720273,86.44767112309107,87.55240449413449,36903600
2025-03-10,87.46595001220703,88.02311357233278,87.3314614981345,87.49476793249767,41440800
2025-03-11,86.8415298461914,87.88861997795507,86.59176233631955,87.38909228728525,40555700
2025-03-12,86.32278442382812,86.8223121092905,86.24593175558043,86.45727292872468,32734600
2025-03-13,87.0816879272461,87.13932376382537,85.86167563977646,86.0538073101638,38675400
2025-03-14,86.6205825805664,86.85114059390312,86.32278764134912,86.46688456741605,24658000
2025-03-17,87.05287170410156,87.5908257335138,86.8223136951472,87.22578654628035,26700300
2025-03-18,87.13932800292969,87.43712294517472,86.57255603813117,86.59176554156748,23654700
2025-03-19,87.5908203125,87.62924664494751,86.82230832169677,87.11050215051635,31378700
2025-03-20,87.6484603881836,88.6090967586387,87.57161504864332,88.57067042433164,35645800
2025-03-21,87.12971496582031,87.84059114952426,87.0528696270763,87.73492056354324,29192100
2025-03-24,86.23633575439453,86.70705291837092,86.16909149226575,86.6494097443499,27985600
2025-03-25,86.22673034667969,86.53413371945089,85.98657123266861,86.04420707472742,22333800
2025-03-26,85.65994262695312,86.07301655571045,85.58308995902762,85.87128379921135,25095600
2025-03-27,85.41018676757812,85.52545844621996,85.1412024162408,85.35254359918304,23674500
2025-03-28,86.59176635742188,86.7838907098919,86.2747545796795,86.34199883595144,39869400
2025-03-31,87.44673156738281,87.74452651032922,86.80310692917483,87.63886324756936,38824300
2025-04-01,88.20450592041016,88.6094289151777,87.93456216084233,87.97312660584,39800100
2025-04-02,88.14665222167969,89.05289818048536,87.40430697305572,89.05289818048536,43488400
2025-04-03,88.55156707763672,89.39997004664683,88.54192412878483,89.19750489783135,57467400
2025-04-04,89.51566314697266,90.7111314603846,89.48674165352635,90.28693729747964,92794200
2025-04-07,86.81621551513672,88.8793653420967,86.5751932703478,88.58049275687611,124987600
2025-04-08,85.1772689819336,86.96083231377152,85.05194004913754,86.0738721230241,73861900
2025-04-09,85.67859649658203,85.71716094122073,82.80560789203298,84.13604813269717,131353500
2025-04-10,83.31657409667969,85.01337288747455,83.24908815726593,84.5891713509219,78592000
2025-04-11,83.76969146728516,84.16497148243786,81.94756387082589,82.78632393721794,94814100
2025-04-14,84.367431640625,84.56024650118104,83.70220786750039,84.26138126069453,37596400
2025-04-15,84.66629028320312,85.02300583839053,83.91430208805416,84.02035245972029,22553900
2025-04-16,85.13870239257812,85.32188166740505,84.32887111413115,84.64702226869923,35607300
2025-04-17,84.38670349121094,85.0326413137968,84.09748122331713,84.87839090866974,31758400
2025-04-21,82.91165924072266,83.94323424171037,82.89238069588684,83.49011120620268,39343200
2025-04-22,83.3744125366211,83.89501407752556,83.29728365818536,83.70219923685092,32552100
2025-04-23,84.18424224853516,85.86175487092916,84.03962744280483,85.68821857513568,44082200
2025-04-24,85.07121276855469,85.17726314881803,84.60845415960146,84.86875495771072,24190800
2025-04-25,85.69786834716797,85.90996909840533,85.41828166193828,85.70751129642834,22513900
2025-04-28,86.23774719238281,86.31487606792,85.42791606548569,85.47612345155004,20130500
2025-04-29,86.9608154296875,86.97045837815833,86.09314130809156,86.11241984961866,22129500
2025-04-30,86.25704956054688,86.81622298184907,86.1220776802899,86.55591481605647,42630600
2025-05-01,85.8196792602539,86.39058122314368,85.44230163470434,86.37123174240176,29932800
2025-05-02,84.89075469970703,85.21974757117933,84.70690139948385,84.87139783522,32090400
2025-05-05,84.41659545898438,84.58109925375231,84.0198683833198,84.52303605104846,22862800
2025-05-06,84.69721984863281,84.69721984863281,83.8360239726878,83.99084935296038,21095200
2025-05-07,85.05524444580078,85.35520937943085,84.97783175890265,85.07459392628525,23161600
2025-05-08,84.1069564819336,85.21006141836293,84.07792857031389,85.17135507537662,25483700
2025-05-09,84.23274993896484,84.48433008269896,84.10695248461808,84.18436516691152,17007900
2025-05-12,83.44895935058594,83.97148388172408,83.40058196107,83.58442785319808,32115000
2025-05-13,83.11029052734375,83.4973465672019,82.73291291866403,83.34252119826667,53912200
2025-05-14,82.55873107910156,83.09093401165165,82.44261206223264,82.97481499478273,42119800
2025-05-15,83.28445434570312,83.52636341576529,82.7135524839463,82.85869202000045,59448000
2025-05-16,83.50702667236328,84.07792862117643,83.41025712359895,84.0585791409116,31778200
2025-05-19,83.26509857177734,83.33283281097344,82.08458121794955,82.16199388631036,49361900
2025-05-20,82.6651840209961,82.82968044928704,82.30715586899777,82.6651840209961,35493100
2025-05-21,81.2524185180664,82.30713850546606,81.04921578790167,81.93943938171256,77053100
2025-05-22,81.67819213867188,81.69754161839758,80.60411514313876,80.81698895004094,61747900
2025-05-23,81.81365203857422,82.0749105910298,81.58141401141471,82.02652582308514,47139200
2025-05-27,82.9554672241211,83.24575369854978,82.39423637142107,82.58776068770686,56773400
2025-05-28,82.59744262695312,82.77161747200095,82.22006502642945,82.64582739931966,34806800
2025-05-29,83.36187744140625,83.4683180361386,82.86838080969083,82.99417088415639,38933200
2025-05-30,83.48766326904297,83.6715165383157,83.10060725174856,83.30380999977024,49042100
2025-06-02,82.7106704711914,83.01175202136905,82.35130957487901,82.83692880288753,46213100
2025-06-03,82.56499481201172,83.27399483486157,82.44844351334108,82.98262770312856,33731300
2025-06-04,83.90530395507812,84.15782807156748,83.1865894496451,83.32256226391722,57441500
2025-06-05,83.96357727050781,84.42977507701701,83.74019653340177,84.1869654175766,37664700
2025-06-06,82.89520263671875,83.45852273249503,82.82721623963965,83.32254993833682,38130100
2025-06-09,82.98262023925781,83.17686497627516,82.59412335526139,82.59412335526139,26560800
2025-06-10,83.40995788574219,83.7013323933458,83.06031144060248,83.62363153665662,24857000
2025-06-11,83.66249084472656,83.91501495078785,83.24485795814772,83.34198033433674,36334800
2025-06-12,84.6628646850586,84.69200065667357,84.10925899448718,84.39091907003576,43017800
2025-06-13,83.84703063964844,84.38120742700455,83.31284644232981,84.23552756406539,49374000
2025-06-16,83.0020523071289,83.94415496242145,83.0020523071289,83.60422292441967,36496600
2025-06-17,84.01213073730469,84.1675324549877,83.2837018580795,83.5265114844879,34521600
2025-06-18,84.15782928466797,84.58516924569916,83.86645472990615,84.38121002135098,38589000
2025-06-20,84.0024185180664,84.29379304151306,83.47794882183962,83.66248651401996,26001900
2025-06-23,84.27437591552734,84.92511145430055,84.27437591552734,84.42977765910392,36851800
2025-06-24,84.88624572753906,85.07077600234243,83.94414320420859,83.98299363310446,32959100
2025-06-25,84.99309539794922,84.99309539794922,84.30351685325785,84.60459846024573,26345300
2025-06-26,85.42042541503906,85.42042541503906,84.69199652039133,85.0707789528112,30467500
2025-06-27,84.87653350830078,85.62439131685464,84.73084624858596,85.05135673796619,74993500
2025-06-30,85.71180725097656,85.89634495788906,85.09021513396479,85.33302478623385,53695200
2025-07-01,85.92431640625,86.09004112326942,85.45638691847697,85.91456570595324,38960600
2025-07-02,85.37841033935547,85.38815360366168,84.91047333643554,84.99821477843581,39382200
2025-07-03,84.78372955322266,85.09568502295113,84.66674346297258,84.97869893270105,26729100
2025-07-07,83.97460174560547,84.38404195016744,83.76013094199513,84.36454798511464,38314700
2025-07-08,83.86735534667969,83.87710604673047,83.29219048296682,83.41891983320738,31407000
2025-07-09,84.74474334716797,84.74474334716797,84.01359693871004,84.02334764001913,29821900
2025-07-10,84.80322265625,84.87146268213601,84.31579177489134,84.64724864176983,24525500
2025-07-11,83.6333999633789,84.1013294916874,83.48716919668034,84.06234156233315,40764800
2025-07-14,83.45792388916016,83.72113331710916,83.17521305907822,83.38968385690629,24609500
2025-07-15,82.87300872802734,83.75038588877456,82.76577332851348,83.73088448653255,40455000
2025-07-16,82.98998260498047,83.50666560811614,82.07361756780796,83.13621336293942,65987700
2025-07-17,82.97048950195312,83.34093431336642,82.85350340685164,83.07772489639481,31875500
2025-07-18,83.09722137451172,83.31169216988465,82.96074131156632,83.28244750462574,27534900
2025-07-21,83.83811950683594,84.33530113527817,83.79912414013403,84.0525903048936,40019500
2025-07-22,84.34505462646484,84.58877011970056,83.94536508511374,84.00385442345619,35190300
2025-07-23,83.87711334228516,84.03308736863966,83.63339788305174,83.88686404318405,31008500
2025-07-24,83.73087310791016,84.07207322472058,83.36042832931666,83.39942369089566,25164800
2025-07-25,84.25730895996094,84.26705966087097,83.56515794745978,83.64314867952893,27196200
2025-07-28,83.71139526367188,84.03309404283016,83.67239989458473,83.8283739333272,26812500
2025-07-29,85.12494659423828,85.14444056101613,84.03309851451542,84.062350621092,47828300
2025-07-30,84.68624877929688,84.77398277283737,84.38403655824476,84.58875664744465,40670900
2025-07-31,84.73499298095703,85.21268065811486,84.65700224538767,84.93971308362214,49814100
2025-08-01,85.93962097167969,86.04726627790967,85.64604150631864,85.68518593276917,63434500
2025-08-04,86.17449188232422,86.26256872042578,85.77327452174615,86.07663453579569,36425200
2025-08-05,86.43871307373047,86.5561389006274,85.90048648033017,85.96898736803233,28586100
2025-08-06,85.93962097167969,86.16469955726129,85.0588900416325,85.95918945188699,42589300
2025-08-07,85.79285430908203,86.36043744618652,85.71456543512873,86.03750144065762,29213100
2025-08-08,85.42098999023438,85.51884734580025,85.28398819923461,85.48949088573426,21596300
2025-08-11,85.51883697509766,85.7928405238693,85.41119165721783,85.6656267236644,20100900
2025-08-12,85.08824920654297,85.10782515341005,84.69681986163548,85.03932427144763,41052300
2025-08-13,85.79285430908203,85.92985610548132,85.55799515326008,85.56778312901373,30817500
2025-08-14,85.15675354003906,85.63626719924767,85.02953974439157,85.63626719924767,33397400
2025-08-15,84.55004119873047,84.92190211151379,84.40325144214539,84.80447627907546,36343600
2025-08-18,84.3053970336914,84.68704593450231,84.14881929692928,84.64790150031178,26777500
2025-08-19,84.794677734375,84.89253507122103,84.5989555946467,84.5989555946467,28780600
2025-08-20,84.98060607910156,85.10782733889597,84.7066025442157,84.73595899923399,25912500
2025-08-21,84.55982971191406,84.82404530261998,84.26625019687444,84.70661200339667,28643900
2025-08-22,85.18611907958984,85.43076616773796,84.86318313138554,84.97082844745364,49871900
2025-08-25,84.94147491455078,85.18612201111799,84.79468516340307,84.87297402615344,27011900
2025-08-26,84.89253997802734,84.93168440823555,84.37388934333264,84.6576808628147,30259300
2025-08-27,84.794677734375,84.80446570787048,84.15859384582143,84.26623915616294,38142800
2025-08-28,85.35247802734375,85.3916224577019,84.80447093440308,84.92189675944083,32205900
2025-08-29,84.7457504272461,85.0001854911696,84.5891801720878,84.90232814844107,41686400
2025-09-02,84.11510467529297,84.32138863580575,83.96776434237086,84.11510467529297,48760600
2025-09-03,85.03848266601562,85.27423470771589,84.37051230251298,84.40980555853339,52499500
2025-09-04,85.68681335449219,85.69663104804789,85.0483110355112,85.48052187906147,40501600
2025-09-05,86.99327087402344,87.04238931514824,86.58070294849385,86.65928945652479,69668000
2025-09-08,88.15238952636719,88.17203989922373,87.54336286739928,87.59247381069788,54538700
2025-09-09,87.65142059326172,87.96575912050076,87.41566107701621,87.81841129645272,37126400
2025-09-10,88.15238952636719,88.47655322870767,87.61212418355441,87.81840813201981,40713600
2025-09-11,88.74178314208984,88.87931328406385,88.30957231882228,88.31939750633947,46694400
2025-09-12,88.35868072509766,88.38815628680108,87.90681953979774,88.24080845597193,32968600
2025-09-15,88.56497955322266,88.85966774497602,88.47656784960081,88.55515436517076,24820100
2025-09-16,88.7516098022461,88.89895763976,88.44709643396041,88.49620738351682,26794200
2025-09-17,88.52567291259766,89.42939522176425,88.28009570938359,89.10523151486053,49121800
2025-09-18,87.61212921142578,87.88717449183056,87.3272587440289,87.68089053152697,55717900
2025-09-19,87.44513702392578,87.65142849283802,87.2192101685226,87.49425546784248,32509200
2025-09-22,87.13080596923828,87.33709745590966,86.97364042513506,87.24868574813293,24758200
2025-09-23,87.73983001708984,87.77912327213785,87.17991424789433,87.39602340344736,26689000
2025-09-24,87.40585327148438,87.58266918145806,87.13080047141894,87.50408266715364,28098000
2025-09-25,87.40585327148438,87.45496422210776,86.89504842292821,87.27814831213409,29882500
2025-09-26,87.32726287841797,87.88717865272808,87.12097890834816,87.41566708226696,30955100
2025-09-29,88.04434204101562,88.15239661715412,87.68089255256973,87.71036061980351,32286200
2025-09-30,87.78894805908203,88.44709321568459,87.63177503960688,88.0738185360642,38584000
2025-10-01,88.01566314697266,88.36066647863731,87.81851301422958,88.17337573265853,39408900
2025-10-02,88.2719497680664,88.40995109324184,87.91708706889867,88.03536962161579,23208300
2025-10-03,88.10437774658203,88.43952922218674,87.99594705040187,88.35080977962623,25884500
2025-10-06,87.4045181274414,87.8875303626306,87.38480687236665,87.44394815810028,28371000
2025-10-07,87.90723419189453,88.10437680802626,87.54251207949123,87.7002321888036,29103300
2025-10-08,87.97623443603516,88.34095654668252,87.85794435462037,88.32123777285904,22506200
2025-10-09,87.90723419189453,88.01566488691961,87.73966221613169,87.89737480493532,21578700
2025-10-10,89.3266830444336,89.42525435023815,88.61695760982717,88.69581766267423,59389400
2025-10-13,89.27739715576172,89.28725654288398,88.57753108025908,88.99153509328731,28035500
2025-10-14,89.56326293945312,89.62240422362615,89.13939952169176,89.35626092433839,29800000
2025-10-15,89.3661117553711,89.996977127844,89.17882101274343,89.66182566843176,31333900
2025-10-16,90.0363998413086,90.19411994504564,89.1591024456696,89.22810311092744,39631200
2025-10-17,89.89839935302734,89.98711879233774,89.60268543651263,89.94768876603406,40240400
2025-10-20,90.24341583251953,90.2532676993286,89.97726501849417,90.15469638767473,28429300
2025-10-21,90.6869888305664,90.87427958362716,90.59827690785903,90.6771294434293,24514300
2025-10-22,90.74613189697266,90.86442198341766,90.5095592445917,90.67713122667367,30496200
2025-10-23,90.12512969970703,90.47999245363476,89.98712835323617,90.3025610766709,28275100
2025-10-24,90.16455841064453,90.29270036748945,89.85898507943244,90.28284097988315,28266000
2025-10-27,90.47013092041016,90.47999030792693,89.78997607142679,90.01669686125763,30033600
2025-10-28,90.70669555664062,90.8644156609262,90.4996935601472,90.53912358621858,23564500
2025-10-29,89.78997802734375,90.5785635946621,89.7209773542416,90.56870420693056,39551600
2025-10-30,89.26753234863281,89.67168447050898,89.06053035468712,89.09996038027322,42649200
2025-10-31,89.00138854980469,89.36611064393615,88.91266911263396,89.26753182030015,38247300
2025-11-03,88.77880096435547,88.85794590312369,88.46222875695938,88.66009110387994,40752300
2025-11-04,88.97666931152344,89.09537918000431,88.77880695125981,88.81837942331254,26383800
2025-11-05,88.00715637207031,88.59084085884398,87.92801143357951,88.55126838959858,44643400
2025-11-06,88.79859924316406,88.88763164681278,88.57105940993266,88.60073687781556,33027400
2025-11-07,88.6106185913086,88.9074083209738,88.40286879961349,88.40286879961349,28530100
2025-11-10,88.5908432006836,88.70955306388105,88.43255331951771,88.5314807214079,24093500
2025-11-11,88.99645233154297,89.10527474345075,88.81837998002818,88.98655732654845,18942300
2025-11-12,89.15473175048828,89.35258654107888,88.91729694456782,88.98654687604218,23594900
2025-11-13,88.42265319824219,88.9766602025869,88.42265319824219,88.83816033841985,33825900
2025-11-14,87.91812896728516,88.87773309716563,87.91812896728516,88.82827316855908,38550500
2025-11-17,88.1357650756836,88.34352243519135,88.02695021511457,88.1258776186991,25605800
2025-11-18,88.10608673095703,88.49190888446404,87.84887699373704,88.3929814818658,31967400
2025-11-19,87.92801666259766,88.35341129768766,87.8983391958179,88.27427390216737,25782400
2025-11-20,88.2742691040039,88.46222889928484,88.03683428731725,88.03683428731725,32945000
2025-11-21,88.5413818359375,88.70955918552406,88.24459206210918,88.68977672285166,41938600
2025-11-24,89.04591369628906,89.10526862682713,88.81837388309845,88.98655121807417,30865700
2025-11-25,89.27344512939453,89.61969480043277,89.16462272597155,89.34269506360218,36503300
2025-11-26,89.6691665649414,89.6691665649414,88.86784478109513,89.18441700229044,34099000
2025-11-28,89.2437744140625,89.56034664405132,88.98655711854742,89.49109670460619,40704300
2025-12-01,88.13279724121094,88.35121927241828,88.07323035074712,88.2122248115827,47086600
2025-12-02,88.1725082397461,88.32143303582895,87.8250220986393,87.94416345043153,27605700
2025-12-03,88.42071533203125,88.52000358099626,88.10301262938101,88.28172087303614,23278600
2025-12-04,87.94416046142578,88.29164659072238,87.84487979228811,88.27179348674666,25541500
2025-12-05,87.53710174560547,87.91437890088957,87.41796796994075,87.91437890088957,32808100
2025-12-08,87.24918365478516,87.56688635182418,86.93148095774613,87.55696358680687,32255200
2025-12-09,87.33853912353516,87.71580869866244,87.20946743561642,87.70587835929264,25771800
2025-12-10,87.67610168457031,87.88459337965472,87.22933484862232,87.36832931201192,46833500
2025-12-11,87.55696868896484,88.19237412006953,87.52718524291778,88.05337965542977,26778700
2025-12-12,86.71305847167969,86.87191360666844,86.5641412509149,86.75277225542688,47030100
2025-12-15,86.77263641357422,87.24918668838724,86.76270607358185,87.09033912165958,28611800
2025-12-16,87.24918365478516,87.28889743874376,86.54428103243698,86.56414171173118,41018700
2025-12-17,87.16976165771484,87.35839265889489,86.95133963827833,87.00097618611323,24668300
2025-12-18,87.58675384521484,87.74560141877753,87.43782903744145,87.49739593069866,39048900
2025-12-19,87.25984191894531,87.46914501746576,87.12030651993169,87.31964063163431,37858100
2025-12-22,87.07046508789062,87.17013213904643,86.96082905038666,87.1302637977624,25547100
2025-12-23,87.20999908447266,87.28973576576449,86.74155558701871,86.78142392766462,33624100
2025-12-24,87.73824310302734,87.78808043089121,87.35950526523119,87.46914130324483,25942000
2025-12-26,87.44920349121094,87.8777786576588,87.30966809786592,87.8080109609863,26522700
2025-12-29,87.77811431884766,87.77811431884766,87.49904352353228,87.65850929052299,29399800
2025-12-30,87.56880950927734,87.7482132462003,87.37943678582847,87.44920448329246,25106800
2025-12-31,86.87113189697266,87.61864619464647,86.84122493761443,87.38940513088536,36500000
2026-01-02,86.74156188964844,87.12030735125,86.7315929027355,87.11033836433707,40731300
2026-01-05,87.17013549804688,87.22993421022291,86.82129700350518,86.89106470241352,30178000
2026-01-06,86.99073028564453,87.05052899680886,86.61199244142254,86.86116387675224,39015200
2026-01-07,87.49903869628906,87.71831076739949,87.19006856196535,87.54886841892697,39930900
2026-01-08,87.06050109863281,87.2598428164948,86.96083404175633,87.04057072890112,28204900
2026-01-09,87.63858032226562,87.70834802220985,86.83126727946699,87.01067102276768,57348800
2026-01-12,87.37944030761719,87.61865036922819,87.12030748036881,87.21000555039117,36103100
2026-01-13,87.52893829345703,87.61864396102757,87.24986751276374,87.58873700243174,30451400
2026-01-14,88.0372543334961,88.13692138791322,87.59871016913016,87.61864814247889,39233500
2026-01-15,88.01731872558594,88.36616483158424,88.01731872558594,88.34622685769969,37988900
2026-01-16,87.5090103149414,88.0272835497955,87.41930464492111,87.83791082739272,46382400
2026-01-20,86.36282348632812,86.741561341427,86.25318744330575,86.34288551262826,66009500
2026-01-21,87.0206298828125,87.19007223842974,86.3329218901873,86.51232562828707,51220100
2026-01-22,87.39937591552734,87.46914361391465,86.85119571097793,86.9807621210947,42419300
2026-01-23,87.63858032226562,87.7382473787418,87.21000513572001,87.53891326578946,35968800
2026-01-26,88.05718231201172,88.19671770522912,87.90767793239061,88.10701963992163,38882400
2026-01-27,87.5090103149414,87.9575158527169,87.38940528961723,87.81798045855969,35180100
2026-01-28,87.3096694946289,87.4093365480257,87.0006993478662,87.21997142780441,38750300
2026-01-29,87.32960510253906,87.44920252173254,86.79139390384275,86.86116159974179,43855000
2026-01-30,86.84122467041016,87.26979983725546,86.84122467041016,87.09039610220141,45832200
2026-02-02,86.26315307617188,86.77145732412073,86.26315307617188,86.73158898238007,38171400
2026-02-03,86.47245788574219,86.49238825495426,86.14354976292671,86.20334847467177,27438200
2026-02-04,86.25318145751953,86.49238389655505,86.17344477647154,86.34287952061719,37872900
2026-02-05,87.19007110595703,87.19007110595703,86.46248717641684,86.64189091218643,50268900
2026-02-06,87.24987030029297,87.24987030029297,86.91099319568977,87.16016462985644,33461800
2026-02-09,87.22993469238281,87.2897410089983,86.74156079732496,86.91099555216621,24708900
2026-02-10,88.23658752441406,88.23658752441406,87.92761737770252,87.94754774673508,37253700
2026-02-11,87.76814270019531,88.18675648472411,87.64854527956591,87.74821233145995,37014000
2026-02-12,88.93427276611328,88.98410249111875,88.0571844399984,88.067153426643,48454900
2026-02-13,89.42264556884766,89.5123436352341,89.22330385891878,89.33293989835248,56785200
2026-02-17,89.57215118408203,89.8213226218438,89.46251514313815,89.63194989583003,32356700
2026-02-18,89.2332763671875,89.56218449846952,89.17347765390313,89.39274974142448,35415400
2026-02-19,89.32298278808594,89.4226498457629,89.07381134183899,89.10371069873116,28658600
2026-02-20,89.11367797851562,89.4425785021377,88.63526546507879,89.40271015900889,49610800
2026-02-23,89.44257354736328,89.70171396129072,89.2332704606133,89.25320843312768,33614600
2026-02-24,89.60205078125,89.75155516513144,89.46251538405635,89.65188050647124,24933900
2026-02-25,89.61202239990234,89.78145715802692,89.41268068083602,89.41268068083602,23625800
2026-02-26,89.97081756591797,90.02065489409723,89.75155309261174,89.76151447496066,29447100
2026-02-27,90.51899719238281,90.55886553385473,90.24989539258317,90.38943078568056,51272000
2026-03-02,89.61000061035156,89.98999786376953,89.36000061035156,89.9800033569336,55465500
2026-03-03,89.43000030517578,89.66999816894531,88.94000244140625,88.9800033569336,51850400
2026-03-04,89.1500015258789,89.44000244140625,89.0999984741211,89.2699966430664,47069500
2026-03-05,88.79000091552734,88.94000244140625,88.51000213623047,88.62999725341797,45768900
2026-03-06,88.45999908447266,88.94000244140625,88.0199966430664,88.31999969482422,58136900
2026-03-09,89.2300033569336,89.31999969482422,88.20999908447266,88.30000305175781,52465300
2026-03-10,88.73999786376953,88.86000061035156,88.66000366210938,88.80000305175781,8247707
